text,urls,metadata,label
Delivery notification: Your package is out for delivery. Track: https://www.microsoft.org/track/77899,"[""https://www.microsoft.org/track/77899""]","{""from"": ""noreply@amazon.com"", ""subject"": ""Netflix notification"", ""timestamp"": ""2025-11-12 13:20:00"", ""received_spf"": ""pass"", ""dkim"": ""pass"", ""dmarc"": ""pass"", ""relay_hops"": 1}",0
Payment received: Thank you for your payment to Amazon.,"[""https://www.google.net/track/49747""]","{""from"": ""noreply@google.com"", ""subject"": ""Amazon notification"", ""timestamp"": ""2025-08-01 16:26:00"", ""received_spf"": ""pass"", ""dkim"": ""pass"", ""dmarc"": ""pass"", ""relay_hops"": 1}",0
Newsletter: Latest updates from Apple — read more at https://www.bankofamerica.org/track/63004,"[""https://www.bankofamerica.org/track/63004""]","{""from"": ""noreply@stripe.com"", ""subject"": ""Apple notification"", ""timestamp"": ""2025-11-21 02:41:00"", ""received_spf"": ""pass"", ""dkim"": ""pass"", ""dmarc"": ""pass"", ""relay_hops"": 3}",0
Delivery notification: Your package is out for delivery. Track: https://www.bankofamerica.org/track/64345,"[""https://www.bankofamerica.org/track/64345""]","{""from"": ""noreply@amazon.com"", ""subject"": ""Netflix notification"", ""timestamp"": ""2025-02-01 06:12:00"", ""received_spf"": ""pass"", ""dkim"": ""pass"", ""dmarc"": ""pass"", ""relay_hops"": 1}",0
You are eligible for a tax refund. Provide your details here: http://fedex-secure.cf/login/61591,"[""http://fedex-secure.cf/login/61591""]","{""from"": ""security@amazon-alert.xyz"", ""subject"": ""URGENT: Walmart notice"", ""timestamp"": ""2025-05-18 19:45:00"", ""received_spf"": ""neutral"", ""dkim"": """", ""dmarc"": """", ""relay_hops"": 8}",1
Newsletter: Latest updates from Bankofamerica — read more at https://www.dhl.org/track/17153,"[""https://www.dhl.org/track/17153""]","{""from"": ""noreply@fedex.com"", ""subject"": ""Bankofamerica notification"", ""timestamp"": ""2025-10-23 14:15:00"", ""received_spf"": ""pass"", ""dkim"": ""pass"", ""dmarc"": ""pass"", ""relay_hops"": 3}",0
Reminder: Your appointment with Bankofamerica is scheduled at 11:00 AM.,"[""https://www.microsoft.in/track/12601""]","{""from"": ""noreply@paypal.com"", ""subject"": ""Bankofamerica notification"", ""timestamp"": ""2025-12-06 20:48:00"", ""received_spf"": ""pass"", ""dkim"": ""pass"", ""dmarc"": ""pass"", ""relay_hops"": 0}",0
URGENT: Your fedex account has been suspended. Verify immediately: http://amazon-secure.cf/login/2331,"[""http://amazon-secure.cf/login/2331""]","{""from"": ""security@stripe-alert.tk"", ""subject"": ""URGENT: Fedex notice"", ""timestamp"": ""2025-08-31 14:00:00"", ""received_spf"": ""fail"", ""dkim"": ""none"", ""dmarc"": """", ""relay_hops"": 8}",1
Reminder: Your appointment with Apple is scheduled at 09:00 AM.,"[""https://www.fedex.in/track/74703""]","{""from"": ""noreply@apple.com"", ""subject"": ""Apple notification"", ""timestamp"": ""2025-12-05 19:15:00"", ""received_spf"": ""pass"", ""dkim"": ""pass"", ""dmarc"": ""pass"", ""relay_hops"": 3}",0
Your fedex monthly statement is ready. View it at https://www.apple.com/track/68749,"[""https://www.apple.com/track/68749""]","{""from"": ""noreply@paypal.com"", ""subject"": ""Fedex notification"", ""timestamp"": ""2025-12-16 05:52:00"", ""received_spf"": ""pass"", ""dkim"": ""pass"", ""dmarc"": ""pass"", ""relay_hops"": 0}",0
Newsletter: Latest updates from Paypal — read more at https://www.apple.org/track/68968,"[""https://www.apple.org/track/68968""]","{""from"": ""noreply@apple.com"", ""subject"": ""Paypal notification"", ""timestamp"": ""2025-11-03 06:57:00"", ""received_spf"": ""pass"", ""dkim"": ""pass"", ""dmarc"": ""pass"", ""relay_hops"": 1}",0
Congratulations! You won a prize. Claim at http://google-secure.ga/login/31666,"[""http://google-secure.ga/login/31666""]","{""from"": ""security@netflix-alert.ml"", ""subject"": ""URGENT: Walmart notice"", ""timestamp"": ""2025-06-04 19:31:00"", ""received_spf"": ""fail"", ""dkim"": ""fail"", ""dmarc"": ""none"", ""relay_hops"": 7}",1
Reminder: Your appointment with Stripe is scheduled at 10:00 AM.,"[""https://www.apple.in/track/93456""]","{""from"": ""noreply@apple.com"", ""subject"": ""Stripe notification"", ""timestamp"": ""2025-12-26 06:59:00"", ""received_spf"": ""pass"", ""dkim"": ""pass"", ""dmarc"": ""pass"", ""relay_hops"": 3}",0
Payment received: Thank you for your payment to Walmart.,"[""https://www.bankofamerica.com/track/53023""]","{""from"": ""noreply@google.com"", ""subject"": ""Walmart notification"", ""timestamp"": ""2025-10-17 00:04:00"", ""received_spf"": ""pass"", ""dkim"": ""pass"", ""dmarc"": ""pass"", ""relay_hops"": 2}",0
URGENT: Your microsoft account has been suspended. Verify immediately: http://microsoft-secure.cf/login/29029,"[""http://microsoft-secure.cf/login/29029""]","{""from"": ""security@dhl-alert.xyz"", ""subject"": ""URGENT: Microsoft notice"", ""timestamp"": ""2025-10-25 06:34:00"", ""received_spf"": ""none"", ""dkim"": ""none"", ""dmarc"": ""fail"", ""relay_hops"": 8}",1
Payment received: Thank you for your payment to Fedex.,"[""https://www.microsoft.com/track/63496""]","{""from"": ""noreply@bankofamerica.com"", ""subject"": ""Fedex notification"", ""timestamp"": ""2025-01-21 15:22:00"", ""received_spf"": ""pass"", ""dkim"": ""pass"", ""dmarc"": ""pass"", ""relay_hops"": 2}",0
Security Alert: Unusual login activity detected. Confirm your identity: http://tinyurl.com/87362,"[""http://tinyurl.com/87362""]","{""from"": ""security@fedex-alert.xyz"", ""subject"": ""URGENT: Microsoft notice"", ""timestamp"": ""2025-10-09 23:34:00"", ""received_spf"": ""fail"", ""dkim"": ""none"", ""dmarc"": ""fail"", ""relay_hops"": 2}",1
Your microsoft monthly statement is ready. View it at https://www.dhl.co/track/24716,"[""https://www.dhl.co/track/24716""]","{""from"": ""noreply@walmart.com"", ""subject"": ""Microsoft notification"", ""timestamp"": ""2025-05-12 20:43:00"", ""received_spf"": ""pass"", ""dkim"": ""pass"", ""dmarc"": ""pass"", ""relay_hops"": 3}",0
Reminder: Your appointment with Amazon is scheduled at 09:00 AM.,"[""https://www.apple.com/track/3848""]","{""from"": ""noreply@bankofamerica.com"", ""subject"": ""Amazon notification"", ""timestamp"": ""2025-12-12 21:10:00"", ""received_spf"": ""pass"", ""dkim"": ""pass"", ""dmarc"": ""pass"", ""relay_hops"": 0}",0
Delivery notification: Your package is out for delivery. Track: https://www.paypal.org/track/48262,"[""https://www.paypal.org/track/48262""]","{""from"": ""noreply@netflix.com"", ""subject"": ""Apple notification"", ""timestamp"": ""2025-10-04 05:58:00"", ""received_spf"": ""pass"", ""dkim"": ""pass"", ""dmarc"": ""pass"", ""relay_hops"": 2}",0
Your netflix monthly statement is ready. View it at https://www.bankofamerica.com/track/86865,"[""https://www.bankofamerica.com/track/86865""]","{""from"": ""noreply@bankofamerica.com"", ""subject"": ""Netflix notification"", ""timestamp"": ""2025-06-01 06:19:00"", ""received_spf"": ""pass"", ""dkim"": ""pass"", ""dmarc"": ""pass"", ""relay_hops"": 0}",0
Reminder: Your appointment with Microsoft is scheduled at 12:00 PM.,"[""https://www.microsoft.in/track/98518""]","{""from"": ""noreply@stripe.com"", ""subject"": ""Microsoft notification"", ""timestamp"": ""2025-12-04 02:31:00"", ""received_spf"": ""pass"", ""dkim"": ""pass"", ""dmarc"": ""pass"", ""relay_hops"": 3}",0
Your payment could not be processed. Click http://apple-secure.ga/login/56342 to update your billing info.,"[""http://apple-secure.ga/login/56342""]","{""from"": ""security@dhl-alert.ml"", ""subject"": ""URGENT: Bankofamerica notice"", ""timestamp"": ""2025-02-12 04:53:00"", ""received_spf"": ""neutral"", ""dkim"": """", ""dmarc"": """", ""relay_hops"": 6}",1
Delivery notification: Your package is out for delivery. Track: https://www.amazon.com/track/2711,"[""https://www.amazon.com/track/2711""]","{""from"": ""noreply@dhl.com"", ""subject"": ""Apple notification"", ""timestamp"": ""2025-01-02 17:49:00"", ""received_spf"": ""pass"", ""dkim"": ""pass"", ""dmarc"": ""pass"", ""relay_hops"": 0}",0
Reminder: Your appointment with Fedex is scheduled at 11:00 AM.,"[""https://www.paypal.co/track/20014""]","{""from"": ""noreply@apple.com"", ""subject"": ""Fedex notification"", ""timestamp"": ""2025-07-21 13:04:00"", ""received_spf"": ""pass"", ""dkim"": ""pass"", ""dmarc"": ""pass"", ""relay_hops"": 0}",0
Reminder: Your appointment with Paypal is scheduled at 10:00 AM.,"[""https://www.apple.in/track/39028""]","{""from"": ""noreply@apple.com"", ""subject"": ""Paypal notification"", ""timestamp"": ""2025-04-11 10:26:00"", ""received_spf"": ""pass"", ""dkim"": ""pass"", ""dmarc"": ""pass"", ""relay_hops"": 0}",0
Reminder: Your appointment with Microsoft is scheduled at 09:00 AM.,"[""https://www.microsoft.net/track/73142""]","{""from"": ""noreply@microsoft.com"", ""subject"": ""Microsoft notification"", ""timestamp"": ""2025-05-24 13:54:00"", ""received_spf"": ""pass"", ""dkim"": ""pass"", ""dmarc"": ""pass"", ""relay_hops"": 2}",0
You are eligible for a tax refund. Provide your details here: http://google-secure.cf/login/26894,"[""http://google-secure.cf/login/26894""]","{""from"": ""security@dhl-alert.cf"", ""subject"": ""URGENT: Dhl notice"", ""timestamp"": ""2025-05-18 22:46:00"", ""received_spf"": ""fail"", ""dkim"": ""fail"", ""dmarc"": """", ""relay_hops"": 4}",1
You are eligible for a tax refund. Provide your details here: http://fedex-secure.tk/login/85030,"[""http://fedex-secure.tk/login/85030""]","{""from"": ""security@dhl-alert.tk"", ""subject"": ""URGENT: Microsoft notice"", ""timestamp"": ""2025-11-24 01:25:00"", ""received_spf"": ""none"", ""dkim"": """", ""dmarc"": ""fail"", ""relay_hops"": 8}",1
Your paypal monthly statement is ready. View it at https://www.bankofamerica.in/track/31844,"[""https://www.bankofamerica.in/track/31844""]","{""from"": ""noreply@fedex.com"", ""subject"": ""Paypal notification"", ""timestamp"": ""2025-01-03 21:23:00"", ""received_spf"": ""pass"", ""dkim"": ""pass"", ""dmarc"": ""pass"", ""relay_hops"": 2}",0
URGENT: Your google account has been suspended. Verify immediately: http://walmart-secure.ga/login/27089,"[""http://walmart-secure.ga/login/27089""]","{""from"": ""security@walmart-alert.cf"", ""subject"": ""URGENT: Google notice"", ""timestamp"": ""2025-04-21 19:09:00"", ""received_spf"": ""none"", ""dkim"": ""none"", ""dmarc"": ""none"", ""relay_hops"": 8}",1
Congratulations! You won a prize. Claim at http://netflix-secure.ga/login/11005,"[""http://netflix-secure.ga/login/11005""]","{""from"": ""security@walmart-alert.tk"", ""subject"": ""URGENT: Amazon notice"", ""timestamp"": ""2025-07-01 21:15:00"", ""received_spf"": ""neutral"", ""dkim"": ""none"", ""dmarc"": """", ""relay_hops"": 3}",1
Congratulations! You won a prize. Claim at http://apple-secure.tk/login/51044,"[""http://apple-secure.tk/login/51044""]","{""from"": ""security@netflix-alert.xyz"", ""subject"": ""URGENT: Stripe notice"", ""timestamp"": ""2025-10-12 10:25:00"", ""received_spf"": ""softfail"", ""dkim"": ""fail"", ""dmarc"": """", ""relay_hops"": 9}",1
Reminder: Your appointment with Bankofamerica is scheduled at 05:00 PM.,"[""https://www.fedex.in/track/49459""]","{""from"": ""noreply@amazon.com"", ""subject"": ""Bankofamerica notification"", ""timestamp"": ""2025-07-13 22:48:00"", ""received_spf"": ""pass"", ""dkim"": ""pass"", ""dmarc"": ""pass"", ""relay_hops"": 3}",0
Your fedex monthly statement is ready. View it at https://www.apple.net/track/25665,"[""https://www.apple.net/track/25665""]","{""from"": ""noreply@fedex.com"", ""subject"": ""Fedex notification"", ""timestamp"": ""2025-11-02 09:35:00"", ""received_spf"": ""pass"", ""dkim"": ""pass"", ""dmarc"": ""pass"", ""relay_hops"": 1}",0
Reminder: Your appointment with Bankofamerica is scheduled at 04:00 PM.,"[""https://www.google.in/track/29646""]","{""from"": ""noreply@netflix.com"", ""subject"": ""Bankofamerica notification"", ""timestamp"": ""2025-01-26 20:17:00"", ""received_spf"": ""pass"", ""dkim"": ""pass"", ""dmarc"": ""pass"", ""relay_hops"": 0}",0
Reminder: Your appointment with Microsoft is scheduled at 11:00 AM.,"[""https://www.walmart.com/track/66281""]","{""from"": ""noreply@amazon.com"", ""subject"": ""Microsoft notification"", ""timestamp"": ""2025-11-06 08:38:00"", ""received_spf"": ""pass"", ""dkim"": ""pass"", ""dmarc"": ""pass"", ""relay_hops"": 0}",0
Your netflix monthly statement is ready. View it at https://www.google.in/track/66026,"[""https://www.google.in/track/66026""]","{""from"": ""noreply@paypal.com"", ""subject"": ""Netflix notification"", ""timestamp"": ""2025-05-14 22:47:00"", ""received_spf"": ""pass"", ""dkim"": ""pass"", ""dmarc"": ""pass"", ""relay_hops"": 2}",0
Your amazon monthly statement is ready. View it at https://www.paypal.in/track/62715,"[""https://www.paypal.in/track/62715""]","{""from"": ""noreply@paypal.com"", ""subject"": ""Amazon notification"", ""timestamp"": ""2025-01-23 07:48:00"", ""received_spf"": ""pass"", ""dkim"": ""pass"", ""dmarc"": ""pass"", ""relay_hops"": 0}",0
Your payment could not be processed. Click http://ow.ly/10038 to update your billing info.,"[""http://ow.ly/10038""]","{""from"": ""security@google-alert.xyz"", ""subject"": ""URGENT: Paypal notice"", ""timestamp"": ""2025-06-08 23:58:00"", ""received_spf"": ""none"", ""dkim"": ""fail"", ""dmarc"": ""none"", ""relay_hops"": 7}",1
Congratulations! You won a prize. Claim at http://netflix-secure.xyz/login/52176,"[""http://netflix-secure.xyz/login/52176""]","{""from"": ""security@dhl-alert.tk"", ""subject"": ""URGENT: Netflix notice"", ""timestamp"": ""2025-02-17 03:05:00"", ""received_spf"": ""neutral"", ""dkim"": ""fail"", ""dmarc"": ""fail"", ""relay_hops"": 6}",1
Reminder: Your appointment with Dhl is scheduled at 01:00 PM.,"[""https://www.apple.in/track/8119""]","{""from"": ""noreply@fedex.com"", ""subject"": ""Dhl notification"", ""timestamp"": ""2025-04-15 18:52:00"", ""received_spf"": ""pass"", ""dkim"": ""pass"", ""dmarc"": ""pass"", ""relay_hops"": 3}",0
Your microsoft monthly statement is ready. View it at https://www.netflix.in/track/56411,"[""https://www.netflix.in/track/56411""]","{""from"": ""noreply@fedex.com"", ""subject"": ""Microsoft notification"", ""timestamp"": ""2025-07-27 00:11:00"", ""received_spf"": ""pass"", ""dkim"": ""pass"", ""dmarc"": ""pass"", ""relay_hops"": 0}",0
URGENT: Your paypal account has been suspended. Verify immediately: http://bit.ly/57431,"[""http://bit.ly/57431""]","{""from"": ""security@apple-alert.cf"", ""subject"": ""URGENT: Paypal notice"", ""timestamp"": ""2025-06-12 08:34:00"", ""received_spf"": ""fail"", ""dkim"": ""none"", ""dmarc"": """", ""relay_hops"": 8}",1
Your amazon monthly statement is ready. View it at https://www.google.org/track/43588,"[""https://www.google.org/track/43588""]","{""from"": ""noreply@apple.com"", ""subject"": ""Amazon notification"", ""timestamp"": ""2025-06-14 06:45:00"", ""received_spf"": ""pass"", ""dkim"": ""pass"", ""dmarc"": ""pass"", ""relay_hops"": 3}",0
Security Alert: Unusual login activity detected. Confirm your identity: http://stripe-secure.ga/login/5803,"[""http://stripe-secure.ga/login/5803""]","{""from"": ""security@google-alert.tk"", ""subject"": ""URGENT: Walmart notice"", ""timestamp"": ""2025-12-18 14:00:00"", ""received_spf"": ""none"", ""dkim"": ""fail"", ""dmarc"": ""none"", ""relay_hops"": 8}",1
Newsletter: Latest updates from Google — read more at https://www.walmart.com/track/80385,"[""https://www.walmart.com/track/80385""]","{""from"": ""noreply@walmart.com"", ""subject"": ""Google notification"", ""timestamp"": ""2025-01-22 23:44:00"", ""received_spf"": ""pass"", ""dkim"": ""pass"", ""dmarc"": ""pass"", ""relay_hops"": 1}",0
Your payment could not be processed. Click http://dhl-secure.ga/login/46392 to update your billing info.,"[""http://dhl-secure.ga/login/46392""]","{""from"": ""security@google-alert.cf"", ""subject"": ""URGENT: Google notice"", ""timestamp"": ""2025-09-04 18:08:00"", ""received_spf"": ""neutral"", ""dkim"": ""none"", ""dmarc"": """", ""relay_hops"": 6}",1
Security Alert: Unusual login activity detected. Confirm your identity: http://t.co/57277,"[""http://t.co/57277""]","{""from"": ""security@google-alert.ml"", ""subject"": ""URGENT: Fedex notice"", ""timestamp"": ""2025-08-27 06:50:00"", ""received_spf"": ""neutral"", ""dkim"": ""none"", ""dmarc"": ""none"", ""relay_hops"": 4}",1
Your payment could not be processed. Click http://dhl-secure.ga/login/53392 to update your billing info.,"[""http://dhl-secure.ga/login/53392""]","{""from"": ""security@microsoft-alert.gq"", ""subject"": ""URGENT: Google notice"", ""timestamp"": ""2025-09-01 15:48:00"", ""received_spf"": ""fail"", ""dkim"": ""none"", ""dmarc"": ""fail"", ""relay_hops"": 8}",1
Delivery notification: Your package is out for delivery. Track: https://www.apple.co/track/83343,"[""https://www.apple.co/track/83343""]","{""from"": ""noreply@bankofamerica.com"", ""subject"": ""Bankofamerica notification"", ""timestamp"": ""2025-05-25 22:03:00"", ""received_spf"": ""pass"", ""dkim"": ""pass"", ""dmarc"": ""pass"", ""relay_hops"": 3}",0
Reminder: Your appointment with Stripe is scheduled at 12:00 PM.,"[""https://www.microsoft.com/track/34533""]","{""from"": ""noreply@fedex.com"", ""subject"": ""Stripe notification"", ""timestamp"": ""2025-04-22 06:33:00"", ""received_spf"": ""pass"", ""dkim"": ""pass"", ""dmarc"": ""pass"", ""relay_hops"": 3}",0
Delivery notification: Your package is out for delivery. Track: https://www.google.in/track/40269,"[""https://www.google.in/track/40269""]","{""from"": ""noreply@bankofamerica.com"", ""subject"": ""Fedex notification"", ""timestamp"": ""2025-12-17 02:31:00"", ""received_spf"": ""pass"", ""dkim"": ""pass"", ""dmarc"": ""pass"", ""relay_hops"": 0}",0
Reminder: Your appointment with Fedex is scheduled at 11:00 AM.,"[""https://www.netflix.net/track/3222""]","{""from"": ""noreply@netflix.com"", ""subject"": ""Fedex notification"", ""timestamp"": ""2025-04-06 05:37:00"", ""received_spf"": ""pass"", ""dkim"": ""pass"", ""dmarc"": ""pass"", ""relay_hops"": 3}",0
Newsletter: Latest updates from Walmart — read more at https://www.dhl.org/track/83454,"[""https://www.dhl.org/track/83454""]","{""from"": ""noreply@walmart.com"", ""subject"": ""Walmart notification"", ""timestamp"": ""2025-05-02 12:02:00"", ""received_spf"": ""pass"", ""dkim"": ""pass"", ""dmarc"": ""pass"", ""relay_hops"": 2}",0
URGENT: Your fedex account has been suspended. Verify immediately: http://ow.ly/92120,"[""http://ow.ly/92120""]","{""from"": ""security@bankofamerica-alert.gq"", ""subject"": ""URGENT: Fedex notice"", ""timestamp"": ""2025-02-03 20:28:00"", ""received_spf"": ""none"", ""dkim"": ""none"", ""dmarc"": """", ""relay_hops"": 3}",1
Reminder: Your appointment with Fedex is scheduled at 05:00 PM.,"[""https://www.netflix.co/track/31059""]","{""from"": ""noreply@walmart.com"", ""subject"": ""Fedex notification"", ""timestamp"": ""2025-05-17 01:57:00"", ""received_spf"": ""pass"", ""dkim"": ""pass"", ""dmarc"": ""pass"", ""relay_hops"": 2}",0
Security Alert: Unusual login activity detected. Confirm your identity: http://microsoft-secure.tk/login/5911,"[""http://microsoft-secure.tk/login/5911""]","{""from"": ""security@dhl-alert.gq"", ""subject"": ""URGENT: Microsoft notice"", ""timestamp"": ""2025-07-05 01:13:00"", ""received_spf"": ""neutral"", ""dkim"": ""fail"", ""dmarc"": ""fail"", ""relay_hops"": 8}",1
Delivery notification: Your package is out for delivery. Track: https://www.paypal.co/track/35369,"[""https://www.paypal.co/track/35369""]","{""from"": ""noreply@paypal.com"", ""subject"": ""Microsoft notification"", ""timestamp"": ""2025-02-19 06:41:00"", ""received_spf"": ""pass"", ""dkim"": ""pass"", ""dmarc"": ""pass"", ""relay_hops"": 1}",0
URGENT: Your microsoft account has been suspended. Verify immediately: http://ow.ly/64316,"[""http://ow.ly/64316""]","{""from"": ""security@bankofamerica-alert.gq"", ""subject"": ""URGENT: Microsoft notice"", ""timestamp"": ""2025-01-30 22:45:00"", ""received_spf"": ""neutral"", ""dkim"": ""fail"", ""dmarc"": """", ""relay_hops"": 2}",1
Newsletter: Latest updates from Netflix — read more at https://www.paypal.net/track/52403,"[""https://www.paypal.net/track/52403""]","{""from"": ""noreply@apple.com"", ""subject"": ""Netflix notification"", ""timestamp"": ""2025-06-09 05:46:00"", ""received_spf"": ""pass"", ""dkim"": ""pass"", ""dmarc"": ""pass"", ""relay_hops"": 0}",0
Newsletter: Latest updates from Stripe — read more at https://www.walmart.com/track/55257,"[""https://www.walmart.com/track/55257""]","{""from"": ""noreply@paypal.com"", ""subject"": ""Stripe notification"", ""timestamp"": ""2025-01-15 16:51:00"", ""received_spf"": ""pass"", ""dkim"": ""pass"", ""dmarc"": ""pass"", ""relay_hops"": 1}",0
Delivery notification: Your package is out for delivery. Track: https://www.walmart.net/track/27164,"[""https://www.walmart.net/track/27164""]","{""from"": ""noreply@google.com"", ""subject"": ""Fedex notification"", ""timestamp"": ""2025-09-15 15:51:00"", ""received_spf"": ""pass"", ""dkim"": ""pass"", ""dmarc"": ""pass"", ""relay_hops"": 1}",0
Your bankofamerica monthly statement is ready. View it at https://www.bankofamerica.in/track/40528,"[""https://www.bankofamerica.in/track/40528""]","{""from"": ""noreply@google.com"", ""subject"": ""Bankofamerica notification"", ""timestamp"": ""2025-08-07 04:00:00"", ""received_spf"": ""pass"", ""dkim"": ""pass"", ""dmarc"": ""pass"", ""relay_hops"": 0}",0
Payment received: Thank you for your payment to Bankofamerica.,"[""https://www.dhl.net/track/88343""]","{""from"": ""noreply@dhl.com"", ""subject"": ""Bankofamerica notification"", ""timestamp"": ""2025-12-06 16:47:00"", ""received_spf"": ""pass"", ""dkim"": ""pass"", ""dmarc"": ""pass"", ""relay_hops"": 0}",0
Reminder: Your appointment with Microsoft is scheduled at 02:00 PM.,"[""https://www.apple.net/track/44019""]","{""from"": ""noreply@stripe.com"", ""subject"": ""Microsoft notification"", ""timestamp"": ""2025-04-19 06:18:00"", ""received_spf"": ""pass"", ""dkim"": ""pass"", ""dmarc"": ""pass"", ""relay_hops"": 3}",0
Newsletter: Latest updates from Google — read more at https://www.google.org/track/42201,"[""https://www.google.org/track/42201""]","{""from"": ""noreply@google.com"", ""subject"": ""Google notification"", ""timestamp"": ""2025-01-14 03:49:00"", ""received_spf"": ""pass"", ""dkim"": ""pass"", ""dmarc"": ""pass"", ""relay_hops"": 1}",0
Congratulations! You won a prize. Claim at http://goo.gl/61349,"[""http://goo.gl/61349""]","{""from"": ""security@apple-alert.ga"", ""subject"": ""URGENT: Google notice"", ""timestamp"": ""2025-06-21 13:08:00"", ""received_spf"": ""neutral"", ""dkim"": ""none"", ""dmarc"": """", ""relay_hops"": 10}",1
You are eligible for a tax refund. Provide your details here: http://paypal-secure.tk/login/72773,"[""http://paypal-secure.tk/login/72773""]","{""from"": ""security@amazon-alert.ml"", ""subject"": ""URGENT: Google notice"", ""timestamp"": ""2025-05-11 02:45:00"", ""received_spf"": ""fail"", ""dkim"": """", ""dmarc"": """", ""relay_hops"": 6}",1
URGENT: Your dhl account has been suspended. Verify immediately: http://goo.gl/77933,"[""http://goo.gl/77933""]","{""from"": ""security@microsoft-alert.ml"", ""subject"": ""URGENT: Dhl notice"", ""timestamp"": ""2025-07-30 03:58:00"", ""received_spf"": ""none"", ""dkim"": ""none"", ""dmarc"": """", ""relay_hops"": 10}",1
Security Alert: Unusual login activity detected. Confirm your identity: http://ow.ly/60454,"[""http://ow.ly/60454""]","{""from"": ""security@paypal-alert.ga"", ""subject"": ""URGENT: Paypal notice"", ""timestamp"": ""2025-07-14 22:35:00"", ""received_spf"": ""none"", ""dkim"": ""fail"", ""dmarc"": """", ""relay_hops"": 4}",1
Delivery notification: Your package is out for delivery. Track: https://www.bankofamerica.in/track/82593,"[""https://www.bankofamerica.in/track/82593""]","{""from"": ""noreply@google.com"", ""subject"": ""Bankofamerica notification"", ""timestamp"": ""2025-10-18 09:46:00"", ""received_spf"": ""pass"", ""dkim"": ""pass"", ""dmarc"": ""pass"", ""relay_hops"": 2}",0
Delivery notification: Your package is out for delivery. Track: https://www.google.com/track/74880,"[""https://www.google.com/track/74880""]","{""from"": ""noreply@paypal.com"", ""subject"": ""Google notification"", ""timestamp"": ""2025-08-06 01:40:00"", ""received_spf"": ""pass"", ""dkim"": ""pass"", ""dmarc"": ""pass"", ""relay_hops"": 0}",0
URGENT: Your bankofamerica account has been suspended. Verify immediately: http://goo.gl/13617,"[""http://goo.gl/13617""]","{""from"": ""security@paypal-alert.cf"", ""subject"": ""URGENT: Bankofamerica notice"", ""timestamp"": ""2025-03-01 00:31:00"", ""received_spf"": ""none"", ""dkim"": ""fail"", ""dmarc"": """", ""relay_hops"": 2}",1
Your bankofamerica monthly statement is ready. View it at https://www.amazon.com/track/2947,"[""https://www.amazon.com/track/2947""]","{""from"": ""noreply@netflix.com"", ""subject"": ""Bankofamerica notification"", ""timestamp"": ""2025-04-16 09:31:00"", ""received_spf"": ""pass"", ""dkim"": ""pass"", ""dmarc"": ""pass"", ""relay_hops"": 0}",0
Newsletter: Latest updates from Walmart — read more at https://www.bankofamerica.org/track/15885,"[""https://www.bankofamerica.org/track/15885""]","{""from"": ""noreply@netflix.com"", ""subject"": ""Walmart notification"", ""timestamp"": ""2025-07-23 18:44:00"", ""received_spf"": ""pass"", ""dkim"": ""pass"", ""dmarc"": ""pass"", ""relay_hops"": 1}",0
Security Alert: Unusual login activity detected. Confirm your identity: http://t.co/12766,"[""http://t.co/12766""]","{""from"": ""security@apple-alert.ga"", ""subject"": ""URGENT: Fedex notice"", ""timestamp"": ""2025-04-12 10:54:00"", ""received_spf"": ""none"", ""dkim"": ""none"", ""dmarc"": """", ""relay_hops"": 9}",1
Your bankofamerica monthly statement is ready. View it at https://www.dhl.in/track/74198,"[""https://www.dhl.in/track/74198""]","{""from"": ""noreply@apple.com"", ""subject"": ""Bankofamerica notification"", ""timestamp"": ""2025-07-29 16:38:00"", ""received_spf"": ""pass"", ""dkim"": ""pass"", ""dmarc"": ""pass"", ""relay_hops"": 1}",0
Reminder: Your appointment with Amazon is scheduled at 09:00 AM.,"[""https://www.fedex.com/track/5197""]","{""from"": ""noreply@dhl.com"", ""subject"": ""Amazon notification"", ""timestamp"": ""2025-02-11 01:14:00"", ""received_spf"": ""pass"", ""dkim"": ""pass"", ""dmarc"": ""pass"", ""relay_hops"": 1}",0
Newsletter: Latest updates from Netflix — read more at https://www.microsoft.net/track/86104,"[""https://www.microsoft.net/track/86104""]","{""from"": ""noreply@stripe.com"", ""subject"": ""Netflix notification"", ""timestamp"": ""2025-10-14 06:38:00"", ""received_spf"": ""pass"", ""dkim"": ""pass"", ""dmarc"": ""pass"", ""relay_hops"": 2}",0
Your stripe monthly statement is ready. View it at https://www.dhl.net/track/17086,"[""https://www.dhl.net/track/17086""]","{""from"": ""noreply@microsoft.com"", ""subject"": ""Stripe notification"", ""timestamp"": ""2025-08-21 19:52:00"", ""received_spf"": ""pass"", ""dkim"": ""pass"", ""dmarc"": ""pass"", ""relay_hops"": 0}",0
Reminder: Your appointment with Bankofamerica is scheduled at 09:00 AM.,"[""https://www.stripe.net/track/77719""]","{""from"": ""noreply@microsoft.com"", ""subject"": ""Bankofamerica notification"", ""timestamp"": ""2025-05-24 00:45:00"", ""received_spf"": ""pass"", ""dkim"": ""pass"", ""dmarc"": ""pass"", ""relay_hops"": 1}",0
Newsletter: Latest updates from Paypal — read more at https://www.google.com/track/1586,"[""https://www.google.com/track/1586""]","{""from"": ""noreply@google.com"", ""subject"": ""Paypal notification"", ""timestamp"": ""2025-10-30 12:47:00"", ""received_spf"": ""pass"", ""dkim"": ""pass"", ""dmarc"": ""pass"", ""relay_hops"": 2}",0
Payment received: Thank you for your payment to Google.,"[""https://www.stripe.com/track/97881""]","{""from"": ""noreply@paypal.com"", ""subject"": ""Google notification"", ""timestamp"": ""2025-06-12 16:08:00"", ""received_spf"": ""pass"", ""dkim"": ""pass"", ""dmarc"": ""pass"", ""relay_hops"": 0}",0
Congratulations! You won a prize. Claim at http://google-secure.ml/login/88601,"[""http://google-secure.ml/login/88601""]","{""from"": ""security@fedex-alert.ga"", ""subject"": ""URGENT: Dhl notice"", ""timestamp"": ""2025-02-26 08:58:00"", ""received_spf"": ""fail"", ""dkim"": ""fail"", ""dmarc"": ""fail"", ""relay_hops"": 4}",1
Payment received: Thank you for your payment to Walmart.,"[""https://www.paypal.com/track/67315""]","{""from"": ""noreply@paypal.com"", ""subject"": ""Walmart notification"", ""timestamp"": ""2025-06-28 02:23:00"", ""received_spf"": ""pass"", ""dkim"": ""pass"", ""dmarc"": ""pass"", ""relay_hops"": 2}",0
Your payment could not be processed. Click http://ow.ly/34070 to update your billing info.,"[""http://ow.ly/34070""]","{""from"": ""security@fedex-alert.ga"", ""subject"": ""URGENT: Bankofamerica notice"", ""timestamp"": ""2025-10-29 14:38:00"", ""received_spf"": ""softfail"", ""dkim"": ""none"", ""dmarc"": """", ""relay_hops"": 4}",1
Your payment could not be processed. Click http://microsoft-secure.gq/login/80372 to update your billing info.,"[""http://microsoft-secure.gq/login/80372""]","{""from"": ""security@walmart-alert.cf"", ""subject"": ""URGENT: Microsoft notice"", ""timestamp"": ""2025-10-06 06:17:00"", ""received_spf"": ""neutral"", ""dkim"": """", ""dmarc"": ""none"", ""relay_hops"": 2}",1
You are eligible for a tax refund. Provide your details here: http://stripe-secure.cf/login/69259,"[""http://stripe-secure.cf/login/69259""]","{""from"": ""security@google-alert.ml"", ""subject"": ""URGENT: Fedex notice"", ""timestamp"": ""2025-01-05 04:50:00"", ""received_spf"": ""fail"", ""dkim"": ""fail"", ""dmarc"": """", ""relay_hops"": 3}",1
Delivery notification: Your package is out for delivery. Track: https://www.microsoft.org/track/15679,"[""https://www.microsoft.org/track/15679""]","{""from"": ""noreply@google.com"", ""subject"": ""Amazon notification"", ""timestamp"": ""2025-10-09 18:04:00"", ""received_spf"": ""pass"", ""dkim"": ""pass"", ""dmarc"": ""pass"", ""relay_hops"": 2}",0
Delivery notification: Your package is out for delivery. Track: https://www.microsoft.co/track/59732,"[""https://www.microsoft.co/track/59732""]","{""from"": ""noreply@apple.com"", ""subject"": ""Microsoft notification"", ""timestamp"": ""2025-12-18 06:29:00"", ""received_spf"": ""pass"", ""dkim"": ""pass"", ""dmarc"": ""pass"", ""relay_hops"": 3}",0
Congratulations! You won a prize. Claim at http://bankofamerica-secure.ga/login/81008,"[""http://bankofamerica-secure.ga/login/81008""]","{""from"": ""security@google-alert.ml"", ""subject"": ""URGENT: Fedex notice"", ""timestamp"": ""2025-10-07 16:45:00"", ""received_spf"": ""softfail"", ""dkim"": """", ""dmarc"": ""none"", ""relay_hops"": 8}",1
Reminder: Your appointment with Amazon is scheduled at 12:00 PM.,"[""https://www.netflix.net/track/35046""]","{""from"": ""noreply@microsoft.com"", ""subject"": ""Amazon notification"", ""timestamp"": ""2025-04-24 18:55:00"", ""received_spf"": ""pass"", ""dkim"": ""pass"", ""dmarc"": ""pass"", ""relay_hops"": 3}",0
Your payment could not be processed. Click http://goo.gl/85543 to update your billing info.,"[""http://goo.gl/85543""]","{""from"": ""security@paypal-alert.ga"", ""subject"": ""URGENT: Google notice"", ""timestamp"": ""2025-11-27 06:21:00"", ""received_spf"": ""neutral"", ""dkim"": ""fail"", ""dmarc"": ""fail"", ""relay_hops"": 9}",1
Payment received: Thank you for your payment to Fedex.,"[""https://www.paypal.co/track/45296""]","{""from"": ""noreply@netflix.com"", ""subject"": ""Fedex notification"", ""timestamp"": ""2025-09-24 12:44:00"", ""received_spf"": ""pass"", ""dkim"": ""pass"", ""dmarc"": ""pass"", ""relay_hops"": 3}",0
You are eligible for a tax refund. Provide your details here: http://t.co/69331,"[""http://t.co/69331""]","{""from"": ""security@stripe-alert.tk"", ""subject"": ""URGENT: Dhl notice"", ""timestamp"": ""2025-01-30 06:12:00"", ""received_spf"": ""none"", ""dkim"": ""fail"", ""dmarc"": """", ""relay_hops"": 2}",1
Your netflix monthly statement is ready. View it at https://www.paypal.net/track/93549,"[""https://www.paypal.net/track/93549""]","{""from"": ""noreply@netflix.com"", ""subject"": ""Netflix notification"", ""timestamp"": ""2025-11-08 23:30:00"", ""received_spf"": ""pass"", ""dkim"": ""pass"", ""dmarc"": ""pass"", ""relay_hops"": 0}",0
URGENT: Your amazon account has been suspended. Verify immediately: http://apple-secure.xyz/login/96273,"[""http://apple-secure.xyz/login/96273""]","{""from"": ""security@walmart-alert.ga"", ""subject"": ""URGENT: Amazon notice"", ""timestamp"": ""2025-02-16 01:50:00"", ""received_spf"": ""softfail"", ""dkim"": ""fail"", ""dmarc"": ""none"", ""relay_hops"": 4}",1
Newsletter: Latest updates from Google — read more at https://www.walmart.net/track/4932,"[""https://www.walmart.net/track/4932""]","{""from"": ""noreply@paypal.com"", ""subject"": ""Google notification"", ""timestamp"": ""2025-03-19 21:43:00"", ""received_spf"": ""pass"", ""dkim"": ""pass"", ""dmarc"": ""pass"", ""relay_hops"": 1}",0
Delivery notification: Your package is out for delivery. Track: https://www.amazon.org/track/58225,"[""https://www.amazon.org/track/58225""]","{""from"": ""noreply@apple.com"", ""subject"": ""Fedex notification"", ""timestamp"": ""2025-07-06 05:46:00"", ""received_spf"": ""pass"", ""dkim"": ""pass"", ""dmarc"": ""pass"", ""relay_hops"": 2}",0
Newsletter: Latest updates from Fedex — read more at https://www.apple.com/track/30519,"[""https://www.apple.com/track/30519""]","{""from"": ""noreply@paypal.com"", ""subject"": ""Fedex notification"", ""timestamp"": ""2025-11-28 11:31:00"", ""received_spf"": ""pass"", ""dkim"": ""pass"", ""dmarc"": ""pass"", ""relay_hops"": 2}",0
Congratulations! You won a prize. Claim at http://microsoft-secure.ga/login/39961,"[""http://microsoft-secure.ga/login/39961""]","{""from"": ""security@bankofamerica-alert.ga"", ""subject"": ""URGENT: Stripe notice"", ""timestamp"": ""2025-08-09 04:24:00"", ""received_spf"": ""fail"", ""dkim"": """", ""dmarc"": ""fail"", ""relay_hops"": 8}",1
Payment received: Thank you for your payment to Amazon.,"[""https://www.dhl.co/track/27800""]","{""from"": ""noreply@walmart.com"", ""subject"": ""Amazon notification"", ""timestamp"": ""2025-07-27 17:05:00"", ""received_spf"": ""pass"", ""dkim"": ""pass"", ""dmarc"": ""pass"", ""relay_hops"": 0}",0
Your bankofamerica monthly statement is ready. View it at https://www.walmart.co/track/27494,"[""https://www.walmart.co/track/27494""]","{""from"": ""noreply@google.com"", ""subject"": ""Bankofamerica notification"", ""timestamp"": ""2025-11-19 13:19:00"", ""received_spf"": ""pass"", ""dkim"": ""pass"", ""dmarc"": ""pass"", ""relay_hops"": 0}",0
Security Alert: Unusual login activity detected. Confirm your identity: http://bankofamerica-secure.xyz/login/70091,"[""http://bankofamerica-secure.xyz/login/70091""]","{""from"": ""security@apple-alert.xyz"", ""subject"": ""URGENT: Microsoft notice"", ""timestamp"": ""2025-04-17 14:57:00"", ""received_spf"": ""softfail"", ""dkim"": ""none"", ""dmarc"": ""fail"", ""relay_hops"": 10}",1
Newsletter: Latest updates from Fedex — read more at https://www.walmart.in/track/90267,"[""https://www.walmart.in/track/90267""]","{""from"": ""noreply@amazon.com"", ""subject"": ""Fedex notification"", ""timestamp"": ""2025-06-12 22:25:00"", ""received_spf"": ""pass"", ""dkim"": ""pass"", ""dmarc"": ""pass"", ""relay_hops"": 3}",0
Newsletter: Latest updates from Microsoft — read more at https://www.microsoft.com/track/34265,"[""https://www.microsoft.com/track/34265""]","{""from"": ""noreply@apple.com"", ""subject"": ""Microsoft notification"", ""timestamp"": ""2025-06-01 22:19:00"", ""received_spf"": ""pass"", ""dkim"": ""pass"", ""dmarc"": ""pass"", ""relay_hops"": 0}",0
Your payment could not be processed. Click http://bit.ly/80023 to update your billing info.,"[""http://bit.ly/80023""]","{""from"": ""security@walmart-alert.xyz"", ""subject"": ""URGENT: Fedex notice"", ""timestamp"": ""2025-03-30 23:00:00"", ""received_spf"": ""fail"", ""dkim"": ""fail"", ""dmarc"": """", ""relay_hops"": 6}",1
Delivery notification: Your package is out for delivery. Track: https://www.microsoft.co/track/1881,"[""https://www.microsoft.co/track/1881""]","{""from"": ""noreply@bankofamerica.com"", ""subject"": ""Bankofamerica notification"", ""timestamp"": ""2025-12-30 09:56:00"", ""received_spf"": ""pass"", ""dkim"": ""pass"", ""dmarc"": ""pass"", ""relay_hops"": 0}",0
Newsletter: Latest updates from Walmart — read more at https://www.stripe.in/track/85838,"[""https://www.stripe.in/track/85838""]","{""from"": ""noreply@microsoft.com"", ""subject"": ""Walmart notification"", ""timestamp"": ""2025-06-03 23:25:00"", ""received_spf"": ""pass"", ""dkim"": ""pass"", ""dmarc"": ""pass"", ""relay_hops"": 1}",0
Newsletter: Latest updates from Microsoft — read more at https://www.stripe.org/track/98085,"[""https://www.stripe.org/track/98085""]","{""from"": ""noreply@stripe.com"", ""subject"": ""Microsoft notification"", ""timestamp"": ""2025-04-22 13:53:00"", ""received_spf"": ""pass"", ""dkim"": ""pass"", ""dmarc"": ""pass"", ""relay_hops"": 2}",0
Congratulations! You won a prize. Claim at http://walmart-secure.tk/login/5598,"[""http://walmart-secure.tk/login/5598""]","{""from"": ""security@netflix-alert.gq"", ""subject"": ""URGENT: Netflix notice"", ""timestamp"": ""2025-04-11 17:10:00"", ""received_spf"": ""neutral"", ""dkim"": ""none"", ""dmarc"": """", ""relay_hops"": 4}",1
Payment received: Thank you for your payment to Netflix.,"[""https://www.google.net/track/89106""]","{""from"": ""noreply@paypal.com"", ""subject"": ""Netflix notification"", ""timestamp"": ""2025-07-20 15:34:00"", ""received_spf"": ""pass"", ""dkim"": ""pass"", ""dmarc"": ""pass"", ""relay_hops"": 3}",0
Newsletter: Latest updates from Google — read more at https://www.paypal.com/track/42236,"[""https://www.paypal.com/track/42236""]","{""from"": ""noreply@amazon.com"", ""subject"": ""Google notification"", ""timestamp"": ""2025-07-17 05:06:00"", ""received_spf"": ""pass"", ""dkim"": ""pass"", ""dmarc"": ""pass"", ""relay_hops"": 3}",0
Congratulations! You won a prize. Claim at http://netflix-secure.xyz/login/24844,"[""http://netflix-secure.xyz/login/24844""]","{""from"": ""security@netflix-alert.gq"", ""subject"": ""URGENT: Bankofamerica notice"", ""timestamp"": ""2025-06-08 04:22:00"", ""received_spf"": ""none"", ""dkim"": ""fail"", ""dmarc"": ""none"", ""relay_hops"": 3}",1
Payment received: Thank you for your payment to Bankofamerica.,"[""https://www.amazon.co/track/78416""]","{""from"": ""noreply@google.com"", ""subject"": ""Bankofamerica notification"", ""timestamp"": ""2025-09-15 11:09:00"", ""received_spf"": ""pass"", ""dkim"": ""pass"", ""dmarc"": ""pass"", ""relay_hops"": 1}",0
Reminder: Your appointment with Walmart is scheduled at 10:00 AM.,"[""https://www.stripe.co/track/29272""]","{""from"": ""noreply@microsoft.com"", ""subject"": ""Walmart notification"", ""timestamp"": ""2025-08-08 18:52:00"", ""received_spf"": ""pass"", ""dkim"": ""pass"", ""dmarc"": ""pass"", ""relay_hops"": 3}",0
Reminder: Your appointment with Walmart is scheduled at 09:00 AM.,"[""https://www.apple.in/track/2691""]","{""from"": ""noreply@amazon.com"", ""subject"": ""Walmart notification"", ""timestamp"": ""2025-01-01 07:00:00"", ""received_spf"": ""pass"", ""dkim"": ""pass"", ""dmarc"": ""pass"", ""relay_hops"": 2}",0
Newsletter: Latest updates from Stripe — read more at https://www.apple.net/track/12288,"[""https://www.apple.net/track/12288""]","{""from"": ""noreply@microsoft.com"", ""subject"": ""Stripe notification"", ""timestamp"": ""2025-05-15 22:06:00"", ""received_spf"": ""pass"", ""dkim"": ""pass"", ""dmarc"": ""pass"", ""relay_hops"": 1}",0
You are eligible for a tax refund. Provide your details here: http://amazon-secure.ml/login/79826,"[""http://amazon-secure.ml/login/79826""]","{""from"": ""security@amazon-alert.ml"", ""subject"": ""URGENT: Paypal notice"", ""timestamp"": ""2025-01-17 00:31:00"", ""received_spf"": ""fail"", ""dkim"": ""fail"", ""dmarc"": ""none"", ""relay_hops"": 10}",1
Security Alert: Unusual login activity detected. Confirm your identity: http://goo.gl/72213,"[""http://goo.gl/72213""]","{""from"": ""security@bankofamerica-alert.ml"", ""subject"": ""URGENT: Microsoft notice"", ""timestamp"": ""2025-07-21 09:40:00"", ""received_spf"": ""softfail"", ""dkim"": """", ""dmarc"": """", ""relay_hops"": 9}",1
Congratulations! You won a prize. Claim at http://fedex-secure.ml/login/25591,"[""http://fedex-secure.ml/login/25591""]","{""from"": ""security@apple-alert.ga"", ""subject"": ""URGENT: Bankofamerica notice"", ""timestamp"": ""2025-03-04 18:53:00"", ""received_spf"": ""fail"", ""dkim"": ""fail"", ""dmarc"": ""fail"", ""relay_hops"": 2}",1
Reminder: Your appointment with Microsoft is scheduled at 02:00 PM.,"[""https://www.walmart.in/track/17406""]","{""from"": ""noreply@bankofamerica.com"", ""subject"": ""Microsoft notification"", ""timestamp"": ""2025-03-02 05:49:00"", ""received_spf"": ""pass"", ""dkim"": ""pass"", ""dmarc"": ""pass"", ""relay_hops"": 0}",0
URGENT: Your apple account has been suspended. Verify immediately: http://t.co/83275,"[""http://t.co/83275""]","{""from"": ""security@google-alert.tk"", ""subject"": ""URGENT: Apple notice"", ""timestamp"": ""2025-01-17 05:19:00"", ""received_spf"": ""neutral"", ""dkim"": ""fail"", ""dmarc"": ""fail"", ""relay_hops"": 3}",1
Delivery notification: Your package is out for delivery. Track: https://www.stripe.co/track/3031,"[""https://www.stripe.co/track/3031""]","{""from"": ""noreply@stripe.com"", ""subject"": ""Bankofamerica notification"", ""timestamp"": ""2025-06-05 11:34:00"", ""received_spf"": ""pass"", ""dkim"": ""pass"", ""dmarc"": ""pass"", ""relay_hops"": 0}",0
Payment received: Thank you for your payment to Google.,"[""https://www.apple.co/track/29493""]","{""from"": ""noreply@amazon.com"", ""subject"": ""Google notification"", ""timestamp"": ""2025-12-20 03:19:00"", ""received_spf"": ""pass"", ""dkim"": ""pass"", ""dmarc"": ""pass"", ""relay_hops"": 1}",0
Your microsoft monthly statement is ready. View it at https://www.walmart.net/track/25799,"[""https://www.walmart.net/track/25799""]","{""from"": ""noreply@bankofamerica.com"", ""subject"": ""Microsoft notification"", ""timestamp"": ""2025-11-26 06:31:00"", ""received_spf"": ""pass"", ""dkim"": ""pass"", ""dmarc"": ""pass"", ""relay_hops"": 0}",0
Your payment could not be processed. Click http://paypal-secure.ga/login/83694 to update your billing info.,"[""http://paypal-secure.ga/login/83694""]","{""from"": ""security@microsoft-alert.ga"", ""subject"": ""URGENT: Stripe notice"", ""timestamp"": ""2025-04-17 14:51:00"", ""received_spf"": ""fail"", ""dkim"": """", ""dmarc"": """", ""relay_hops"": 6}",1
Payment received: Thank you for your payment to Stripe.,"[""https://www.fedex.com/track/46086""]","{""from"": ""noreply@bankofamerica.com"", ""subject"": ""Stripe notification"", ""timestamp"": ""2025-11-17 21:45:00"", ""received_spf"": ""pass"", ""dkim"": ""pass"", ""dmarc"": ""pass"", ""relay_hops"": 2}",0
You are eligible for a tax refund. Provide your details here: http://apple-secure.ml/login/24551,"[""http://apple-secure.ml/login/24551""]","{""from"": ""security@fedex-alert.ga"", ""subject"": ""URGENT: Fedex notice"", ""timestamp"": ""2025-01-11 03:44:00"", ""received_spf"": ""fail"", ""dkim"": ""none"", ""dmarc"": ""none"", ""relay_hops"": 2}",1
Payment received: Thank you for your payment to Apple.,"[""https://www.stripe.net/track/11940""]","{""from"": ""noreply@stripe.com"", ""subject"": ""Apple notification"", ""timestamp"": ""2025-04-25 08:04:00"", ""received_spf"": ""pass"", ""dkim"": ""pass"", ""dmarc"": ""pass"", ""relay_hops"": 1}",0
Your paypal monthly statement is ready. View it at https://www.google.net/track/77778,"[""https://www.google.net/track/77778""]","{""from"": ""noreply@microsoft.com"", ""subject"": ""Paypal notification"", ""timestamp"": ""2025-08-29 15:10:00"", ""received_spf"": ""pass"", ""dkim"": ""pass"", ""dmarc"": ""pass"", ""relay_hops"": 1}",0
You are eligible for a tax refund. Provide your details here: http://bit.ly/38673,"[""http://bit.ly/38673""]","{""from"": ""security@apple-alert.xyz"", ""subject"": ""URGENT: Microsoft notice"", ""timestamp"": ""2025-04-16 01:15:00"", ""received_spf"": ""neutral"", ""dkim"": ""fail"", ""dmarc"": """", ""relay_hops"": 10}",1
Reminder: Your appointment with Fedex is scheduled at 01:00 PM.,"[""https://www.microsoft.net/track/2847""]","{""from"": ""noreply@microsoft.com"", ""subject"": ""Fedex notification"", ""timestamp"": ""2025-10-09 09:25:00"", ""received_spf"": ""pass"", ""dkim"": ""pass"", ""dmarc"": ""pass"", ""relay_hops"": 3}",0
Reminder: Your appointment with Stripe is scheduled at 09:00 AM.,"[""https://www.microsoft.com/track/49200""]","{""from"": ""noreply@stripe.com"", ""subject"": ""Stripe notification"", ""timestamp"": ""2025-12-22 15:57:00"", ""received_spf"": ""pass"", ""dkim"": ""pass"", ""dmarc"": ""pass"", ""relay_hops"": 3}",0
Delivery notification: Your package is out for delivery. Track: https://www.walmart.co/track/12813,"[""https://www.walmart.co/track/12813""]","{""from"": ""noreply@dhl.com"", ""subject"": ""Apple notification"", ""timestamp"": ""2025-01-20 21:03:00"", ""received_spf"": ""pass"", ""dkim"": ""pass"", ""dmarc"": ""pass"", ""relay_hops"": 1}",0
Delivery notification: Your package is out for delivery. Track: https://www.dhl.net/track/34475,"[""https://www.dhl.net/track/34475""]","{""from"": ""noreply@microsoft.com"", ""subject"": ""Google notification"", ""timestamp"": ""2025-02-12 10:33:00"", ""received_spf"": ""pass"", ""dkim"": ""pass"", ""dmarc"": ""pass"", ""relay_hops"": 0}",0
Your payment could not be processed. Click http://tinyurl.com/49310 to update your billing info.,"[""http://tinyurl.com/49310""]","{""from"": ""security@stripe-alert.ga"", ""subject"": ""URGENT: Microsoft notice"", ""timestamp"": ""2025-01-29 03:35:00"", ""received_spf"": ""softfail"", ""dkim"": """", ""dmarc"": ""fail"", ""relay_hops"": 2}",1
Delivery notification: Your package is out for delivery. Track: https://www.stripe.com/track/75788,"[""https://www.stripe.com/track/75788""]","{""from"": ""noreply@google.com"", ""subject"": ""Fedex notification"", ""timestamp"": ""2025-09-27 18:02:00"", ""received_spf"": ""pass"", ""dkim"": ""pass"", ""dmarc"": ""pass"", ""relay_hops"": 0}",0
Your payment could not be processed. Click http://microsoft-secure.xyz/login/77199 to update your billing info.,"[""http://microsoft-secure.xyz/login/77199""]","{""from"": ""security@amazon-alert.gq"", ""subject"": ""URGENT: Paypal notice"", ""timestamp"": ""2025-10-20 22:10:00"", ""received_spf"": ""softfail"", ""dkim"": ""fail"", ""dmarc"": ""fail"", ""relay_hops"": 2}",1
Your walmart monthly statement is ready. View it at https://www.apple.com/track/65320,"[""https://www.apple.com/track/65320""]","{""from"": ""noreply@bankofamerica.com"", ""subject"": ""Walmart notification"", ""timestamp"": ""2025-05-20 02:18:00"", ""received_spf"": ""pass"", ""dkim"": ""pass"", ""dmarc"": ""pass"", ""relay_hops"": 0}",0
Congratulations! You won a prize. Claim at http://google-secure.gq/login/27928,"[""http://google-secure.gq/login/27928""]","{""from"": ""security@google-alert.tk"", ""subject"": ""URGENT: Apple notice"", ""timestamp"": ""2025-10-08 22:03:00"", ""received_spf"": ""softfail"", ""dkim"": ""fail"", ""dmarc"": ""fail"", ""relay_hops"": 7}",1
Payment received: Thank you for your payment to Paypal.,"[""https://www.microsoft.org/track/23985""]","{""from"": ""noreply@apple.com"", ""subject"": ""Paypal notification"", ""timestamp"": ""2025-05-15 00:14:00"", ""received_spf"": ""pass"", ""dkim"": ""pass"", ""dmarc"": ""pass"", ""relay_hops"": 3}",0
Your payment could not be processed. Click http://bankofamerica-secure.gq/login/25828 to update your billing info.,"[""http://bankofamerica-secure.gq/login/25828""]","{""from"": ""security@walmart-alert.ga"", ""subject"": ""URGENT: Amazon notice"", ""timestamp"": ""2025-09-19 00:28:00"", ""received_spf"": ""softfail"", ""dkim"": ""none"", ""dmarc"": """", ""relay_hops"": 7}",1
Reminder: Your appointment with Stripe is scheduled at 01:00 PM.,"[""https://www.stripe.in/track/6141""]","{""from"": ""noreply@fedex.com"", ""subject"": ""Stripe notification"", ""timestamp"": ""2025-03-06 11:57:00"", ""received_spf"": ""pass"", ""dkim"": ""pass"", ""dmarc"": ""pass"", ""relay_hops"": 0}",0
Payment received: Thank you for your payment to Paypal.,"[""https://www.netflix.co/track/70012""]","{""from"": ""noreply@bankofamerica.com"", ""subject"": ""Paypal notification"", ""timestamp"": ""2025-07-23 06:15:00"", ""received_spf"": ""pass"", ""dkim"": ""pass"", ""dmarc"": ""pass"", ""relay_hops"": 0}",0
Your stripe monthly statement is ready. View it at https://www.paypal.net/track/41604,"[""https://www.paypal.net/track/41604""]","{""from"": ""noreply@dhl.com"", ""subject"": ""Stripe notification"", ""timestamp"": ""2025-11-12 18:16:00"", ""received_spf"": ""pass"", ""dkim"": ""pass"", ""dmarc"": ""pass"", ""relay_hops"": 3}",0
Your fedex monthly statement is ready. View it at https://www.fedex.co/track/84481,"[""https://www.fedex.co/track/84481""]","{""from"": ""noreply@google.com"", ""subject"": ""Fedex notification"", ""timestamp"": ""2025-10-04 15:36:00"", ""received_spf"": ""pass"", ""dkim"": ""pass"", ""dmarc"": ""pass"", ""relay_hops"": 2}",0
Your dhl monthly statement is ready. View it at https://www.google.org/track/89726,"[""https://www.google.org/track/89726""]","{""from"": ""noreply@google.com"", ""subject"": ""Dhl notification"", ""timestamp"": ""2025-06-25 12:17:00"", ""received_spf"": ""pass"", ""dkim"": ""pass"", ""dmarc"": ""pass"", ""relay_hops"": 2}",0
You are eligible for a tax refund. Provide your details here: http://walmart-secure.tk/login/30016,"[""http://walmart-secure.tk/login/30016""]","{""from"": ""security@microsoft-alert.xyz"", ""subject"": ""URGENT: Fedex notice"", ""timestamp"": ""2025-01-03 15:18:00"", ""received_spf"": ""none"", ""dkim"": ""none"", ""dmarc"": """", ""relay_hops"": 7}",1
Delivery notification: Your package is out for delivery. Track: https://www.fedex.in/track/73342,"[""https://www.fedex.in/track/73342""]","{""from"": ""noreply@google.com"", ""subject"": ""Amazon notification"", ""timestamp"": ""2025-12-02 04:35:00"", ""received_spf"": ""pass"", ""dkim"": ""pass"", ""dmarc"": ""pass"", ""relay_hops"": 1}",0
Newsletter: Latest updates from Amazon — read more at https://www.bankofamerica.com/track/62727,"[""https://www.bankofamerica.com/track/62727""]","{""from"": ""noreply@stripe.com"", ""subject"": ""Amazon notification"", ""timestamp"": ""2025-11-24 10:41:00"", ""received_spf"": ""pass"", ""dkim"": ""pass"", ""dmarc"": ""pass"", ""relay_hops"": 3}",0
Delivery notification: Your package is out for delivery. Track: https://www.fedex.co/track/97406,"[""https://www.fedex.co/track/97406""]","{""from"": ""noreply@stripe.com"", ""subject"": ""Netflix notification"", ""timestamp"": ""2025-06-08 03:07:00"", ""received_spf"": ""pass"", ""dkim"": ""pass"", ""dmarc"": ""pass"", ""relay_hops"": 0}",0
Delivery notification: Your package is out for delivery. Track: https://www.google.org/track/84884,"[""https://www.google.org/track/84884""]","{""from"": ""noreply@bankofamerica.com"", ""subject"": ""Dhl notification"", ""timestamp"": ""2025-12-25 11:17:00"", ""received_spf"": ""pass"", ""dkim"": ""pass"", ""dmarc"": ""pass"", ""relay_hops"": 2}",0
Delivery notification: Your package is out for delivery. Track: https://www.walmart.co/track/16933,"[""https://www.walmart.co/track/16933""]","{""from"": ""noreply@fedex.com"", ""subject"": ""Dhl notification"", ""timestamp"": ""2025-02-06 13:03:00"", ""received_spf"": ""pass"", ""dkim"": ""pass"", ""dmarc"": ""pass"", ""relay_hops"": 1}",0
URGENT: Your dhl account has been suspended. Verify immediately: http://paypal-secure.xyz/login/75042,"[""http://paypal-secure.xyz/login/75042""]","{""from"": ""security@netflix-alert.xyz"", ""subject"": ""URGENT: Dhl notice"", ""timestamp"": ""2025-06-19 16:37:00"", ""received_spf"": ""neutral"", ""dkim"": ""none"", ""dmarc"": """", ""relay_hops"": 10}",1
Payment received: Thank you for your payment to Bankofamerica.,"[""https://www.dhl.in/track/24713""]","{""from"": ""noreply@apple.com"", ""subject"": ""Bankofamerica notification"", ""timestamp"": ""2025-04-04 21:00:00"", ""received_spf"": ""pass"", ""dkim"": ""pass"", ""dmarc"": ""pass"", ""relay_hops"": 1}",0
Delivery notification: Your package is out for delivery. Track: https://www.dhl.com/track/6446,"[""https://www.dhl.com/track/6446""]","{""from"": ""noreply@google.com"", ""subject"": ""Microsoft notification"", ""timestamp"": ""2025-08-02 11:00:00"", ""received_spf"": ""pass"", ""dkim"": ""pass"", ""dmarc"": ""pass"", ""relay_hops"": 1}",0
Newsletter: Latest updates from Walmart — read more at https://www.amazon.org/track/26170,"[""https://www.amazon.org/track/26170""]","{""from"": ""noreply@paypal.com"", ""subject"": ""Walmart notification"", ""timestamp"": ""2025-12-01 19:00:00"", ""received_spf"": ""pass"", ""dkim"": ""pass"", ""dmarc"": ""pass"", ""relay_hops"": 0}",0
Congratulations! You won a prize. Claim at http://dhl-secure.tk/login/56249,"[""http://dhl-secure.tk/login/56249""]","{""from"": ""security@dhl-alert.xyz"", ""subject"": ""URGENT: Netflix notice"", ""timestamp"": ""2025-11-07 23:26:00"", ""received_spf"": ""neutral"", ""dkim"": """", ""dmarc"": """", ""relay_hops"": 8}",1
Your stripe monthly statement is ready. View it at https://www.google.net/track/48669,"[""https://www.google.net/track/48669""]","{""from"": ""noreply@amazon.com"", ""subject"": ""Stripe notification"", ""timestamp"": ""2025-04-17 13:26:00"", ""received_spf"": ""pass"", ""dkim"": ""pass"", ""dmarc"": ""pass"", ""relay_hops"": 0}",0
Payment received: Thank you for your payment to Paypal.,"[""https://www.walmart.com/track/15588""]","{""from"": ""noreply@walmart.com"", ""subject"": ""Paypal notification"", ""timestamp"": ""2025-06-04 18:26:00"", ""received_spf"": ""pass"", ""dkim"": ""pass"", ""dmarc"": ""pass"", ""relay_hops"": 1}",0
Delivery notification: Your package is out for delivery. Track: https://www.netflix.in/track/11103,"[""https://www.netflix.in/track/11103""]","{""from"": ""noreply@walmart.com"", ""subject"": ""Netflix notification"", ""timestamp"": ""2025-07-03 12:57:00"", ""received_spf"": ""pass"", ""dkim"": ""pass"", ""dmarc"": ""pass"", ""relay_hops"": 3}",0
Delivery notification: Your package is out for delivery. Track: https://www.apple.com/track/10465,"[""https://www.apple.com/track/10465""]","{""from"": ""noreply@microsoft.com"", ""subject"": ""Paypal notification"", ""timestamp"": ""2025-09-25 05:39:00"", ""received_spf"": ""pass"", ""dkim"": ""pass"", ""dmarc"": ""pass"", ""relay_hops"": 1}",0
Reminder: Your appointment with Apple is scheduled at 12:00 PM.,"[""https://www.netflix.org/track/60008""]","{""from"": ""noreply@walmart.com"", ""subject"": ""Apple notification"", ""timestamp"": ""2025-10-06 21:45:00"", ""received_spf"": ""pass"", ""dkim"": ""pass"", ""dmarc"": ""pass"", ""relay_hops"": 0}",0
Your walmart monthly statement is ready. View it at https://www.walmart.org/track/29443,"[""https://www.walmart.org/track/29443""]","{""from"": ""noreply@amazon.com"", ""subject"": ""Walmart notification"", ""timestamp"": ""2025-05-07 20:56:00"", ""received_spf"": ""pass"", ""dkim"": ""pass"", ""dmarc"": ""pass"", ""relay_hops"": 0}",0
URGENT: Your amazon account has been suspended. Verify immediately: http://microsoft-secure.ml/login/78966,"[""http://microsoft-secure.ml/login/78966""]","{""from"": ""security@dhl-alert.ml"", ""subject"": ""URGENT: Amazon notice"", ""timestamp"": ""2025-10-11 23:06:00"", ""received_spf"": ""none"", ""dkim"": """", ""dmarc"": ""none"", ""relay_hops"": 8}",1
Your paypal monthly statement is ready. View it at https://www.google.co/track/75203,"[""https://www.google.co/track/75203""]","{""from"": ""noreply@microsoft.com"", ""subject"": ""Paypal notification"", ""timestamp"": ""2025-06-13 06:27:00"", ""received_spf"": ""pass"", ""dkim"": ""pass"", ""dmarc"": ""pass"", ""relay_hops"": 0}",0
Payment received: Thank you for your payment to Microsoft.,"[""https://www.amazon.in/track/48937""]","{""from"": ""noreply@netflix.com"", ""subject"": ""Microsoft notification"", ""timestamp"": ""2025-07-28 19:29:00"", ""received_spf"": ""pass"", ""dkim"": ""pass"", ""dmarc"": ""pass"", ""relay_hops"": 3}",0
Newsletter: Latest updates from Microsoft — read more at https://www.stripe.co/track/49655,"[""https://www.stripe.co/track/49655""]","{""from"": ""noreply@walmart.com"", ""subject"": ""Microsoft notification"", ""timestamp"": ""2025-05-25 13:43:00"", ""received_spf"": ""pass"", ""dkim"": ""pass"", ""dmarc"": ""pass"", ""relay_hops"": 2}",0
Newsletter: Latest updates from Google — read more at https://www.google.in/track/2366,"[""https://www.google.in/track/2366""]","{""from"": ""noreply@microsoft.com"", ""subject"": ""Google notification"", ""timestamp"": ""2025-05-29 10:49:00"", ""received_spf"": ""pass"", ""dkim"": ""pass"", ""dmarc"": ""pass"", ""relay_hops"": 3}",0
Security Alert: Unusual login activity detected. Confirm your identity: http://ow.ly/16339,"[""http://ow.ly/16339""]","{""from"": ""security@microsoft-alert.tk"", ""subject"": ""URGENT: Apple notice"", ""timestamp"": ""2025-10-17 19:23:00"", ""received_spf"": ""softfail"", ""dkim"": ""fail"", ""dmarc"": """", ""relay_hops"": 3}",1
Newsletter: Latest updates from Paypal — read more at https://www.dhl.co/track/96970,"[""https://www.dhl.co/track/96970""]","{""from"": ""noreply@dhl.com"", ""subject"": ""Paypal notification"", ""timestamp"": ""2025-06-06 23:51:00"", ""received_spf"": ""pass"", ""dkim"": ""pass"", ""dmarc"": ""pass"", ""relay_hops"": 3}",0
Delivery notification: Your package is out for delivery. Track: https://www.apple.org/track/23650,"[""https://www.apple.org/track/23650""]","{""from"": ""noreply@dhl.com"", ""subject"": ""Walmart notification"", ""timestamp"": ""2025-03-02 14:22:00"", ""received_spf"": ""pass"", ""dkim"": ""pass"", ""dmarc"": ""pass"", ""relay_hops"": 0}",0
Reminder: Your appointment with Paypal is scheduled at 09:00 AM.,"[""https://www.dhl.in/track/83171""]","{""from"": ""noreply@paypal.com"", ""subject"": ""Paypal notification"", ""timestamp"": ""2025-03-10 12:37:00"", ""received_spf"": ""pass"", ""dkim"": ""pass"", ""dmarc"": ""pass"", ""relay_hops"": 2}",0
Reminder: Your appointment with Bankofamerica is scheduled at 05:00 PM.,"[""https://www.apple.co/track/2125""]","{""from"": ""noreply@google.com"", ""subject"": ""Bankofamerica notification"", ""timestamp"": ""2025-03-09 15:11:00"", ""received_spf"": ""pass"", ""dkim"": ""pass"", ""dmarc"": ""pass"", ""relay_hops"": 0}",0
Your payment could not be processed. Click http://t.co/15393 to update your billing info.,"[""http://t.co/15393""]","{""from"": ""security@google-alert.tk"", ""subject"": ""URGENT: Google notice"", ""timestamp"": ""2025-02-13 03:52:00"", ""received_spf"": ""neutral"", ""dkim"": """", ""dmarc"": """", ""relay_hops"": 8}",1
Delivery notification: Your package is out for delivery. Track: https://www.fedex.com/track/25446,"[""https://www.fedex.com/track/25446""]","{""from"": ""noreply@fedex.com"", ""subject"": ""Dhl notification"", ""timestamp"": ""2025-07-11 22:35:00"", ""received_spf"": ""pass"", ""dkim"": ""pass"", ""dmarc"": ""pass"", ""relay_hops"": 1}",0
Newsletter: Latest updates from Bankofamerica — read more at https://www.dhl.co/track/26006,"[""https://www.dhl.co/track/26006""]","{""from"": ""noreply@paypal.com"", ""subject"": ""Bankofamerica notification"", ""timestamp"": ""2025-12-05 21:11:00"", ""received_spf"": ""pass"", ""dkim"": ""pass"", ""dmarc"": ""pass"", ""relay_hops"": 3}",0
Your dhl monthly statement is ready. View it at https://www.amazon.org/track/94751,"[""https://www.amazon.org/track/94751""]","{""from"": ""noreply@amazon.com"", ""subject"": ""Dhl notification"", ""timestamp"": ""2025-10-12 07:21:00"", ""received_spf"": ""pass"", ""dkim"": ""pass"", ""dmarc"": ""pass"", ""relay_hops"": 1}",0
Reminder: Your appointment with Stripe is scheduled at 05:00 PM.,"[""https://www.google.co/track/88225""]","{""from"": ""noreply@fedex.com"", ""subject"": ""Stripe notification"", ""timestamp"": ""2025-08-16 02:01:00"", ""received_spf"": ""pass"", ""dkim"": ""pass"", ""dmarc"": ""pass"", ""relay_hops"": 0}",0
Payment received: Thank you for your payment to Stripe.,"[""https://www.fedex.co/track/13307""]","{""from"": ""noreply@amazon.com"", ""subject"": ""Stripe notification"", ""timestamp"": ""2025-10-21 14:23:00"", ""received_spf"": ""pass"", ""dkim"": ""pass"", ""dmarc"": ""pass"", ""relay_hops"": 1}",0
Your microsoft monthly statement is ready. View it at https://www.amazon.net/track/9462,"[""https://www.amazon.net/track/9462""]","{""from"": ""noreply@stripe.com"", ""subject"": ""Microsoft notification"", ""timestamp"": ""2025-07-21 20:46:00"", ""received_spf"": ""pass"", ""dkim"": ""pass"", ""dmarc"": ""pass"", ""relay_hops"": 2}",0
Your walmart monthly statement is ready. View it at https://www.stripe.com/track/17243,"[""https://www.stripe.com/track/17243""]","{""from"": ""noreply@microsoft.com"", ""subject"": ""Walmart notification"", ""timestamp"": ""2025-01-10 15:36:00"", ""received_spf"": ""pass"", ""dkim"": ""pass"", ""dmarc"": ""pass"", ""relay_hops"": 1}",0
URGENT: Your walmart account has been suspended. Verify immediately: http://microsoft-secure.tk/login/77363,"[""http://microsoft-secure.tk/login/77363""]","{""from"": ""security@walmart-alert.tk"", ""subject"": ""URGENT: Walmart notice"", ""timestamp"": ""2025-10-07 01:33:00"", ""received_spf"": ""fail"", ""dkim"": """", ""dmarc"": """", ""relay_hops"": 5}",1
Reminder: Your appointment with Google is scheduled at 02:00 PM.,"[""https://www.google.org/track/5053""]","{""from"": ""noreply@apple.com"", ""subject"": ""Google notification"", ""timestamp"": ""2025-03-24 19:28:00"", ""received_spf"": ""pass"", ""dkim"": ""pass"", ""dmarc"": ""pass"", ""relay_hops"": 3}",0
Your apple monthly statement is ready. View it at https://www.paypal.in/track/95029,"[""https://www.paypal.in/track/95029""]","{""from"": ""noreply@walmart.com"", ""subject"": ""Apple notification"", ""timestamp"": ""2025-07-18 12:56:00"", ""received_spf"": ""pass"", ""dkim"": ""pass"", ""dmarc"": ""pass"", ""relay_hops"": 2}",0
Newsletter: Latest updates from Fedex — read more at https://www.stripe.org/track/44509,"[""https://www.stripe.org/track/44509""]","{""from"": ""noreply@bankofamerica.com"", ""subject"": ""Fedex notification"", ""timestamp"": ""2025-10-07 06:17:00"", ""received_spf"": ""pass"", ""dkim"": ""pass"", ""dmarc"": ""pass"", ""relay_hops"": 2}",0
Security Alert: Unusual login activity detected. Confirm your identity: http://netflix-secure.tk/login/99093,"[""http://netflix-secure.tk/login/99093""]","{""from"": ""security@fedex-alert.tk"", ""subject"": ""URGENT: Stripe notice"", ""timestamp"": ""2025-08-06 23:34:00"", ""received_spf"": ""neutral"", ""dkim"": """", ""dmarc"": """", ""relay_hops"": 6}",1
Reminder: Your appointment with Bankofamerica is scheduled at 12:00 PM.,"[""https://www.amazon.org/track/6996""]","{""from"": ""noreply@dhl.com"", ""subject"": ""Bankofamerica notification"", ""timestamp"": ""2025-03-10 09:34:00"", ""received_spf"": ""pass"", ""dkim"": ""pass"", ""dmarc"": ""pass"", ""relay_hops"": 1}",0
Delivery notification: Your package is out for delivery. Track: https://www.paypal.com/track/17691,"[""https://www.paypal.com/track/17691""]","{""from"": ""noreply@microsoft.com"", ""subject"": ""Dhl notification"", ""timestamp"": ""2025-10-25 21:45:00"", ""received_spf"": ""pass"", ""dkim"": ""pass"", ""dmarc"": ""pass"", ""relay_hops"": 1}",0
Security Alert: Unusual login activity detected. Confirm your identity: http://bankofamerica-secure.ga/login/70285,"[""http://bankofamerica-secure.ga/login/70285""]","{""from"": ""security@stripe-alert.gq"", ""subject"": ""URGENT: Apple notice"", ""timestamp"": ""2025-01-26 08:29:00"", ""received_spf"": ""fail"", ""dkim"": ""none"", ""dmarc"": """", ""relay_hops"": 4}",1
Your netflix monthly statement is ready. View it at https://www.dhl.co/track/46402,"[""https://www.dhl.co/track/46402""]","{""from"": ""noreply@apple.com"", ""subject"": ""Netflix notification"", ""timestamp"": ""2025-02-14 15:27:00"", ""received_spf"": ""pass"", ""dkim"": ""pass"", ""dmarc"": ""pass"", ""relay_hops"": 0}",0
Delivery notification: Your package is out for delivery. Track: https://www.paypal.com/track/33411,"[""https://www.paypal.com/track/33411""]","{""from"": ""noreply@dhl.com"", ""subject"": ""Dhl notification"", ""timestamp"": ""2025-02-14 11:19:00"", ""received_spf"": ""pass"", ""dkim"": ""pass"", ""dmarc"": ""pass"", ""relay_hops"": 0}",0
Delivery notification: Your package is out for delivery. Track: https://www.dhl.net/track/96331,"[""https://www.dhl.net/track/96331""]","{""from"": ""noreply@walmart.com"", ""subject"": ""Bankofamerica notification"", ""timestamp"": ""2025-05-27 02:44:00"", ""received_spf"": ""pass"", ""dkim"": ""pass"", ""dmarc"": ""pass"", ""relay_hops"": 2}",0
Your payment could not be processed. Click http://google-secure.xyz/login/41428 to update your billing info.,"[""http://google-secure.xyz/login/41428""]","{""from"": ""security@apple-alert.cf"", ""subject"": ""URGENT: Netflix notice"", ""timestamp"": ""2025-02-06 23:12:00"", ""received_spf"": ""softfail"", ""dkim"": ""none"", ""dmarc"": ""fail"", ""relay_hops"": 9}",1
Congratulations! You won a prize. Claim at http://netflix-secure.gq/login/14394,"[""http://netflix-secure.gq/login/14394""]","{""from"": ""security@google-alert.ml"", ""subject"": ""URGENT: Google notice"", ""timestamp"": ""2025-08-30 18:57:00"", ""received_spf"": ""fail"", ""dkim"": ""fail"", ""dmarc"": ""fail"", ""relay_hops"": 9}",1
Delivery notification: Your package is out for delivery. Track: https://www.paypal.co/track/41544,"[""https://www.paypal.co/track/41544""]","{""from"": ""noreply@apple.com"", ""subject"": ""Microsoft notification"", ""timestamp"": ""2025-04-13 10:29:00"", ""received_spf"": ""pass"", ""dkim"": ""pass"", ""dmarc"": ""pass"", ""relay_hops"": 3}",0
Delivery notification: Your package is out for delivery. Track: https://www.dhl.in/track/40970,"[""https://www.dhl.in/track/40970""]","{""from"": ""noreply@netflix.com"", ""subject"": ""Google notification"", ""timestamp"": ""2025-09-01 08:26:00"", ""received_spf"": ""pass"", ""dkim"": ""pass"", ""dmarc"": ""pass"", ""relay_hops"": 2}",0
Payment received: Thank you for your payment to Walmart.,"[""https://www.microsoft.org/track/52512""]","{""from"": ""noreply@dhl.com"", ""subject"": ""Walmart notification"", ""timestamp"": ""2025-06-03 11:41:00"", ""received_spf"": ""pass"", ""dkim"": ""pass"", ""dmarc"": ""pass"", ""relay_hops"": 0}",0
Payment received: Thank you for your payment to Paypal.,"[""https://www.dhl.in/track/69300""]","{""from"": ""noreply@fedex.com"", ""subject"": ""Paypal notification"", ""timestamp"": ""2025-10-10 10:46:00"", ""received_spf"": ""pass"", ""dkim"": ""pass"", ""dmarc"": ""pass"", ""relay_hops"": 0}",0
Payment received: Thank you for your payment to Dhl.,"[""https://www.paypal.net/track/72445""]","{""from"": ""noreply@fedex.com"", ""subject"": ""Dhl notification"", ""timestamp"": ""2025-09-12 00:56:00"", ""received_spf"": ""pass"", ""dkim"": ""pass"", ""dmarc"": ""pass"", ""relay_hops"": 3}",0
URGENT: Your paypal account has been suspended. Verify immediately: http://tinyurl.com/79086,"[""http://tinyurl.com/79086""]","{""from"": ""security@fedex-alert.ml"", ""subject"": ""URGENT: Paypal notice"", ""timestamp"": ""2025-09-06 06:43:00"", ""received_spf"": ""none"", ""dkim"": ""fail"", ""dmarc"": """", ""relay_hops"": 4}",1
Congratulations! You won a prize. Claim at http://tinyurl.com/24605,"[""http://tinyurl.com/24605""]","{""from"": ""security@microsoft-alert.ml"", ""subject"": ""URGENT: Apple notice"", ""timestamp"": ""2025-06-14 19:09:00"", ""received_spf"": ""softfail"", ""dkim"": ""none"", ""dmarc"": """", ""relay_hops"": 7}",1
You are eligible for a tax refund. Provide your details here: http://netflix-secure.ga/login/33525,"[""http://netflix-secure.ga/login/33525""]","{""from"": ""security@apple-alert.cf"", ""subject"": ""URGENT: Dhl notice"", ""timestamp"": ""2025-08-21 12:01:00"", ""received_spf"": ""fail"", ""dkim"": ""fail"", ""dmarc"": ""none"", ""relay_hops"": 9}",1
Reminder: Your appointment with Bankofamerica is scheduled at 10:00 AM.,"[""https://www.google.org/track/87744""]","{""from"": ""noreply@walmart.com"", ""subject"": ""Bankofamerica notification"", ""timestamp"": ""2025-07-18 01:13:00"", ""received_spf"": ""pass"", ""dkim"": ""pass"", ""dmarc"": ""pass"", ""relay_hops"": 1}",0
Your payment could not be processed. Click http://t.co/73309 to update your billing info.,"[""http://t.co/73309""]","{""from"": ""security@dhl-alert.ga"", ""subject"": ""URGENT: Walmart notice"", ""timestamp"": ""2025-07-15 13:44:00"", ""received_spf"": ""softfail"", ""dkim"": ""fail"", ""dmarc"": ""none"", ""relay_hops"": 3}",1
URGENT: Your walmart account has been suspended. Verify immediately: http://ow.ly/49604,"[""http://ow.ly/49604""]","{""from"": ""security@walmart-alert.tk"", ""subject"": ""URGENT: Walmart notice"", ""timestamp"": ""2025-11-11 21:12:00"", ""received_spf"": ""none"", ""dkim"": """", ""dmarc"": ""fail"", ""relay_hops"": 2}",1
Your bankofamerica monthly statement is ready. View it at https://www.amazon.in/track/52217,"[""https://www.amazon.in/track/52217""]","{""from"": ""noreply@walmart.com"", ""subject"": ""Bankofamerica notification"", ""timestamp"": ""2025-05-28 02:45:00"", ""received_spf"": ""pass"", ""dkim"": ""pass"", ""dmarc"": ""pass"", ""relay_hops"": 3}",0
Reminder: Your appointment with Google is scheduled at 11:00 AM.,"[""https://www.amazon.co/track/8824""]","{""from"": ""noreply@apple.com"", ""subject"": ""Google notification"", ""timestamp"": ""2025-09-22 17:25:00"", ""received_spf"": ""pass"", ""dkim"": ""pass"", ""dmarc"": ""pass"", ""relay_hops"": 0}",0
Security Alert: Unusual login activity detected. Confirm your identity: http://amazon-secure.ml/login/25611,"[""http://amazon-secure.ml/login/25611""]","{""from"": ""security@amazon-alert.tk"", ""subject"": ""URGENT: Bankofamerica notice"", ""timestamp"": ""2025-06-15 20:57:00"", ""received_spf"": ""none"", ""dkim"": ""none"", ""dmarc"": ""fail"", ""relay_hops"": 5}",1
Payment received: Thank you for your payment to Dhl.,"[""https://www.google.org/track/33544""]","{""from"": ""noreply@fedex.com"", ""subject"": ""Dhl notification"", ""timestamp"": ""2025-10-28 13:19:00"", ""received_spf"": ""pass"", ""dkim"": ""pass"", ""dmarc"": ""pass"", ""relay_hops"": 0}",0
Delivery notification: Your package is out for delivery. Track: https://www.paypal.net/track/47748,"[""https://www.paypal.net/track/47748""]","{""from"": ""noreply@google.com"", ""subject"": ""Amazon notification"", ""timestamp"": ""2025-03-03 23:20:00"", ""received_spf"": ""pass"", ""dkim"": ""pass"", ""dmarc"": ""pass"", ""relay_hops"": 2}",0
Congratulations! You won a prize. Claim at http://walmart-secure.ml/login/7617,"[""http://walmart-secure.ml/login/7617""]","{""from"": ""security@netflix-alert.xyz"", ""subject"": ""URGENT: Walmart notice"", ""timestamp"": ""2025-11-27 04:14:00"", ""received_spf"": ""fail"", ""dkim"": """", ""dmarc"": ""none"", ""relay_hops"": 4}",1
Your payment could not be processed. Click http://tinyurl.com/92886 to update your billing info.,"[""http://tinyurl.com/92886""]","{""from"": ""security@walmart-alert.cf"", ""subject"": ""URGENT: Bankofamerica notice"", ""timestamp"": ""2025-12-23 10:47:00"", ""received_spf"": ""neutral"", ""dkim"": """", ""dmarc"": ""none"", ""relay_hops"": 6}",1
Your payment could not be processed. Click http://goo.gl/40417 to update your billing info.,"[""http://goo.gl/40417""]","{""from"": ""security@dhl-alert.cf"", ""subject"": ""URGENT: Apple notice"", ""timestamp"": ""2025-08-27 15:28:00"", ""received_spf"": ""fail"", ""dkim"": """", ""dmarc"": """", ""relay_hops"": 3}",1
You are eligible for a tax refund. Provide your details here: http://google-secure.gq/login/14409,"[""http://google-secure.gq/login/14409""]","{""from"": ""security@dhl-alert.gq"", ""subject"": ""URGENT: Microsoft notice"", ""timestamp"": ""2025-09-25 00:19:00"", ""received_spf"": ""softfail"", ""dkim"": ""fail"", ""dmarc"": ""none"", ""relay_hops"": 2}",1
Payment received: Thank you for your payment to Bankofamerica.,"[""https://www.microsoft.net/track/28379""]","{""from"": ""noreply@google.com"", ""subject"": ""Bankofamerica notification"", ""timestamp"": ""2025-12-07 06:14:00"", ""received_spf"": ""pass"", ""dkim"": ""pass"", ""dmarc"": ""pass"", ""relay_hops"": 1}",0
You are eligible for a tax refund. Provide your details here: http://bankofamerica-secure.ga/login/71278,"[""http://bankofamerica-secure.ga/login/71278""]","{""from"": ""security@paypal-alert.gq"", ""subject"": ""URGENT: Paypal notice"", ""timestamp"": ""2025-12-21 11:55:00"", ""received_spf"": ""neutral"", ""dkim"": ""fail"", ""dmarc"": ""fail"", ""relay_hops"": 4}",1
Payment received: Thank you for your payment to Fedex.,"[""https://www.stripe.org/track/70433""]","{""from"": ""noreply@walmart.com"", ""subject"": ""Fedex notification"", ""timestamp"": ""2025-10-06 14:54:00"", ""received_spf"": ""pass"", ""dkim"": ""pass"", ""dmarc"": ""pass"", ""relay_hops"": 1}",0
Your payment could not be processed. Click http://t.co/81303 to update your billing info.,"[""http://t.co/81303""]","{""from"": ""security@google-alert.ga"", ""subject"": ""URGENT: Fedex notice"", ""timestamp"": ""2025-06-11 08:39:00"", ""received_spf"": ""none"", ""dkim"": ""fail"", ""dmarc"": """", ""relay_hops"": 6}",1
Newsletter: Latest updates from Paypal — read more at https://www.stripe.com/track/85851,"[""https://www.stripe.com/track/85851""]","{""from"": ""noreply@apple.com"", ""subject"": ""Paypal notification"", ""timestamp"": ""2025-07-13 23:30:00"", ""received_spf"": ""pass"", ""dkim"": ""pass"", ""dmarc"": ""pass"", ""relay_hops"": 2}",0
Delivery notification: Your package is out for delivery. Track: https://www.netflix.co/track/30610,"[""https://www.netflix.co/track/30610""]","{""from"": ""noreply@amazon.com"", ""subject"": ""Dhl notification"", ""timestamp"": ""2025-12-06 16:32:00"", ""received_spf"": ""pass"", ""dkim"": ""pass"", ""dmarc"": ""pass"", ""relay_hops"": 3}",0
Your walmart monthly statement is ready. View it at https://www.google.org/track/51177,"[""https://www.google.org/track/51177""]","{""from"": ""noreply@bankofamerica.com"", ""subject"": ""Walmart notification"", ""timestamp"": ""2025-05-21 01:54:00"", ""received_spf"": ""pass"", ""dkim"": ""pass"", ""dmarc"": ""pass"", ""relay_hops"": 1}",0
You are eligible for a tax refund. Provide your details here: http://ow.ly/76621,"[""http://ow.ly/76621""]","{""from"": ""security@walmart-alert.cf"", ""subject"": ""URGENT: Stripe notice"", ""timestamp"": ""2025-11-01 16:04:00"", ""received_spf"": ""none"", ""dkim"": ""fail"", ""dmarc"": ""none"", ""relay_hops"": 7}",1
Delivery notification: Your package is out for delivery. Track: https://www.amazon.org/track/53497,"[""https://www.amazon.org/track/53497""]","{""from"": ""noreply@google.com"", ""subject"": ""Fedex notification"", ""timestamp"": ""2025-02-01 17:37:00"", ""received_spf"": ""pass"", ""dkim"": ""pass"", ""dmarc"": ""pass"", ""relay_hops"": 2}",0
Your fedex monthly statement is ready. View it at https://www.walmart.in/track/63151,"[""https://www.walmart.in/track/63151""]","{""from"": ""noreply@dhl.com"", ""subject"": ""Fedex notification"", ""timestamp"": ""2025-05-17 16:04:00"", ""received_spf"": ""pass"", ""dkim"": ""pass"", ""dmarc"": ""pass"", ""relay_hops"": 3}",0
Reminder: Your appointment with Apple is scheduled at 01:00 PM.,"[""https://www.apple.org/track/27090""]","{""from"": ""noreply@google.com"", ""subject"": ""Apple notification"", ""timestamp"": ""2025-03-10 17:07:00"", ""received_spf"": ""pass"", ""dkim"": ""pass"", ""dmarc"": ""pass"", ""relay_hops"": 0}",0
Newsletter: Latest updates from Bankofamerica — read more at https://www.fedex.co/track/23715,"[""https://www.fedex.co/track/23715""]","{""from"": ""noreply@netflix.com"", ""subject"": ""Bankofamerica notification"", ""timestamp"": ""2025-11-28 08:03:00"", ""received_spf"": ""pass"", ""dkim"": ""pass"", ""dmarc"": ""pass"", ""relay_hops"": 3}",0
You are eligible for a tax refund. Provide your details here: http://walmart-secure.cf/login/39475,"[""http://walmart-secure.cf/login/39475""]","{""from"": ""security@microsoft-alert.xyz"", ""subject"": ""URGENT: Paypal notice"", ""timestamp"": ""2025-03-29 20:36:00"", ""received_spf"": ""softfail"", ""dkim"": ""fail"", ""dmarc"": ""none"", ""relay_hops"": 5}",1
You are eligible for a tax refund. Provide your details here: http://fedex-secure.ga/login/56584,"[""http://fedex-secure.ga/login/56584""]","{""from"": ""security@apple-alert.tk"", ""subject"": ""URGENT: Amazon notice"", ""timestamp"": ""2025-07-19 00:13:00"", ""received_spf"": ""fail"", ""dkim"": ""none"", ""dmarc"": ""fail"", ""relay_hops"": 3}",1
Delivery notification: Your package is out for delivery. Track: https://www.netflix.org/track/96855,"[""https://www.netflix.org/track/96855""]","{""from"": ""noreply@bankofamerica.com"", ""subject"": ""Stripe notification"", ""timestamp"": ""2025-10-01 17:14:00"", ""received_spf"": ""pass"", ""dkim"": ""pass"", ""dmarc"": ""pass"", ""relay_hops"": 3}",0
Your payment could not be processed. Click http://amazon-secure.ga/login/86973 to update your billing info.,"[""http://amazon-secure.ga/login/86973""]","{""from"": ""security@netflix-alert.tk"", ""subject"": ""URGENT: Fedex notice"", ""timestamp"": ""2025-03-06 07:35:00"", ""received_spf"": ""fail"", ""dkim"": ""fail"", ""dmarc"": ""none"", ""relay_hops"": 4}",1
Payment received: Thank you for your payment to Dhl.,"[""https://www.bankofamerica.net/track/88986""]","{""from"": ""noreply@microsoft.com"", ""subject"": ""Dhl notification"", ""timestamp"": ""2025-10-05 16:25:00"", ""received_spf"": ""pass"", ""dkim"": ""pass"", ""dmarc"": ""pass"", ""relay_hops"": 3}",0
You are eligible for a tax refund. Provide your details here: http://bankofamerica-secure.ml/login/14105,"[""http://bankofamerica-secure.ml/login/14105""]","{""from"": ""security@amazon-alert.xyz"", ""subject"": ""URGENT: Paypal notice"", ""timestamp"": ""2025-06-01 17:40:00"", ""received_spf"": ""fail"", ""dkim"": """", ""dmarc"": """", ""relay_hops"": 7}",1
Security Alert: Unusual login activity detected. Confirm your identity: http://walmart-secure.xyz/login/4997,"[""http://walmart-secure.xyz/login/4997""]","{""from"": ""security@bankofamerica-alert.ml"", ""subject"": ""URGENT: Apple notice"", ""timestamp"": ""2025-06-16 17:46:00"", ""received_spf"": ""none"", ""dkim"": """", ""dmarc"": ""fail"", ""relay_hops"": 2}",1
Your payment could not be processed. Click http://apple-secure.ml/login/77331 to update your billing info.,"[""http://apple-secure.ml/login/77331""]","{""from"": ""security@apple-alert.gq"", ""subject"": ""URGENT: Walmart notice"", ""timestamp"": ""2025-04-18 08:18:00"", ""received_spf"": ""softfail"", ""dkim"": ""fail"", ""dmarc"": ""fail"", ""relay_hops"": 3}",1
Your fedex monthly statement is ready. View it at https://www.amazon.org/track/42555,"[""https://www.amazon.org/track/42555""]","{""from"": ""noreply@fedex.com"", ""subject"": ""Fedex notification"", ""timestamp"": ""2025-10-13 12:14:00"", ""received_spf"": ""pass"", ""dkim"": ""pass"", ""dmarc"": ""pass"", ""relay_hops"": 2}",0
Reminder: Your appointment with Amazon is scheduled at 01:00 PM.,"[""https://www.walmart.net/track/85103""]","{""from"": ""noreply@stripe.com"", ""subject"": ""Amazon notification"", ""timestamp"": ""2025-07-08 12:17:00"", ""received_spf"": ""pass"", ""dkim"": ""pass"", ""dmarc"": ""pass"", ""relay_hops"": 2}",0
Your bankofamerica monthly statement is ready. View it at https://www.dhl.net/track/77453,"[""https://www.dhl.net/track/77453""]","{""from"": ""noreply@google.com"", ""subject"": ""Bankofamerica notification"", ""timestamp"": ""2025-08-15 18:48:00"", ""received_spf"": ""pass"", ""dkim"": ""pass"", ""dmarc"": ""pass"", ""relay_hops"": 2}",0
Reminder: Your appointment with Google is scheduled at 05:00 PM.,"[""https://www.paypal.in/track/44188""]","{""from"": ""noreply@microsoft.com"", ""subject"": ""Google notification"", ""timestamp"": ""2025-04-26 22:38:00"", ""received_spf"": ""pass"", ""dkim"": ""pass"", ""dmarc"": ""pass"", ""relay_hops"": 0}",0
Security Alert: Unusual login activity detected. Confirm your identity: http://amazon-secure.ml/login/79669,"[""http://amazon-secure.ml/login/79669""]","{""from"": ""security@netflix-alert.ga"", ""subject"": ""URGENT: Walmart notice"", ""timestamp"": ""2025-03-14 14:01:00"", ""received_spf"": ""softfail"", ""dkim"": ""none"", ""dmarc"": ""none"", ""relay_hops"": 9}",1
Newsletter: Latest updates from Apple — read more at https://www.walmart.net/track/43012,"[""https://www.walmart.net/track/43012""]","{""from"": ""noreply@paypal.com"", ""subject"": ""Apple notification"", ""timestamp"": ""2025-02-03 20:46:00"", ""received_spf"": ""pass"", ""dkim"": ""pass"", ""dmarc"": ""pass"", ""relay_hops"": 0}",0
Delivery notification: Your package is out for delivery. Track: https://www.microsoft.com/track/28926,"[""https://www.microsoft.com/track/28926""]","{""from"": ""noreply@stripe.com"", ""subject"": ""Amazon notification"", ""timestamp"": ""2025-08-18 20:40:00"", ""received_spf"": ""pass"", ""dkim"": ""pass"", ""dmarc"": ""pass"", ""relay_hops"": 1}",0
Newsletter: Latest updates from Google — read more at https://www.google.com/track/17195,"[""https://www.google.com/track/17195""]","{""from"": ""noreply@stripe.com"", ""subject"": ""Google notification"", ""timestamp"": ""2025-07-26 18:27:00"", ""received_spf"": ""pass"", ""dkim"": ""pass"", ""dmarc"": ""pass"", ""relay_hops"": 1}",0
Reminder: Your appointment with Google is scheduled at 12:00 PM.,"[""https://www.walmart.in/track/6595""]","{""from"": ""noreply@walmart.com"", ""subject"": ""Google notification"", ""timestamp"": ""2025-11-14 13:39:00"", ""received_spf"": ""pass"", ""dkim"": ""pass"", ""dmarc"": ""pass"", ""relay_hops"": 3}",0
Newsletter: Latest updates from Paypal — read more at https://www.apple.in/track/45170,"[""https://www.apple.in/track/45170""]","{""from"": ""noreply@google.com"", ""subject"": ""Paypal notification"", ""timestamp"": ""2025-01-30 00:57:00"", ""received_spf"": ""pass"", ""dkim"": ""pass"", ""dmarc"": ""pass"", ""relay_hops"": 2}",0
Your bankofamerica monthly statement is ready. View it at https://www.netflix.org/track/57389,"[""https://www.netflix.org/track/57389""]","{""from"": ""noreply@bankofamerica.com"", ""subject"": ""Bankofamerica notification"", ""timestamp"": ""2025-01-27 15:50:00"", ""received_spf"": ""pass"", ""dkim"": ""pass"", ""dmarc"": ""pass"", ""relay_hops"": 3}",0
Reminder: Your appointment with Stripe is scheduled at 03:00 PM.,"[""https://www.apple.co/track/5866""]","{""from"": ""noreply@fedex.com"", ""subject"": ""Stripe notification"", ""timestamp"": ""2025-08-28 02:46:00"", ""received_spf"": ""pass"", ""dkim"": ""pass"", ""dmarc"": ""pass"", ""relay_hops"": 2}",0
Reminder: Your appointment with Amazon is scheduled at 02:00 PM.,"[""https://www.fedex.in/track/72118""]","{""from"": ""noreply@dhl.com"", ""subject"": ""Amazon notification"", ""timestamp"": ""2025-02-08 13:42:00"", ""received_spf"": ""pass"", ""dkim"": ""pass"", ""dmarc"": ""pass"", ""relay_hops"": 3}",0
You are eligible for a tax refund. Provide your details here: http://netflix-secure.ml/login/27376,"[""http://netflix-secure.ml/login/27376""]","{""from"": ""security@walmart-alert.ml"", ""subject"": ""URGENT: Netflix notice"", ""timestamp"": ""2025-10-31 11:17:00"", ""received_spf"": ""none"", ""dkim"": """", ""dmarc"": ""none"", ""relay_hops"": 10}",1
Congratulations! You won a prize. Claim at http://microsoft-secure.xyz/login/32313,"[""http://microsoft-secure.xyz/login/32313""]","{""from"": ""security@amazon-alert.ml"", ""subject"": ""URGENT: Stripe notice"", ""timestamp"": ""2025-07-22 00:55:00"", ""received_spf"": ""neutral"", ""dkim"": """", ""dmarc"": """", ""relay_hops"": 9}",1
You are eligible for a tax refund. Provide your details here: http://microsoft-secure.xyz/login/75045,"[""http://microsoft-secure.xyz/login/75045""]","{""from"": ""security@walmart-alert.tk"", ""subject"": ""URGENT: Netflix notice"", ""timestamp"": ""2025-10-13 09:48:00"", ""received_spf"": ""neutral"", ""dkim"": ""fail"", ""dmarc"": ""none"", ""relay_hops"": 2}",1
Your netflix monthly statement is ready. View it at https://www.bankofamerica.co/track/18532,"[""https://www.bankofamerica.co/track/18532""]","{""from"": ""noreply@fedex.com"", ""subject"": ""Netflix notification"", ""timestamp"": ""2025-12-27 08:58:00"", ""received_spf"": ""pass"", ""dkim"": ""pass"", ""dmarc"": ""pass"", ""relay_hops"": 2}",0
Reminder: Your appointment with Bankofamerica is scheduled at 11:00 AM.,"[""https://www.fedex.org/track/18973""]","{""from"": ""noreply@walmart.com"", ""subject"": ""Bankofamerica notification"", ""timestamp"": ""2025-03-22 08:15:00"", ""received_spf"": ""pass"", ""dkim"": ""pass"", ""dmarc"": ""pass"", ""relay_hops"": 3}",0
You are eligible for a tax refund. Provide your details here: http://amazon-secure.cf/login/24798,"[""http://amazon-secure.cf/login/24798""]","{""from"": ""security@apple-alert.tk"", ""subject"": ""URGENT: Bankofamerica notice"", ""timestamp"": ""2025-05-19 08:51:00"", ""received_spf"": ""softfail"", ""dkim"": ""none"", ""dmarc"": ""fail"", ""relay_hops"": 6}",1
Congratulations! You won a prize. Claim at http://google-secure.tk/login/13022,"[""http://google-secure.tk/login/13022""]","{""from"": ""security@stripe-alert.xyz"", ""subject"": ""URGENT: Amazon notice"", ""timestamp"": ""2025-02-20 02:19:00"", ""received_spf"": ""none"", ""dkim"": """", ""dmarc"": ""none"", ""relay_hops"": 9}",1
Your payment could not be processed. Click http://walmart-secure.ml/login/85153 to update your billing info.,"[""http://walmart-secure.ml/login/85153""]","{""from"": ""security@paypal-alert.tk"", ""subject"": ""URGENT: Walmart notice"", ""timestamp"": ""2025-09-06 03:51:00"", ""received_spf"": ""fail"", ""dkim"": ""fail"", ""dmarc"": """", ""relay_hops"": 7}",1
You are eligible for a tax refund. Provide your details here: http://walmart-secure.cf/login/52611,"[""http://walmart-secure.cf/login/52611""]","{""from"": ""security@dhl-alert.xyz"", ""subject"": ""URGENT: Netflix notice"", ""timestamp"": ""2025-07-18 18:57:00"", ""received_spf"": ""fail"", ""dkim"": ""fail"", ""dmarc"": ""fail"", ""relay_hops"": 2}",1
Payment received: Thank you for your payment to Bankofamerica.,"[""https://www.stripe.com/track/75415""]","{""from"": ""noreply@paypal.com"", ""subject"": ""Bankofamerica notification"", ""timestamp"": ""2025-03-25 12:11:00"", ""received_spf"": ""pass"", ""dkim"": ""pass"", ""dmarc"": ""pass"", ""relay_hops"": 2}",0
Payment received: Thank you for your payment to Apple.,"[""https://www.paypal.in/track/7031""]","{""from"": ""noreply@dhl.com"", ""subject"": ""Apple notification"", ""timestamp"": ""2025-09-08 04:15:00"", ""received_spf"": ""pass"", ""dkim"": ""pass"", ""dmarc"": ""pass"", ""relay_hops"": 3}",0
Reminder: Your appointment with Walmart is scheduled at 02:00 PM.,"[""https://www.microsoft.com/track/24224""]","{""from"": ""noreply@apple.com"", ""subject"": ""Walmart notification"", ""timestamp"": ""2025-08-15 19:57:00"", ""received_spf"": ""pass"", ""dkim"": ""pass"", ""dmarc"": ""pass"", ""relay_hops"": 2}",0
Congratulations! You won a prize. Claim at http://bit.ly/92198,"[""http://bit.ly/92198""]","{""from"": ""security@stripe-alert.ga"", ""subject"": ""URGENT: Stripe notice"", ""timestamp"": ""2025-09-21 00:35:00"", ""received_spf"": ""none"", ""dkim"": ""none"", ""dmarc"": ""none"", ""relay_hops"": 5}",1
Delivery notification: Your package is out for delivery. Track: https://www.bankofamerica.org/track/37101,"[""https://www.bankofamerica.org/track/37101""]","{""from"": ""noreply@google.com"", ""subject"": ""Fedex notification"", ""timestamp"": ""2025-03-12 10:40:00"", ""received_spf"": ""pass"", ""dkim"": ""pass"", ""dmarc"": ""pass"", ""relay_hops"": 3}",0
Delivery notification: Your package is out for delivery. Track: https://www.bankofamerica.in/track/58467,"[""https://www.bankofamerica.in/track/58467""]","{""from"": ""noreply@walmart.com"", ""subject"": ""Fedex notification"", ""timestamp"": ""2025-12-22 22:57:00"", ""received_spf"": ""pass"", ""dkim"": ""pass"", ""dmarc"": ""pass"", ""relay_hops"": 0}",0
URGENT: Your microsoft account has been suspended. Verify immediately: http://tinyurl.com/24929,"[""http://tinyurl.com/24929""]","{""from"": ""security@apple-alert.ga"", ""subject"": ""URGENT: Microsoft notice"", ""timestamp"": ""2025-07-11 17:56:00"", ""received_spf"": ""neutral"", ""dkim"": ""fail"", ""dmarc"": """", ""relay_hops"": 8}",1
Security Alert: Unusual login activity detected. Confirm your identity: http://goo.gl/51870,"[""http://goo.gl/51870""]","{""from"": ""security@paypal-alert.xyz"", ""subject"": ""URGENT: Netflix notice"", ""timestamp"": ""2025-02-25 14:23:00"", ""received_spf"": ""softfail"", ""dkim"": ""none"", ""dmarc"": """", ""relay_hops"": 8}",1
Security Alert: Unusual login activity detected. Confirm your identity: http://apple-secure.ml/login/92359,"[""http://apple-secure.ml/login/92359""]","{""from"": ""security@google-alert.gq"", ""subject"": ""URGENT: Dhl notice"", ""timestamp"": ""2025-02-07 00:13:00"", ""received_spf"": ""fail"", ""dkim"": """", ""dmarc"": """", ""relay_hops"": 4}",1
Payment received: Thank you for your payment to Amazon.,"[""https://www.google.co/track/76788""]","{""from"": ""noreply@dhl.com"", ""subject"": ""Amazon notification"", ""timestamp"": ""2025-04-25 09:01:00"", ""received_spf"": ""pass"", ""dkim"": ""pass"", ""dmarc"": ""pass"", ""relay_hops"": 0}",0
Payment received: Thank you for your payment to Paypal.,"[""https://www.bankofamerica.in/track/65349""]","{""from"": ""noreply@microsoft.com"", ""subject"": ""Paypal notification"", ""timestamp"": ""2025-10-02 19:23:00"", ""received_spf"": ""pass"", ""dkim"": ""pass"", ""dmarc"": ""pass"", ""relay_hops"": 3}",0
Delivery notification: Your package is out for delivery. Track: https://www.walmart.in/track/94519,"[""https://www.walmart.in/track/94519""]","{""from"": ""noreply@apple.com"", ""subject"": ""Dhl notification"", ""timestamp"": ""2025-06-22 11:20:00"", ""received_spf"": ""pass"", ""dkim"": ""pass"", ""dmarc"": ""pass"", ""relay_hops"": 1}",0
Delivery notification: Your package is out for delivery. Track: https://www.google.com/track/47143,"[""https://www.google.com/track/47143""]","{""from"": ""noreply@apple.com"", ""subject"": ""Paypal notification"", ""timestamp"": ""2025-09-26 23:15:00"", ""received_spf"": ""pass"", ""dkim"": ""pass"", ""dmarc"": ""pass"", ""relay_hops"": 1}",0
Payment received: Thank you for your payment to Walmart.,"[""https://www.dhl.net/track/84363""]","{""from"": ""noreply@apple.com"", ""subject"": ""Walmart notification"", ""timestamp"": ""2025-11-10 14:25:00"", ""received_spf"": ""pass"", ""dkim"": ""pass"", ""dmarc"": ""pass"", ""relay_hops"": 2}",0
Your payment could not be processed. Click http://paypal-secure.ga/login/38368 to update your billing info.,"[""http://paypal-secure.ga/login/38368""]","{""from"": ""security@bankofamerica-alert.gq"", ""subject"": ""URGENT: Google notice"", ""timestamp"": ""2025-09-30 03:35:00"", ""received_spf"": ""none"", ""dkim"": ""fail"", ""dmarc"": ""none"", ""relay_hops"": 2}",1
Your payment could not be processed. Click http://dhl-secure.xyz/login/93055 to update your billing info.,"[""http://dhl-secure.xyz/login/93055""]","{""from"": ""security@dhl-alert.xyz"", ""subject"": ""URGENT: Bankofamerica notice"", ""timestamp"": ""2025-06-07 15:37:00"", ""received_spf"": ""fail"", ""dkim"": """", ""dmarc"": ""none"", ""relay_hops"": 3}",1
Congratulations! You won a prize. Claim at http://stripe-secure.xyz/login/73901,"[""http://stripe-secure.xyz/login/73901""]","{""from"": ""security@paypal-alert.tk"", ""subject"": ""URGENT: Netflix notice"", ""timestamp"": ""2025-07-06 13:31:00"", ""received_spf"": ""fail"", ""dkim"": ""none"", ""dmarc"": ""fail"", ""relay_hops"": 6}",1
Congratulations! You won a prize. Claim at http://goo.gl/94742,"[""http://goo.gl/94742""]","{""from"": ""security@bankofamerica-alert.tk"", ""subject"": ""URGENT: Bankofamerica notice"", ""timestamp"": ""2025-08-28 14:05:00"", ""received_spf"": ""neutral"", ""dkim"": ""fail"", ""dmarc"": ""fail"", ""relay_hops"": 3}",1
Newsletter: Latest updates from Dhl — read more at https://www.dhl.co/track/7742,"[""https://www.dhl.co/track/7742""]","{""from"": ""noreply@apple.com"", ""subject"": ""Dhl notification"", ""timestamp"": ""2025-05-26 04:52:00"", ""received_spf"": ""pass"", ""dkim"": ""pass"", ""dmarc"": ""pass"", ""relay_hops"": 2}",0
Security Alert: Unusual login activity detected. Confirm your identity: http://paypal-secure.xyz/login/40699,"[""http://paypal-secure.xyz/login/40699""]","{""from"": ""security@netflix-alert.tk"", ""subject"": ""URGENT: Bankofamerica notice"", ""timestamp"": ""2025-08-08 01:59:00"", ""received_spf"": ""fail"", ""dkim"": """", ""dmarc"": """", ""relay_hops"": 6}",1
Newsletter: Latest updates from Apple — read more at https://www.microsoft.com/track/29767,"[""https://www.microsoft.com/track/29767""]","{""from"": ""noreply@stripe.com"", ""subject"": ""Apple notification"", ""timestamp"": ""2025-12-21 12:04:00"", ""received_spf"": ""pass"", ""dkim"": ""pass"", ""dmarc"": ""pass"", ""relay_hops"": 1}",0
Reminder: Your appointment with Amazon is scheduled at 05:00 PM.,"[""https://www.netflix.com/track/36148""]","{""from"": ""noreply@amazon.com"", ""subject"": ""Amazon notification"", ""timestamp"": ""2025-02-28 20:02:00"", ""received_spf"": ""pass"", ""dkim"": ""pass"", ""dmarc"": ""pass"", ""relay_hops"": 1}",0
Your google monthly statement is ready. View it at https://www.netflix.in/track/23245,"[""https://www.netflix.in/track/23245""]","{""from"": ""noreply@google.com"", ""subject"": ""Google notification"", ""timestamp"": ""2025-01-12 10:55:00"", ""received_spf"": ""pass"", ""dkim"": ""pass"", ""dmarc"": ""pass"", ""relay_hops"": 1}",0
Newsletter: Latest updates from Netflix — read more at https://www.microsoft.in/track/90765,"[""https://www.microsoft.in/track/90765""]","{""from"": ""noreply@netflix.com"", ""subject"": ""Netflix notification"", ""timestamp"": ""2025-05-08 18:24:00"", ""received_spf"": ""pass"", ""dkim"": ""pass"", ""dmarc"": ""pass"", ""relay_hops"": 3}",0
Delivery notification: Your package is out for delivery. Track: https://www.netflix.net/track/29316,"[""https://www.netflix.net/track/29316""]","{""from"": ""noreply@apple.com"", ""subject"": ""Apple notification"", ""timestamp"": ""2025-03-18 04:56:00"", ""received_spf"": ""pass"", ""dkim"": ""pass"", ""dmarc"": ""pass"", ""relay_hops"": 1}",0
Newsletter: Latest updates from Microsoft — read more at https://www.microsoft.co/track/58376,"[""https://www.microsoft.co/track/58376""]","{""from"": ""noreply@google.com"", ""subject"": ""Microsoft notification"", ""timestamp"": ""2025-01-02 09:53:00"", ""received_spf"": ""pass"", ""dkim"": ""pass"", ""dmarc"": ""pass"", ""relay_hops"": 1}",0
Delivery notification: Your package is out for delivery. Track: https://www.microsoft.org/track/50741,"[""https://www.microsoft.org/track/50741""]","{""from"": ""noreply@amazon.com"", ""subject"": ""Google notification"", ""timestamp"": ""2025-12-05 16:37:00"", ""received_spf"": ""pass"", ""dkim"": ""pass"", ""dmarc"": ""pass"", ""relay_hops"": 2}",0
You are eligible for a tax refund. Provide your details here: http://tinyurl.com/23770,"[""http://tinyurl.com/23770""]","{""from"": ""security@bankofamerica-alert.xyz"", ""subject"": ""URGENT: Bankofamerica notice"", ""timestamp"": ""2025-10-15 12:39:00"", ""received_spf"": ""none"", ""dkim"": ""fail"", ""dmarc"": ""none"", ""relay_hops"": 10}",1
Security Alert: Unusual login activity detected. Confirm your identity: http://dhl-secure.gq/login/46512,"[""http://dhl-secure.gq/login/46512""]","{""from"": ""security@stripe-alert.ml"", ""subject"": ""URGENT: Google notice"", ""timestamp"": ""2025-05-24 03:46:00"", ""received_spf"": ""none"", ""dkim"": """", ""dmarc"": """", ""relay_hops"": 8}",1
Your bankofamerica monthly statement is ready. View it at https://www.apple.net/track/98156,"[""https://www.apple.net/track/98156""]","{""from"": ""noreply@apple.com"", ""subject"": ""Bankofamerica notification"", ""timestamp"": ""2025-05-11 09:02:00"", ""received_spf"": ""pass"", ""dkim"": ""pass"", ""dmarc"": ""pass"", ""relay_hops"": 3}",0
Your payment could not be processed. Click http://fedex-secure.ml/login/38904 to update your billing info.,"[""http://fedex-secure.ml/login/38904""]","{""from"": ""security@microsoft-alert.tk"", ""subject"": ""URGENT: Apple notice"", ""timestamp"": ""2025-09-07 16:00:00"", ""received_spf"": ""softfail"", ""dkim"": """", ""dmarc"": """", ""relay_hops"": 10}",1
Newsletter: Latest updates from Google — read more at https://www.microsoft.org/track/7024,"[""https://www.microsoft.org/track/7024""]","{""from"": ""noreply@walmart.com"", ""subject"": ""Google notification"", ""timestamp"": ""2025-07-09 00:19:00"", ""received_spf"": ""pass"", ""dkim"": ""pass"", ""dmarc"": ""pass"", ""relay_hops"": 2}",0
Delivery notification: Your package is out for delivery. Track: https://www.paypal.net/track/2297,"[""https://www.paypal.net/track/2297""]","{""from"": ""noreply@stripe.com"", ""subject"": ""Fedex notification"", ""timestamp"": ""2025-01-13 23:36:00"", ""received_spf"": ""pass"", ""dkim"": ""pass"", ""dmarc"": ""pass"", ""relay_hops"": 0}",0
Your bankofamerica monthly statement is ready. View it at https://www.fedex.net/track/65774,"[""https://www.fedex.net/track/65774""]","{""from"": ""noreply@amazon.com"", ""subject"": ""Bankofamerica notification"", ""timestamp"": ""2025-10-04 19:15:00"", ""received_spf"": ""pass"", ""dkim"": ""pass"", ""dmarc"": ""pass"", ""relay_hops"": 0}",0
Congratulations! You won a prize. Claim at http://stripe-secure.ga/login/65683,"[""http://stripe-secure.ga/login/65683""]","{""from"": ""security@walmart-alert.tk"", ""subject"": ""URGENT: Fedex notice"", ""timestamp"": ""2025-01-11 17:43:00"", ""received_spf"": ""fail"", ""dkim"": ""fail"", ""dmarc"": ""none"", ""relay_hops"": 3}",1
Congratulations! You won a prize. Claim at http://ow.ly/12038,"[""http://ow.ly/12038""]","{""from"": ""security@google-alert.gq"", ""subject"": ""URGENT: Microsoft notice"", ""timestamp"": ""2025-01-17 12:20:00"", ""received_spf"": ""fail"", ""dkim"": ""fail"", ""dmarc"": ""fail"", ""relay_hops"": 5}",1
Your payment could not be processed. Click http://amazon-secure.cf/login/16242 to update your billing info.,"[""http://amazon-secure.cf/login/16242""]","{""from"": ""security@paypal-alert.ml"", ""subject"": ""URGENT: Dhl notice"", ""timestamp"": ""2025-09-07 16:08:00"", ""received_spf"": ""neutral"", ""dkim"": """", ""dmarc"": ""none"", ""relay_hops"": 5}",1
Newsletter: Latest updates from Stripe — read more at https://www.walmart.net/track/29756,"[""https://www.walmart.net/track/29756""]","{""from"": ""noreply@stripe.com"", ""subject"": ""Stripe notification"", ""timestamp"": ""2025-01-23 19:09:00"", ""received_spf"": ""pass"", ""dkim"": ""pass"", ""dmarc"": ""pass"", ""relay_hops"": 2}",0
Your microsoft monthly statement is ready. View it at https://www.paypal.net/track/93735,"[""https://www.paypal.net/track/93735""]","{""from"": ""noreply@amazon.com"", ""subject"": ""Microsoft notification"", ""timestamp"": ""2025-09-02 12:44:00"", ""received_spf"": ""pass"", ""dkim"": ""pass"", ""dmarc"": ""pass"", ""relay_hops"": 0}",0
Reminder: Your appointment with Microsoft is scheduled at 06:00 PM.,"[""https://www.stripe.com/track/94131""]","{""from"": ""noreply@paypal.com"", ""subject"": ""Microsoft notification"", ""timestamp"": ""2025-06-07 20:24:00"", ""received_spf"": ""pass"", ""dkim"": ""pass"", ""dmarc"": ""pass"", ""relay_hops"": 1}",0
Reminder: Your appointment with Amazon is scheduled at 04:00 PM.,"[""https://www.bankofamerica.com/track/12191""]","{""from"": ""noreply@paypal.com"", ""subject"": ""Amazon notification"", ""timestamp"": ""2025-06-10 10:17:00"", ""received_spf"": ""pass"", ""dkim"": ""pass"", ""dmarc"": ""pass"", ""relay_hops"": 2}",0
Newsletter: Latest updates from Stripe — read more at https://www.google.org/track/29213,"[""https://www.google.org/track/29213""]","{""from"": ""noreply@google.com"", ""subject"": ""Stripe notification"", ""timestamp"": ""2025-06-22 10:44:00"", ""received_spf"": ""pass"", ""dkim"": ""pass"", ""dmarc"": ""pass"", ""relay_hops"": 0}",0
Payment received: Thank you for your payment to Apple.,"[""https://www.paypal.net/track/12864""]","{""from"": ""noreply@microsoft.com"", ""subject"": ""Apple notification"", ""timestamp"": ""2025-11-06 18:01:00"", ""received_spf"": ""pass"", ""dkim"": ""pass"", ""dmarc"": ""pass"", ""relay_hops"": 0}",0
Newsletter: Latest updates from Fedex — read more at https://www.google.in/track/52445,"[""https://www.google.in/track/52445""]","{""from"": ""noreply@bankofamerica.com"", ""subject"": ""Fedex notification"", ""timestamp"": ""2025-12-21 07:27:00"", ""received_spf"": ""pass"", ""dkim"": ""pass"", ""dmarc"": ""pass"", ""relay_hops"": 1}",0
Your fedex monthly statement is ready. View it at https://www.dhl.co/track/9085,"[""https://www.dhl.co/track/9085""]","{""from"": ""noreply@bankofamerica.com"", ""subject"": ""Fedex notification"", ""timestamp"": ""2025-01-17 17:13:00"", ""received_spf"": ""pass"", ""dkim"": ""pass"", ""dmarc"": ""pass"", ""relay_hops"": 1}",0
Congratulations! You won a prize. Claim at http://walmart-secure.tk/login/16129,"[""http://walmart-secure.tk/login/16129""]","{""from"": ""security@stripe-alert.tk"", ""subject"": ""URGENT: Amazon notice"", ""timestamp"": ""2025-11-01 21:17:00"", ""received_spf"": ""none"", ""dkim"": ""none"", ""dmarc"": ""none"", ""relay_hops"": 9}",1
Your payment could not be processed. Click http://dhl-secure.xyz/login/53408 to update your billing info.,"[""http://dhl-secure.xyz/login/53408""]","{""from"": ""security@microsoft-alert.cf"", ""subject"": ""URGENT: Amazon notice"", ""timestamp"": ""2025-04-30 17:06:00"", ""received_spf"": ""softfail"", ""dkim"": """", ""dmarc"": ""fail"", ""relay_hops"": 3}",1
Security Alert: Unusual login activity detected. Confirm your identity: http://apple-secure.cf/login/21736,"[""http://apple-secure.cf/login/21736""]","{""from"": ""security@apple-alert.tk"", ""subject"": ""URGENT: Paypal notice"", ""timestamp"": ""2025-11-07 06:31:00"", ""received_spf"": ""neutral"", ""dkim"": ""fail"", ""dmarc"": ""none"", ""relay_hops"": 8}",1
Your payment could not be processed. Click http://amazon-secure.ga/login/68009 to update your billing info.,"[""http://amazon-secure.ga/login/68009""]","{""from"": ""security@dhl-alert.gq"", ""subject"": ""URGENT: Walmart notice"", ""timestamp"": ""2025-03-19 04:42:00"", ""received_spf"": ""softfail"", ""dkim"": """", ""dmarc"": """", ""relay_hops"": 3}",1
Newsletter: Latest updates from Dhl — read more at https://www.apple.in/track/6472,"[""https://www.apple.in/track/6472""]","{""from"": ""noreply@microsoft.com"", ""subject"": ""Dhl notification"", ""timestamp"": ""2025-03-04 07:32:00"", ""received_spf"": ""pass"", ""dkim"": ""pass"", ""dmarc"": ""pass"", ""relay_hops"": 2}",0
Congratulations! You won a prize. Claim at http://fedex-secure.ml/login/12967,"[""http://fedex-secure.ml/login/12967""]","{""from"": ""security@netflix-alert.tk"", ""subject"": ""URGENT: Google notice"", ""timestamp"": ""2025-01-12 03:29:00"", ""received_spf"": ""softfail"", ""dkim"": """", ""dmarc"": """", ""relay_hops"": 6}",1
Newsletter: Latest updates from Bankofamerica — read more at https://www.stripe.com/track/20610,"[""https://www.stripe.com/track/20610""]","{""from"": ""noreply@bankofamerica.com"", ""subject"": ""Bankofamerica notification"", ""timestamp"": ""2025-09-04 07:22:00"", ""received_spf"": ""pass"", ""dkim"": ""pass"", ""dmarc"": ""pass"", ""relay_hops"": 2}",0
Congratulations! You won a prize. Claim at http://amazon-secure.gq/login/78602,"[""http://amazon-secure.gq/login/78602""]","{""from"": ""security@netflix-alert.ga"", ""subject"": ""URGENT: Fedex notice"", ""timestamp"": ""2025-12-28 18:17:00"", ""received_spf"": ""none"", ""dkim"": ""none"", ""dmarc"": """", ""relay_hops"": 9}",1
Your payment could not be processed. Click http://google-secure.gq/login/63206 to update your billing info.,"[""http://google-secure.gq/login/63206""]","{""from"": ""security@walmart-alert.ml"", ""subject"": ""URGENT: Microsoft notice"", ""timestamp"": ""2025-09-24 19:58:00"", ""received_spf"": ""softfail"", ""dkim"": ""none"", ""dmarc"": ""none"", ""relay_hops"": 10}",1
Security Alert: Unusual login activity detected. Confirm your identity: http://google-secure.gq/login/13880,"[""http://google-secure.gq/login/13880""]","{""from"": ""security@paypal-alert.xyz"", ""subject"": ""URGENT: Stripe notice"", ""timestamp"": ""2025-09-26 10:05:00"", ""received_spf"": ""softfail"", ""dkim"": ""none"", ""dmarc"": """", ""relay_hops"": 8}",1
Delivery notification: Your package is out for delivery. Track: https://www.apple.in/track/64267,"[""https://www.apple.in/track/64267""]","{""from"": ""noreply@google.com"", ""subject"": ""Netflix notification"", ""timestamp"": ""2025-02-22 04:36:00"", ""received_spf"": ""pass"", ""dkim"": ""pass"", ""dmarc"": ""pass"", ""relay_hops"": 0}",0
Your paypal monthly statement is ready. View it at https://www.bankofamerica.in/track/92502,"[""https://www.bankofamerica.in/track/92502""]","{""from"": ""noreply@microsoft.com"", ""subject"": ""Paypal notification"", ""timestamp"": ""2025-08-08 23:25:00"", ""received_spf"": ""pass"", ""dkim"": ""pass"", ""dmarc"": ""pass"", ""relay_hops"": 2}",0
Newsletter: Latest updates from Amazon — read more at https://www.fedex.org/track/24185,"[""https://www.fedex.org/track/24185""]","{""from"": ""noreply@apple.com"", ""subject"": ""Amazon notification"", ""timestamp"": ""2025-01-20 01:18:00"", ""received_spf"": ""pass"", ""dkim"": ""pass"", ""dmarc"": ""pass"", ""relay_hops"": 1}",0
Reminder: Your appointment with Netflix is scheduled at 09:00 AM.,"[""https://www.paypal.org/track/88992""]","{""from"": ""noreply@fedex.com"", ""subject"": ""Netflix notification"", ""timestamp"": ""2025-06-11 10:02:00"", ""received_spf"": ""pass"", ""dkim"": ""pass"", ""dmarc"": ""pass"", ""relay_hops"": 2}",0
Your microsoft monthly statement is ready. View it at https://www.amazon.com/track/35213,"[""https://www.amazon.com/track/35213""]","{""from"": ""noreply@stripe.com"", ""subject"": ""Microsoft notification"", ""timestamp"": ""2025-06-01 02:00:00"", ""received_spf"": ""pass"", ""dkim"": ""pass"", ""dmarc"": ""pass"", ""relay_hops"": 0}",0
You are eligible for a tax refund. Provide your details here: http://stripe-secure.ga/login/47125,"[""http://stripe-secure.ga/login/47125""]","{""from"": ""security@walmart-alert.ga"", ""subject"": ""URGENT: Bankofamerica notice"", ""timestamp"": ""2025-02-18 15:52:00"", ""received_spf"": ""none"", ""dkim"": ""none"", ""dmarc"": """", ""relay_hops"": 5}",1
Payment received: Thank you for your payment to Dhl.,"[""https://www.dhl.net/track/20706""]","{""from"": ""noreply@amazon.com"", ""subject"": ""Dhl notification"", ""timestamp"": ""2025-02-25 18:08:00"", ""received_spf"": ""pass"", ""dkim"": ""pass"", ""dmarc"": ""pass"", ""relay_hops"": 1}",0
Congratulations! You won a prize. Claim at http://apple-secure.ga/login/2424,"[""http://apple-secure.ga/login/2424""]","{""from"": ""security@microsoft-alert.tk"", ""subject"": ""URGENT: Dhl notice"", ""timestamp"": ""2025-06-13 02:37:00"", ""received_spf"": ""none"", ""dkim"": """", ""dmarc"": ""none"", ""relay_hops"": 9}",1
Delivery notification: Your package is out for delivery. Track: https://www.netflix.com/track/78811,"[""https://www.netflix.com/track/78811""]","{""from"": ""noreply@walmart.com"", ""subject"": ""Amazon notification"", ""timestamp"": ""2025-02-07 23:06:00"", ""received_spf"": ""pass"", ""dkim"": ""pass"", ""dmarc"": ""pass"", ""relay_hops"": 2}",0
Security Alert: Unusual login activity detected. Confirm your identity: http://goo.gl/44569,"[""http://goo.gl/44569""]","{""from"": ""security@walmart-alert.xyz"", ""subject"": ""URGENT: Netflix notice"", ""timestamp"": ""2025-08-06 06:28:00"", ""received_spf"": ""none"", ""dkim"": ""fail"", ""dmarc"": ""fail"", ""relay_hops"": 7}",1
Reminder: Your appointment with Amazon is scheduled at 12:00 PM.,"[""https://www.microsoft.net/track/7592""]","{""from"": ""noreply@walmart.com"", ""subject"": ""Amazon notification"", ""timestamp"": ""2025-06-27 18:00:00"", ""received_spf"": ""pass"", ""dkim"": ""pass"", ""dmarc"": ""pass"", ""relay_hops"": 2}",0
Payment received: Thank you for your payment to Microsoft.,"[""https://www.netflix.org/track/45723""]","{""from"": ""noreply@bankofamerica.com"", ""subject"": ""Microsoft notification"", ""timestamp"": ""2025-06-27 03:24:00"", ""received_spf"": ""pass"", ""dkim"": ""pass"", ""dmarc"": ""pass"", ""relay_hops"": 1}",0
Delivery notification: Your package is out for delivery. Track: https://www.amazon.org/track/46465,"[""https://www.amazon.org/track/46465""]","{""from"": ""noreply@dhl.com"", ""subject"": ""Amazon notification"", ""timestamp"": ""2025-10-30 18:29:00"", ""received_spf"": ""pass"", ""dkim"": ""pass"", ""dmarc"": ""pass"", ""relay_hops"": 1}",0
Newsletter: Latest updates from Dhl — read more at https://www.stripe.in/track/78396,"[""https://www.stripe.in/track/78396""]","{""from"": ""noreply@amazon.com"", ""subject"": ""Dhl notification"", ""timestamp"": ""2025-07-21 08:52:00"", ""received_spf"": ""pass"", ""dkim"": ""pass"", ""dmarc"": ""pass"", ""relay_hops"": 0}",0
You are eligible for a tax refund. Provide your details here: http://netflix-secure.tk/login/13997,"[""http://netflix-secure.tk/login/13997""]","{""from"": ""security@google-alert.ga"", ""subject"": ""URGENT: Dhl notice"", ""timestamp"": ""2025-08-24 15:23:00"", ""received_spf"": ""none"", ""dkim"": """", ""dmarc"": ""fail"", ""relay_hops"": 10}",1
You are eligible for a tax refund. Provide your details here: http://stripe-secure.cf/login/25040,"[""http://stripe-secure.cf/login/25040""]","{""from"": ""security@bankofamerica-alert.xyz"", ""subject"": ""URGENT: Bankofamerica notice"", ""timestamp"": ""2025-09-15 00:26:00"", ""received_spf"": ""softfail"", ""dkim"": """", ""dmarc"": ""none"", ""relay_hops"": 3}",1
Payment received: Thank you for your payment to Apple.,"[""https://www.walmart.com/track/73277""]","{""from"": ""noreply@google.com"", ""subject"": ""Apple notification"", ""timestamp"": ""2025-05-25 12:07:00"", ""received_spf"": ""pass"", ""dkim"": ""pass"", ""dmarc"": ""pass"", ""relay_hops"": 2}",0
Congratulations! You won a prize. Claim at http://ow.ly/74250,"[""http://ow.ly/74250""]","{""from"": ""security@paypal-alert.ga"", ""subject"": ""URGENT: Netflix notice"", ""timestamp"": ""2025-04-04 03:19:00"", ""received_spf"": ""neutral"", ""dkim"": ""fail"", ""dmarc"": ""fail"", ""relay_hops"": 2}",1
Your netflix monthly statement is ready. View it at https://www.google.net/track/95429,"[""https://www.google.net/track/95429""]","{""from"": ""noreply@stripe.com"", ""subject"": ""Netflix notification"", ""timestamp"": ""2025-02-26 20:21:00"", ""received_spf"": ""pass"", ""dkim"": ""pass"", ""dmarc"": ""pass"", ""relay_hops"": 2}",0
Your google monthly statement is ready. View it at https://www.stripe.com/track/78501,"[""https://www.stripe.com/track/78501""]","{""from"": ""noreply@paypal.com"", ""subject"": ""Google notification"", ""timestamp"": ""2025-05-06 03:21:00"", ""received_spf"": ""pass"", ""dkim"": ""pass"", ""dmarc"": ""pass"", ""relay_hops"": 0}",0
URGENT: Your microsoft account has been suspended. Verify immediately: http://google-secure.cf/login/40522,"[""http://google-secure.cf/login/40522""]","{""from"": ""security@amazon-alert.tk"", ""subject"": ""URGENT: Microsoft notice"", ""timestamp"": ""2025-09-19 08:15:00"", ""received_spf"": ""fail"", ""dkim"": ""fail"", ""dmarc"": ""none"", ""relay_hops"": 10}",1
URGENT: Your stripe account has been suspended. Verify immediately: http://google-secure.ga/login/88058,"[""http://google-secure.ga/login/88058""]","{""from"": ""security@stripe-alert.cf"", ""subject"": ""URGENT: Stripe notice"", ""timestamp"": ""2025-11-21 19:33:00"", ""received_spf"": ""none"", ""dkim"": ""fail"", ""dmarc"": ""none"", ""relay_hops"": 4}",1
Your microsoft monthly statement is ready. View it at https://www.microsoft.in/track/55784,"[""https://www.microsoft.in/track/55784""]","{""from"": ""noreply@amazon.com"", ""subject"": ""Microsoft notification"", ""timestamp"": ""2025-05-14 17:46:00"", ""received_spf"": ""pass"", ""dkim"": ""pass"", ""dmarc"": ""pass"", ""relay_hops"": 3}",0
Your dhl monthly statement is ready. View it at https://www.dhl.co/track/96325,"[""https://www.dhl.co/track/96325""]","{""from"": ""noreply@bankofamerica.com"", ""subject"": ""Dhl notification"", ""timestamp"": ""2025-03-04 20:16:00"", ""received_spf"": ""pass"", ""dkim"": ""pass"", ""dmarc"": ""pass"", ""relay_hops"": 3}",0
Newsletter: Latest updates from Dhl — read more at https://www.microsoft.co/track/98540,"[""https://www.microsoft.co/track/98540""]","{""from"": ""noreply@apple.com"", ""subject"": ""Dhl notification"", ""timestamp"": ""2025-05-03 12:08:00"", ""received_spf"": ""pass"", ""dkim"": ""pass"", ""dmarc"": ""pass"", ""relay_hops"": 3}",0
Reminder: Your appointment with Paypal is scheduled at 04:00 PM.,"[""https://www.paypal.com/track/90772""]","{""from"": ""noreply@fedex.com"", ""subject"": ""Paypal notification"", ""timestamp"": ""2025-08-22 13:02:00"", ""received_spf"": ""pass"", ""dkim"": ""pass"", ""dmarc"": ""pass"", ""relay_hops"": 2}",0
Your dhl monthly statement is ready. View it at https://www.microsoft.net/track/96373,"[""https://www.microsoft.net/track/96373""]","{""from"": ""noreply@google.com"", ""subject"": ""Dhl notification"", ""timestamp"": ""2025-08-27 04:17:00"", ""received_spf"": ""pass"", ""dkim"": ""pass"", ""dmarc"": ""pass"", ""relay_hops"": 1}",0
Payment received: Thank you for your payment to Apple.,"[""https://www.bankofamerica.in/track/14614""]","{""from"": ""noreply@bankofamerica.com"", ""subject"": ""Apple notification"", ""timestamp"": ""2025-09-10 09:08:00"", ""received_spf"": ""pass"", ""dkim"": ""pass"", ""dmarc"": ""pass"", ""relay_hops"": 2}",0
URGENT: Your dhl account has been suspended. Verify immediately: http://walmart-secure.gq/login/21033,"[""http://walmart-secure.gq/login/21033""]","{""from"": ""security@paypal-alert.xyz"", ""subject"": ""URGENT: Dhl notice"", ""timestamp"": ""2025-09-29 15:37:00"", ""received_spf"": ""softfail"", ""dkim"": """", ""dmarc"": ""fail"", ""relay_hops"": 8}",1
You are eligible for a tax refund. Provide your details here: http://dhl-secure.gq/login/67149,"[""http://dhl-secure.gq/login/67149""]","{""from"": ""security@google-alert.ga"", ""subject"": ""URGENT: Dhl notice"", ""timestamp"": ""2025-04-02 20:54:00"", ""received_spf"": ""fail"", ""dkim"": """", ""dmarc"": ""none"", ""relay_hops"": 8}",1
Newsletter: Latest updates from Amazon — read more at https://www.bankofamerica.org/track/39101,"[""https://www.bankofamerica.org/track/39101""]","{""from"": ""noreply@walmart.com"", ""subject"": ""Amazon notification"", ""timestamp"": ""2025-11-16 18:13:00"", ""received_spf"": ""pass"", ""dkim"": ""pass"", ""dmarc"": ""pass"", ""relay_hops"": 2}",0
Reminder: Your appointment with Apple is scheduled at 08:00 AM.,"[""https://www.fedex.co/track/63340""]","{""from"": ""noreply@amazon.com"", ""subject"": ""Apple notification"", ""timestamp"": ""2025-12-29 11:35:00"", ""received_spf"": ""pass"", ""dkim"": ""pass"", ""dmarc"": ""pass"", ""relay_hops"": 2}",0
Newsletter: Latest updates from Walmart — read more at https://www.fedex.net/track/58262,"[""https://www.fedex.net/track/58262""]","{""from"": ""noreply@walmart.com"", ""subject"": ""Walmart notification"", ""timestamp"": ""2025-07-10 04:06:00"", ""received_spf"": ""pass"", ""dkim"": ""pass"", ""dmarc"": ""pass"", ""relay_hops"": 1}",0
Your stripe monthly statement is ready. View it at https://www.paypal.org/track/51227,"[""https://www.paypal.org/track/51227""]","{""from"": ""noreply@walmart.com"", ""subject"": ""Stripe notification"", ""timestamp"": ""2025-11-13 20:19:00"", ""received_spf"": ""pass"", ""dkim"": ""pass"", ""dmarc"": ""pass"", ""relay_hops"": 2}",0
Newsletter: Latest updates from Walmart — read more at https://www.microsoft.org/track/11460,"[""https://www.microsoft.org/track/11460""]","{""from"": ""noreply@netflix.com"", ""subject"": ""Walmart notification"", ""timestamp"": ""2025-01-30 09:35:00"", ""received_spf"": ""pass"", ""dkim"": ""pass"", ""dmarc"": ""pass"", ""relay_hops"": 1}",0
URGENT: Your amazon account has been suspended. Verify immediately: http://stripe-secure.ga/login/96886,"[""http://stripe-secure.ga/login/96886""]","{""from"": ""security@microsoft-alert.tk"", ""subject"": ""URGENT: Amazon notice"", ""timestamp"": ""2025-02-04 16:23:00"", ""received_spf"": ""neutral"", ""dkim"": ""fail"", ""dmarc"": ""fail"", ""relay_hops"": 6}",1
URGENT: Your amazon account has been suspended. Verify immediately: http://apple-secure.ga/login/53724,"[""http://apple-secure.ga/login/53724""]","{""from"": ""security@fedex-alert.gq"", ""subject"": ""URGENT: Amazon notice"", ""timestamp"": ""2025-09-28 06:07:00"", ""received_spf"": ""none"", ""dkim"": """", ""dmarc"": ""fail"", ""relay_hops"": 7}",1
Congratulations! You won a prize. Claim at http://bit.ly/98960,"[""http://bit.ly/98960""]","{""from"": ""security@paypal-alert.gq"", ""subject"": ""URGENT: Amazon notice"", ""timestamp"": ""2025-09-13 00:19:00"", ""received_spf"": ""fail"", ""dkim"": ""none"", ""dmarc"": ""fail"", ""relay_hops"": 4}",1
Your bankofamerica monthly statement is ready. View it at https://www.amazon.org/track/93896,"[""https://www.amazon.org/track/93896""]","{""from"": ""noreply@dhl.com"", ""subject"": ""Bankofamerica notification"", ""timestamp"": ""2025-10-18 22:01:00"", ""received_spf"": ""pass"", ""dkim"": ""pass"", ""dmarc"": ""pass"", ""relay_hops"": 1}",0
Newsletter: Latest updates from Fedex — read more at https://www.amazon.org/track/13147,"[""https://www.amazon.org/track/13147""]","{""from"": ""noreply@paypal.com"", ""subject"": ""Fedex notification"", ""timestamp"": ""2025-05-11 08:21:00"", ""received_spf"": ""pass"", ""dkim"": ""pass"", ""dmarc"": ""pass"", ""relay_hops"": 3}",0
Congratulations! You won a prize. Claim at http://netflix-secure.ml/login/70574,"[""http://netflix-secure.ml/login/70574""]","{""from"": ""security@paypal-alert.ga"", ""subject"": ""URGENT: Paypal notice"", ""timestamp"": ""2025-03-07 08:40:00"", ""received_spf"": ""softfail"", ""dkim"": ""none"", ""dmarc"": """", ""relay_hops"": 6}",1
Your walmart monthly statement is ready. View it at https://www.paypal.in/track/38667,"[""https://www.paypal.in/track/38667""]","{""from"": ""noreply@stripe.com"", ""subject"": ""Walmart notification"", ""timestamp"": ""2025-06-26 03:42:00"", ""received_spf"": ""pass"", ""dkim"": ""pass"", ""dmarc"": ""pass"", ""relay_hops"": 0}",0
Your netflix monthly statement is ready. View it at https://www.microsoft.org/track/17761,"[""https://www.microsoft.org/track/17761""]","{""from"": ""noreply@bankofamerica.com"", ""subject"": ""Netflix notification"", ""timestamp"": ""2025-12-14 09:19:00"", ""received_spf"": ""pass"", ""dkim"": ""pass"", ""dmarc"": ""pass"", ""relay_hops"": 3}",0
You are eligible for a tax refund. Provide your details here: http://dhl-secure.tk/login/42912,"[""http://dhl-secure.tk/login/42912""]","{""from"": ""security@microsoft-alert.cf"", ""subject"": ""URGENT: Dhl notice"", ""timestamp"": ""2025-04-07 13:19:00"", ""received_spf"": ""fail"", ""dkim"": """", ""dmarc"": """", ""relay_hops"": 5}",1
Payment received: Thank you for your payment to Microsoft.,"[""https://www.microsoft.co/track/95512""]","{""from"": ""noreply@netflix.com"", ""subject"": ""Microsoft notification"", ""timestamp"": ""2025-08-14 17:26:00"", ""received_spf"": ""pass"", ""dkim"": ""pass"", ""dmarc"": ""pass"", ""relay_hops"": 1}",0
Your payment could not be processed. Click http://paypal-secure.ga/login/3758 to update your billing info.,"[""http://paypal-secure.ga/login/3758""]","{""from"": ""security@dhl-alert.ga"", ""subject"": ""URGENT: Stripe notice"", ""timestamp"": ""2025-09-02 20:11:00"", ""received_spf"": ""fail"", ""dkim"": ""fail"", ""dmarc"": ""fail"", ""relay_hops"": 4}",1
Delivery notification: Your package is out for delivery. Track: https://www.paypal.net/track/38948,"[""https://www.paypal.net/track/38948""]","{""from"": ""noreply@stripe.com"", ""subject"": ""Stripe notification"", ""timestamp"": ""2025-06-20 08:18:00"", ""received_spf"": ""pass"", ""dkim"": ""pass"", ""dmarc"": ""pass"", ""relay_hops"": 2}",0
Your payment could not be processed. Click http://ow.ly/20375 to update your billing info.,"[""http://ow.ly/20375""]","{""from"": ""security@apple-alert.tk"", ""subject"": ""URGENT: Netflix notice"", ""timestamp"": ""2025-07-10 10:45:00"", ""received_spf"": ""fail"", ""dkim"": ""none"", ""dmarc"": ""fail"", ""relay_hops"": 5}",1
Payment received: Thank you for your payment to Dhl.,"[""https://www.apple.org/track/15737""]","{""from"": ""noreply@amazon.com"", ""subject"": ""Dhl notification"", ""timestamp"": ""2025-01-13 09:57:00"", ""received_spf"": ""pass"", ""dkim"": ""pass"", ""dmarc"": ""pass"", ""relay_hops"": 0}",0
Congratulations! You won a prize. Claim at http://ow.ly/52549,"[""http://ow.ly/52549""]","{""from"": ""security@apple-alert.ml"", ""subject"": ""URGENT: Walmart notice"", ""timestamp"": ""2025-09-11 00:57:00"", ""received_spf"": ""softfail"", ""dkim"": """", ""dmarc"": """", ""relay_hops"": 3}",1
Reminder: Your appointment with Microsoft is scheduled at 12:00 PM.,"[""https://www.bankofamerica.com/track/57262""]","{""from"": ""noreply@dhl.com"", ""subject"": ""Microsoft notification"", ""timestamp"": ""2025-07-31 15:42:00"", ""received_spf"": ""pass"", ""dkim"": ""pass"", ""dmarc"": ""pass"", ""relay_hops"": 3}",0
Newsletter: Latest updates from Dhl — read more at https://www.bankofamerica.org/track/18985,"[""https://www.bankofamerica.org/track/18985""]","{""from"": ""noreply@paypal.com"", ""subject"": ""Dhl notification"", ""timestamp"": ""2025-12-31 13:59:00"", ""received_spf"": ""pass"", ""dkim"": ""pass"", ""dmarc"": ""pass"", ""relay_hops"": 3}",0
Payment received: Thank you for your payment to Paypal.,"[""https://www.google.org/track/98612""]","{""from"": ""noreply@dhl.com"", ""subject"": ""Paypal notification"", ""timestamp"": ""2025-05-15 00:13:00"", ""received_spf"": ""pass"", ""dkim"": ""pass"", ""dmarc"": ""pass"", ""relay_hops"": 1}",0
Your payment could not be processed. Click http://t.co/77140 to update your billing info.,"[""http://t.co/77140""]","{""from"": ""security@walmart-alert.gq"", ""subject"": ""URGENT: Fedex notice"", ""timestamp"": ""2025-02-02 07:28:00"", ""received_spf"": ""softfail"", ""dkim"": """", ""dmarc"": ""none"", ""relay_hops"": 8}",1
Newsletter: Latest updates from Fedex — read more at https://www.walmart.com/track/54376,"[""https://www.walmart.com/track/54376""]","{""from"": ""noreply@dhl.com"", ""subject"": ""Fedex notification"", ""timestamp"": ""2025-11-28 11:46:00"", ""received_spf"": ""pass"", ""dkim"": ""pass"", ""dmarc"": ""pass"", ""relay_hops"": 1}",0
Payment received: Thank you for your payment to Dhl.,"[""https://www.microsoft.com/track/71900""]","{""from"": ""noreply@walmart.com"", ""subject"": ""Dhl notification"", ""timestamp"": ""2025-06-12 11:48:00"", ""received_spf"": ""pass"", ""dkim"": ""pass"", ""dmarc"": ""pass"", ""relay_hops"": 0}",0
Congratulations! You won a prize. Claim at http://walmart-secure.ml/login/6493,"[""http://walmart-secure.ml/login/6493""]","{""from"": ""security@apple-alert.ml"", ""subject"": ""URGENT: Amazon notice"", ""timestamp"": ""2025-02-10 04:35:00"", ""received_spf"": ""none"", ""dkim"": """", ""dmarc"": ""none"", ""relay_hops"": 8}",1
Delivery notification: Your package is out for delivery. Track: https://www.stripe.net/track/63255,"[""https://www.stripe.net/track/63255""]","{""from"": ""noreply@apple.com"", ""subject"": ""Netflix notification"", ""timestamp"": ""2025-03-06 06:55:00"", ""received_spf"": ""pass"", ""dkim"": ""pass"", ""dmarc"": ""pass"", ""relay_hops"": 2}",0
Newsletter: Latest updates from Fedex — read more at https://www.fedex.in/track/66288,"[""https://www.fedex.in/track/66288""]","{""from"": ""noreply@amazon.com"", ""subject"": ""Fedex notification"", ""timestamp"": ""2025-09-16 13:47:00"", ""received_spf"": ""pass"", ""dkim"": ""pass"", ""dmarc"": ""pass"", ""relay_hops"": 1}",0
Newsletter: Latest updates from Stripe — read more at https://www.microsoft.com/track/32677,"[""https://www.microsoft.com/track/32677""]","{""from"": ""noreply@dhl.com"", ""subject"": ""Stripe notification"", ""timestamp"": ""2025-09-10 05:11:00"", ""received_spf"": ""pass"", ""dkim"": ""pass"", ""dmarc"": ""pass"", ""relay_hops"": 3}",0
Your walmart monthly statement is ready. View it at https://www.amazon.co/track/38850,"[""https://www.amazon.co/track/38850""]","{""from"": ""noreply@microsoft.com"", ""subject"": ""Walmart notification"", ""timestamp"": ""2025-11-06 23:42:00"", ""received_spf"": ""pass"", ""dkim"": ""pass"", ""dmarc"": ""pass"", ""relay_hops"": 2}",0
Reminder: Your appointment with Bankofamerica is scheduled at 11:00 AM.,"[""https://www.walmart.com/track/15118""]","{""from"": ""noreply@fedex.com"", ""subject"": ""Bankofamerica notification"", ""timestamp"": ""2025-12-12 23:56:00"", ""received_spf"": ""pass"", ""dkim"": ""pass"", ""dmarc"": ""pass"", ""relay_hops"": 1}",0
Congratulations! You won a prize. Claim at http://netflix-secure.xyz/login/86391,"[""http://netflix-secure.xyz/login/86391""]","{""from"": ""security@amazon-alert.xyz"", ""subject"": ""URGENT: Google notice"", ""timestamp"": ""2025-03-30 16:12:00"", ""received_spf"": ""fail"", ""dkim"": """", ""dmarc"": ""none"", ""relay_hops"": 8}",1
Delivery notification: Your package is out for delivery. Track: https://www.google.in/track/48037,"[""https://www.google.in/track/48037""]","{""from"": ""noreply@fedex.com"", ""subject"": ""Apple notification"", ""timestamp"": ""2025-08-25 09:48:00"", ""received_spf"": ""pass"", ""dkim"": ""pass"", ""dmarc"": ""pass"", ""relay_hops"": 3}",0
Payment received: Thank you for your payment to Apple.,"[""https://www.microsoft.net/track/38848""]","{""from"": ""noreply@microsoft.com"", ""subject"": ""Apple notification"", ""timestamp"": ""2025-05-13 02:47:00"", ""received_spf"": ""pass"", ""dkim"": ""pass"", ""dmarc"": ""pass"", ""relay_hops"": 3}",0
URGENT: Your microsoft account has been suspended. Verify immediately: http://google-secure.cf/login/51860,"[""http://google-secure.cf/login/51860""]","{""from"": ""security@fedex-alert.xyz"", ""subject"": ""URGENT: Microsoft notice"", ""timestamp"": ""2025-01-04 04:53:00"", ""received_spf"": ""fail"", ""dkim"": """", ""dmarc"": ""fail"", ""relay_hops"": 8}",1
Newsletter: Latest updates from Fedex — read more at https://www.paypal.in/track/46081,"[""https://www.paypal.in/track/46081""]","{""from"": ""noreply@walmart.com"", ""subject"": ""Fedex notification"", ""timestamp"": ""2025-04-23 17:40:00"", ""received_spf"": ""pass"", ""dkim"": ""pass"", ""dmarc"": ""pass"", ""relay_hops"": 1}",0
Payment received: Thank you for your payment to Amazon.,"[""https://www.amazon.org/track/91067""]","{""from"": ""noreply@microsoft.com"", ""subject"": ""Amazon notification"", ""timestamp"": ""2025-09-30 05:07:00"", ""received_spf"": ""pass"", ""dkim"": ""pass"", ""dmarc"": ""pass"", ""relay_hops"": 0}",0
Newsletter: Latest updates from Paypal — read more at https://www.apple.co/track/26744,"[""https://www.apple.co/track/26744""]","{""from"": ""noreply@google.com"", ""subject"": ""Paypal notification"", ""timestamp"": ""2025-02-23 23:13:00"", ""received_spf"": ""pass"", ""dkim"": ""pass"", ""dmarc"": ""pass"", ""relay_hops"": 0}",0
URGENT: Your fedex account has been suspended. Verify immediately: http://t.co/28822,"[""http://t.co/28822""]","{""from"": ""security@netflix-alert.gq"", ""subject"": ""URGENT: Fedex notice"", ""timestamp"": ""2025-06-22 23:53:00"", ""received_spf"": ""softfail"", ""dkim"": ""none"", ""dmarc"": """", ""relay_hops"": 5}",1
Delivery notification: Your package is out for delivery. Track: https://www.apple.org/track/82538,"[""https://www.apple.org/track/82538""]","{""from"": ""noreply@bankofamerica.com"", ""subject"": ""Apple notification"", ""timestamp"": ""2025-04-13 12:25:00"", ""received_spf"": ""pass"", ""dkim"": ""pass"", ""dmarc"": ""pass"", ""relay_hops"": 0}",0
Congratulations! You won a prize. Claim at http://fedex-secure.ga/login/83744,"[""http://fedex-secure.ga/login/83744""]","{""from"": ""security@dhl-alert.tk"", ""subject"": ""URGENT: Walmart notice"", ""timestamp"": ""2025-01-28 21:59:00"", ""received_spf"": ""none"", ""dkim"": ""none"", ""dmarc"": ""fail"", ""relay_hops"": 8}",1
Your paypal monthly statement is ready. View it at https://www.bankofamerica.org/track/87386,"[""https://www.bankofamerica.org/track/87386""]","{""from"": ""noreply@google.com"", ""subject"": ""Paypal notification"", ""timestamp"": ""2025-09-30 15:42:00"", ""received_spf"": ""pass"", ""dkim"": ""pass"", ""dmarc"": ""pass"", ""relay_hops"": 0}",0
Your paypal monthly statement is ready. View it at https://www.paypal.com/track/54951,"[""https://www.paypal.com/track/54951""]","{""from"": ""noreply@stripe.com"", ""subject"": ""Paypal notification"", ""timestamp"": ""2025-01-31 22:49:00"", ""received_spf"": ""pass"", ""dkim"": ""pass"", ""dmarc"": ""pass"", ""relay_hops"": 1}",0
Payment received: Thank you for your payment to Walmart.,"[""https://www.paypal.net/track/23794""]","{""from"": ""noreply@google.com"", ""subject"": ""Walmart notification"", ""timestamp"": ""2025-08-22 15:13:00"", ""received_spf"": ""pass"", ""dkim"": ""pass"", ""dmarc"": ""pass"", ""relay_hops"": 1}",0
Newsletter: Latest updates from Fedex — read more at https://www.amazon.in/track/78051,"[""https://www.amazon.in/track/78051""]","{""from"": ""noreply@microsoft.com"", ""subject"": ""Fedex notification"", ""timestamp"": ""2025-10-15 20:40:00"", ""received_spf"": ""pass"", ""dkim"": ""pass"", ""dmarc"": ""pass"", ""relay_hops"": 2}",0
Payment received: Thank you for your payment to Microsoft.,"[""https://www.dhl.com/track/32892""]","{""from"": ""noreply@dhl.com"", ""subject"": ""Microsoft notification"", ""timestamp"": ""2025-04-14 11:07:00"", ""received_spf"": ""pass"", ""dkim"": ""pass"", ""dmarc"": ""pass"", ""relay_hops"": 0}",0
URGENT: Your apple account has been suspended. Verify immediately: http://amazon-secure.gq/login/8268,"[""http://amazon-secure.gq/login/8268""]","{""from"": ""security@microsoft-alert.tk"", ""subject"": ""URGENT: Apple notice"", ""timestamp"": ""2025-11-19 19:24:00"", ""received_spf"": ""softfail"", ""dkim"": ""fail"", ""dmarc"": ""none"", ""relay_hops"": 3}",1
Payment received: Thank you for your payment to Google.,"[""https://www.walmart.org/track/64442""]","{""from"": ""noreply@dhl.com"", ""subject"": ""Google notification"", ""timestamp"": ""2025-07-01 23:04:00"", ""received_spf"": ""pass"", ""dkim"": ""pass"", ""dmarc"": ""pass"", ""relay_hops"": 0}",0
Reminder: Your appointment with Bankofamerica is scheduled at 10:00 AM.,"[""https://www.apple.org/track/18890""]","{""from"": ""noreply@microsoft.com"", ""subject"": ""Bankofamerica notification"", ""timestamp"": ""2025-03-23 00:24:00"", ""received_spf"": ""pass"", ""dkim"": ""pass"", ""dmarc"": ""pass"", ""relay_hops"": 1}",0
Your payment could not be processed. Click http://fedex-secure.ml/login/28021 to update your billing info.,"[""http://fedex-secure.ml/login/28021""]","{""from"": ""security@walmart-alert.xyz"", ""subject"": ""URGENT: Apple notice"", ""timestamp"": ""2025-10-05 10:07:00"", ""received_spf"": ""softfail"", ""dkim"": """", ""dmarc"": ""fail"", ""relay_hops"": 4}",1
Payment received: Thank you for your payment to Microsoft.,"[""https://www.fedex.in/track/49094""]","{""from"": ""noreply@google.com"", ""subject"": ""Microsoft notification"", ""timestamp"": ""2025-09-17 02:56:00"", ""received_spf"": ""pass"", ""dkim"": ""pass"", ""dmarc"": ""pass"", ""relay_hops"": 2}",0
Newsletter: Latest updates from Stripe — read more at https://www.bankofamerica.org/track/11752,"[""https://www.bankofamerica.org/track/11752""]","{""from"": ""noreply@walmart.com"", ""subject"": ""Stripe notification"", ""timestamp"": ""2025-05-17 11:05:00"", ""received_spf"": ""pass"", ""dkim"": ""pass"", ""dmarc"": ""pass"", ""relay_hops"": 1}",0
Congratulations! You won a prize. Claim at http://stripe-secure.ml/login/69449,"[""http://stripe-secure.ml/login/69449""]","{""from"": ""security@stripe-alert.ml"", ""subject"": ""URGENT: Google notice"", ""timestamp"": ""2025-02-24 14:09:00"", ""received_spf"": ""fail"", ""dkim"": """", ""dmarc"": """", ""relay_hops"": 6}",1
Your stripe monthly statement is ready. View it at https://www.fedex.in/track/8448,"[""https://www.fedex.in/track/8448""]","{""from"": ""noreply@microsoft.com"", ""subject"": ""Stripe notification"", ""timestamp"": ""2025-02-08 05:18:00"", ""received_spf"": ""pass"", ""dkim"": ""pass"", ""dmarc"": ""pass"", ""relay_hops"": 0}",0
Payment received: Thank you for your payment to Dhl.,"[""https://www.fedex.com/track/59436""]","{""from"": ""noreply@stripe.com"", ""subject"": ""Dhl notification"", ""timestamp"": ""2025-09-10 23:15:00"", ""received_spf"": ""pass"", ""dkim"": ""pass"", ""dmarc"": ""pass"", ""relay_hops"": 3}",0
Newsletter: Latest updates from Paypal — read more at https://www.amazon.com/track/15193,"[""https://www.amazon.com/track/15193""]","{""from"": ""noreply@fedex.com"", ""subject"": ""Paypal notification"", ""timestamp"": ""2025-05-22 17:55:00"", ""received_spf"": ""pass"", ""dkim"": ""pass"", ""dmarc"": ""pass"", ""relay_hops"": 1}",0
Security Alert: Unusual login activity detected. Confirm your identity: http://apple-secure.gq/login/32665,"[""http://apple-secure.gq/login/32665""]","{""from"": ""security@bankofamerica-alert.cf"", ""subject"": ""URGENT: Bankofamerica notice"", ""timestamp"": ""2025-12-25 17:35:00"", ""received_spf"": ""none"", ""dkim"": ""fail"", ""dmarc"": ""fail"", ""relay_hops"": 8}",1
Newsletter: Latest updates from Fedex — read more at https://www.amazon.net/track/11477,"[""https://www.amazon.net/track/11477""]","{""from"": ""noreply@google.com"", ""subject"": ""Fedex notification"", ""timestamp"": ""2025-09-04 04:32:00"", ""received_spf"": ""pass"", ""dkim"": ""pass"", ""dmarc"": ""pass"", ""relay_hops"": 2}",0
You are eligible for a tax refund. Provide your details here: http://dhl-secure.ml/login/64777,"[""http://dhl-secure.ml/login/64777""]","{""from"": ""security@apple-alert.ga"", ""subject"": ""URGENT: Dhl notice"", ""timestamp"": ""2025-04-08 09:16:00"", ""received_spf"": ""none"", ""dkim"": """", ""dmarc"": """", ""relay_hops"": 4}",1
Newsletter: Latest updates from Microsoft — read more at https://www.stripe.org/track/45809,"[""https://www.stripe.org/track/45809""]","{""from"": ""noreply@netflix.com"", ""subject"": ""Microsoft notification"", ""timestamp"": ""2025-08-22 20:44:00"", ""received_spf"": ""pass"", ""dkim"": ""pass"", ""dmarc"": ""pass"", ""relay_hops"": 0}",0
Newsletter: Latest updates from Dhl — read more at https://www.fedex.co/track/15482,"[""https://www.fedex.co/track/15482""]","{""from"": ""noreply@paypal.com"", ""subject"": ""Dhl notification"", ""timestamp"": ""2025-07-18 09:31:00"", ""received_spf"": ""pass"", ""dkim"": ""pass"", ""dmarc"": ""pass"", ""relay_hops"": 1}",0
Your apple monthly statement is ready. View it at https://www.google.co/track/54727,"[""https://www.google.co/track/54727""]","{""from"": ""noreply@dhl.com"", ""subject"": ""Apple notification"", ""timestamp"": ""2025-09-15 11:23:00"", ""received_spf"": ""pass"", ""dkim"": ""pass"", ""dmarc"": ""pass"", ""relay_hops"": 0}",0
Newsletter: Latest updates from Netflix — read more at https://www.bankofamerica.co/track/59049,"[""https://www.bankofamerica.co/track/59049""]","{""from"": ""noreply@paypal.com"", ""subject"": ""Netflix notification"", ""timestamp"": ""2025-08-20 14:21:00"", ""received_spf"": ""pass"", ""dkim"": ""pass"", ""dmarc"": ""pass"", ""relay_hops"": 2}",0
Your payment could not be processed. Click http://dhl-secure.ga/login/45357 to update your billing info.,"[""http://dhl-secure.ga/login/45357""]","{""from"": ""security@netflix-alert.ml"", ""subject"": ""URGENT: Fedex notice"", ""timestamp"": ""2025-10-02 01:36:00"", ""received_spf"": ""neutral"", ""dkim"": ""fail"", ""dmarc"": ""none"", ""relay_hops"": 4}",1
Payment received: Thank you for your payment to Google.,"[""https://www.amazon.org/track/87940""]","{""from"": ""noreply@fedex.com"", ""subject"": ""Google notification"", ""timestamp"": ""2025-05-15 10:17:00"", ""received_spf"": ""pass"", ""dkim"": ""pass"", ""dmarc"": ""pass"", ""relay_hops"": 1}",0
Your microsoft monthly statement is ready. View it at https://www.fedex.org/track/53670,"[""https://www.fedex.org/track/53670""]","{""from"": ""noreply@bankofamerica.com"", ""subject"": ""Microsoft notification"", ""timestamp"": ""2025-10-23 05:27:00"", ""received_spf"": ""pass"", ""dkim"": ""pass"", ""dmarc"": ""pass"", ""relay_hops"": 1}",0
Security Alert: Unusual login activity detected. Confirm your identity: http://stripe-secure.ml/login/82378,"[""http://stripe-secure.ml/login/82378""]","{""from"": ""security@paypal-alert.gq"", ""subject"": ""URGENT: Dhl notice"", ""timestamp"": ""2025-10-31 07:49:00"", ""received_spf"": ""fail"", ""dkim"": """", ""dmarc"": ""none"", ""relay_hops"": 5}",1
Delivery notification: Your package is out for delivery. Track: https://www.bankofamerica.com/track/7548,"[""https://www.bankofamerica.com/track/7548""]","{""from"": ""noreply@apple.com"", ""subject"": ""Apple notification"", ""timestamp"": ""2025-10-19 03:22:00"", ""received_spf"": ""pass"", ""dkim"": ""pass"", ""dmarc"": ""pass"", ""relay_hops"": 3}",0
Your payment could not be processed. Click http://microsoft-secure.ga/login/21330 to update your billing info.,"[""http://microsoft-secure.ga/login/21330""]","{""from"": ""security@amazon-alert.ga"", ""subject"": ""URGENT: Stripe notice"", ""timestamp"": ""2025-03-16 10:21:00"", ""received_spf"": ""softfail"", ""dkim"": ""fail"", ""dmarc"": ""none"", ""relay_hops"": 7}",1
Payment received: Thank you for your payment to Microsoft.,"[""https://www.dhl.co/track/13264""]","{""from"": ""noreply@dhl.com"", ""subject"": ""Microsoft notification"", ""timestamp"": ""2025-01-18 15:38:00"", ""received_spf"": ""pass"", ""dkim"": ""pass"", ""dmarc"": ""pass"", ""relay_hops"": 2}",0
Newsletter: Latest updates from Amazon — read more at https://www.google.com/track/32309,"[""https://www.google.com/track/32309""]","{""from"": ""noreply@stripe.com"", ""subject"": ""Amazon notification"", ""timestamp"": ""2025-06-15 13:53:00"", ""received_spf"": ""pass"", ""dkim"": ""pass"", ""dmarc"": ""pass"", ""relay_hops"": 1}",0
Congratulations! You won a prize. Claim at http://apple-secure.ga/login/50776,"[""http://apple-secure.ga/login/50776""]","{""from"": ""security@apple-alert.cf"", ""subject"": ""URGENT: Netflix notice"", ""timestamp"": ""2025-12-18 12:06:00"", ""received_spf"": ""neutral"", ""dkim"": ""fail"", ""dmarc"": ""none"", ""relay_hops"": 10}",1
Delivery notification: Your package is out for delivery. Track: https://www.bankofamerica.net/track/68412,"[""https://www.bankofamerica.net/track/68412""]","{""from"": ""noreply@amazon.com"", ""subject"": ""Walmart notification"", ""timestamp"": ""2025-04-18 08:37:00"", ""received_spf"": ""pass"", ""dkim"": ""pass"", ""dmarc"": ""pass"", ""relay_hops"": 3}",0
Security Alert: Unusual login activity detected. Confirm your identity: http://paypal-secure.ml/login/84345,"[""http://paypal-secure.ml/login/84345""]","{""from"": ""security@dhl-alert.ml"", ""subject"": ""URGENT: Amazon notice"", ""timestamp"": ""2025-01-09 05:47:00"", ""received_spf"": ""none"", ""dkim"": ""none"", ""dmarc"": ""none"", ""relay_hops"": 6}",1
Payment received: Thank you for your payment to Amazon.,"[""https://www.dhl.net/track/82447""]","{""from"": ""noreply@bankofamerica.com"", ""subject"": ""Amazon notification"", ""timestamp"": ""2025-07-15 13:33:00"", ""received_spf"": ""pass"", ""dkim"": ""pass"", ""dmarc"": ""pass"", ""relay_hops"": 2}",0
Newsletter: Latest updates from Microsoft — read more at https://www.amazon.com/track/38036,"[""https://www.amazon.com/track/38036""]","{""from"": ""noreply@microsoft.com"", ""subject"": ""Microsoft notification"", ""timestamp"": ""2025-02-08 05:42:00"", ""received_spf"": ""pass"", ""dkim"": ""pass"", ""dmarc"": ""pass"", ""relay_hops"": 0}",0
Reminder: Your appointment with Dhl is scheduled at 08:00 AM.,"[""https://www.microsoft.co/track/87302""]","{""from"": ""noreply@apple.com"", ""subject"": ""Dhl notification"", ""timestamp"": ""2025-01-10 10:57:00"", ""received_spf"": ""pass"", ""dkim"": ""pass"", ""dmarc"": ""pass"", ""relay_hops"": 2}",0
You are eligible for a tax refund. Provide your details here: http://fedex-secure.xyz/login/82109,"[""http://fedex-secure.xyz/login/82109""]","{""from"": ""security@apple-alert.gq"", ""subject"": ""URGENT: Dhl notice"", ""timestamp"": ""2025-12-18 01:24:00"", ""received_spf"": ""fail"", ""dkim"": ""fail"", ""dmarc"": ""none"", ""relay_hops"": 6}",1
Your payment could not be processed. Click http://walmart-secure.ga/login/30103 to update your billing info.,"[""http://walmart-secure.ga/login/30103""]","{""from"": ""security@netflix-alert.ga"", ""subject"": ""URGENT: Stripe notice"", ""timestamp"": ""2025-01-22 06:04:00"", ""received_spf"": ""neutral"", ""dkim"": ""none"", ""dmarc"": ""none"", ""relay_hops"": 2}",1
Security Alert: Unusual login activity detected. Confirm your identity: http://ow.ly/94745,"[""http://ow.ly/94745""]","{""from"": ""security@dhl-alert.ga"", ""subject"": ""URGENT: Microsoft notice"", ""timestamp"": ""2025-03-01 23:05:00"", ""received_spf"": ""softfail"", ""dkim"": ""none"", ""dmarc"": ""none"", ""relay_hops"": 7}",1
Your google monthly statement is ready. View it at https://www.dhl.in/track/82236,"[""https://www.dhl.in/track/82236""]","{""from"": ""noreply@microsoft.com"", ""subject"": ""Google notification"", ""timestamp"": ""2025-08-19 21:34:00"", ""received_spf"": ""pass"", ""dkim"": ""pass"", ""dmarc"": ""pass"", ""relay_hops"": 0}",0
You are eligible for a tax refund. Provide your details here: http://microsoft-secure.cf/login/13717,"[""http://microsoft-secure.cf/login/13717""]","{""from"": ""security@stripe-alert.gq"", ""subject"": ""URGENT: Walmart notice"", ""timestamp"": ""2025-11-11 09:28:00"", ""received_spf"": ""fail"", ""dkim"": ""fail"", ""dmarc"": ""fail"", ""relay_hops"": 4}",1
Your payment could not be processed. Click http://amazon-secure.ga/login/64998 to update your billing info.,"[""http://amazon-secure.ga/login/64998""]","{""from"": ""security@fedex-alert.cf"", ""subject"": ""URGENT: Dhl notice"", ""timestamp"": ""2025-07-22 15:19:00"", ""received_spf"": ""softfail"", ""dkim"": """", ""dmarc"": ""fail"", ""relay_hops"": 2}",1
Reminder: Your appointment with Walmart is scheduled at 05:00 PM.,"[""https://www.stripe.co/track/66815""]","{""from"": ""noreply@fedex.com"", ""subject"": ""Walmart notification"", ""timestamp"": ""2025-04-20 04:08:00"", ""received_spf"": ""pass"", ""dkim"": ""pass"", ""dmarc"": ""pass"", ""relay_hops"": 0}",0
Your paypal monthly statement is ready. View it at https://www.amazon.org/track/57701,"[""https://www.amazon.org/track/57701""]","{""from"": ""noreply@stripe.com"", ""subject"": ""Paypal notification"", ""timestamp"": ""2025-02-21 07:57:00"", ""received_spf"": ""pass"", ""dkim"": ""pass"", ""dmarc"": ""pass"", ""relay_hops"": 1}",0
Newsletter: Latest updates from Paypal — read more at https://www.netflix.com/track/11838,"[""https://www.netflix.com/track/11838""]","{""from"": ""noreply@microsoft.com"", ""subject"": ""Paypal notification"", ""timestamp"": ""2025-10-23 12:44:00"", ""received_spf"": ""pass"", ""dkim"": ""pass"", ""dmarc"": ""pass"", ""relay_hops"": 1}",0
Payment received: Thank you for your payment to Netflix.,"[""https://www.stripe.com/track/59664""]","{""from"": ""noreply@fedex.com"", ""subject"": ""Netflix notification"", ""timestamp"": ""2025-05-01 14:19:00"", ""received_spf"": ""pass"", ""dkim"": ""pass"", ""dmarc"": ""pass"", ""relay_hops"": 1}",0
Security Alert: Unusual login activity detected. Confirm your identity: http://paypal-secure.ml/login/24902,"[""http://paypal-secure.ml/login/24902""]","{""from"": ""security@google-alert.ga"", ""subject"": ""URGENT: Walmart notice"", ""timestamp"": ""2025-06-16 12:00:00"", ""received_spf"": ""none"", ""dkim"": """", ""dmarc"": """", ""relay_hops"": 7}",1
Security Alert: Unusual login activity detected. Confirm your identity: http://ow.ly/84191,"[""http://ow.ly/84191""]","{""from"": ""security@paypal-alert.xyz"", ""subject"": ""URGENT: Bankofamerica notice"", ""timestamp"": ""2025-03-25 03:56:00"", ""received_spf"": ""fail"", ""dkim"": ""none"", ""dmarc"": ""fail"", ""relay_hops"": 2}",1
Delivery notification: Your package is out for delivery. Track: https://www.google.in/track/42364,"[""https://www.google.in/track/42364""]","{""from"": ""noreply@dhl.com"", ""subject"": ""Apple notification"", ""timestamp"": ""2025-12-26 11:54:00"", ""received_spf"": ""pass"", ""dkim"": ""pass"", ""dmarc"": ""pass"", ""relay_hops"": 2}",0
Delivery notification: Your package is out for delivery. Track: https://www.walmart.org/track/5157,"[""https://www.walmart.org/track/5157""]","{""from"": ""noreply@apple.com"", ""subject"": ""Walmart notification"", ""timestamp"": ""2025-06-03 11:31:00"", ""received_spf"": ""pass"", ""dkim"": ""pass"", ""dmarc"": ""pass"", ""relay_hops"": 3}",0
URGENT: Your apple account has been suspended. Verify immediately: http://t.co/78620,"[""http://t.co/78620""]","{""from"": ""security@apple-alert.cf"", ""subject"": ""URGENT: Apple notice"", ""timestamp"": ""2025-01-14 01:20:00"", ""received_spf"": ""fail"", ""dkim"": """", ""dmarc"": ""none"", ""relay_hops"": 7}",1
Congratulations! You won a prize. Claim at http://amazon-secure.ml/login/10259,"[""http://amazon-secure.ml/login/10259""]","{""from"": ""security@google-alert.ga"", ""subject"": ""URGENT: Apple notice"", ""timestamp"": ""2025-08-26 07:33:00"", ""received_spf"": ""softfail"", ""dkim"": """", ""dmarc"": ""none"", ""relay_hops"": 9}",1
Payment received: Thank you for your payment to Dhl.,"[""https://www.dhl.org/track/29462""]","{""from"": ""noreply@amazon.com"", ""subject"": ""Dhl notification"", ""timestamp"": ""2025-02-07 19:25:00"", ""received_spf"": ""pass"", ""dkim"": ""pass"", ""dmarc"": ""pass"", ""relay_hops"": 2}",0
Reminder: Your appointment with Fedex is scheduled at 01:00 PM.,"[""https://www.apple.org/track/54437""]","{""from"": ""noreply@apple.com"", ""subject"": ""Fedex notification"", ""timestamp"": ""2025-02-11 06:59:00"", ""received_spf"": ""pass"", ""dkim"": ""pass"", ""dmarc"": ""pass"", ""relay_hops"": 0}",0
Your google monthly statement is ready. View it at https://www.paypal.in/track/26522,"[""https://www.paypal.in/track/26522""]","{""from"": ""noreply@amazon.com"", ""subject"": ""Google notification"", ""timestamp"": ""2025-09-14 00:45:00"", ""received_spf"": ""pass"", ""dkim"": ""pass"", ""dmarc"": ""pass"", ""relay_hops"": 3}",0
Newsletter: Latest updates from Google — read more at https://www.walmart.co/track/66731,"[""https://www.walmart.co/track/66731""]","{""from"": ""noreply@microsoft.com"", ""subject"": ""Google notification"", ""timestamp"": ""2025-11-15 06:34:00"", ""received_spf"": ""pass"", ""dkim"": ""pass"", ""dmarc"": ""pass"", ""relay_hops"": 1}",0
Reminder: Your appointment with Google is scheduled at 10:00 AM.,"[""https://www.google.com/track/82420""]","{""from"": ""noreply@walmart.com"", ""subject"": ""Google notification"", ""timestamp"": ""2025-04-18 01:32:00"", ""received_spf"": ""pass"", ""dkim"": ""pass"", ""dmarc"": ""pass"", ""relay_hops"": 0}",0
Reminder: Your appointment with Fedex is scheduled at 10:00 AM.,"[""https://www.paypal.net/track/10573""]","{""from"": ""noreply@dhl.com"", ""subject"": ""Fedex notification"", ""timestamp"": ""2025-05-05 08:31:00"", ""received_spf"": ""pass"", ""dkim"": ""pass"", ""dmarc"": ""pass"", ""relay_hops"": 1}",0
Reminder: Your appointment with Microsoft is scheduled at 01:00 PM.,"[""https://www.fedex.in/track/42896""]","{""from"": ""noreply@walmart.com"", ""subject"": ""Microsoft notification"", ""timestamp"": ""2025-11-09 11:24:00"", ""received_spf"": ""pass"", ""dkim"": ""pass"", ""dmarc"": ""pass"", ""relay_hops"": 1}",0
Payment received: Thank you for your payment to Walmart.,"[""https://www.fedex.in/track/68201""]","{""from"": ""noreply@netflix.com"", ""subject"": ""Walmart notification"", ""timestamp"": ""2025-05-11 06:19:00"", ""received_spf"": ""pass"", ""dkim"": ""pass"", ""dmarc"": ""pass"", ""relay_hops"": 0}",0
Your bankofamerica monthly statement is ready. View it at https://www.bankofamerica.com/track/38209,"[""https://www.bankofamerica.com/track/38209""]","{""from"": ""noreply@dhl.com"", ""subject"": ""Bankofamerica notification"", ""timestamp"": ""2025-02-12 14:03:00"", ""received_spf"": ""pass"", ""dkim"": ""pass"", ""dmarc"": ""pass"", ""relay_hops"": 1}",0
Congratulations! You won a prize. Claim at http://microsoft-secure.ga/login/97372,"[""http://microsoft-secure.ga/login/97372""]","{""from"": ""security@walmart-alert.tk"", ""subject"": ""URGENT: Fedex notice"", ""timestamp"": ""2025-12-09 13:05:00"", ""received_spf"": ""fail"", ""dkim"": """", ""dmarc"": ""fail"", ""relay_hops"": 8}",1
Payment received: Thank you for your payment to Stripe.,"[""https://www.walmart.in/track/23927""]","{""from"": ""noreply@netflix.com"", ""subject"": ""Stripe notification"", ""timestamp"": ""2025-09-19 00:21:00"", ""received_spf"": ""pass"", ""dkim"": ""pass"", ""dmarc"": ""pass"", ""relay_hops"": 0}",0
Reminder: Your appointment with Paypal is scheduled at 01:00 PM.,"[""https://www.stripe.co/track/34084""]","{""from"": ""noreply@microsoft.com"", ""subject"": ""Paypal notification"", ""timestamp"": ""2025-05-22 15:09:00"", ""received_spf"": ""pass"", ""dkim"": ""pass"", ""dmarc"": ""pass"", ""relay_hops"": 1}",0
URGENT: Your fedex account has been suspended. Verify immediately: http://google-secure.ml/login/45399,"[""http://google-secure.ml/login/45399""]","{""from"": ""security@fedex-alert.tk"", ""subject"": ""URGENT: Fedex notice"", ""timestamp"": ""2025-04-24 17:41:00"", ""received_spf"": ""fail"", ""dkim"": """", ""dmarc"": """", ""relay_hops"": 9}",1
Your payment could not be processed. Click http://goo.gl/62667 to update your billing info.,"[""http://goo.gl/62667""]","{""from"": ""security@paypal-alert.cf"", ""subject"": ""URGENT: Walmart notice"", ""timestamp"": ""2025-07-06 07:20:00"", ""received_spf"": ""softfail"", ""dkim"": ""none"", ""dmarc"": ""none"", ""relay_hops"": 2}",1
Payment received: Thank you for your payment to Amazon.,"[""https://www.bankofamerica.in/track/57323""]","{""from"": ""noreply@fedex.com"", ""subject"": ""Amazon notification"", ""timestamp"": ""2025-01-15 18:23:00"", ""received_spf"": ""pass"", ""dkim"": ""pass"", ""dmarc"": ""pass"", ""relay_hops"": 1}",0
Newsletter: Latest updates from Netflix — read more at https://www.apple.org/track/60747,"[""https://www.apple.org/track/60747""]","{""from"": ""noreply@bankofamerica.com"", ""subject"": ""Netflix notification"", ""timestamp"": ""2025-06-26 14:16:00"", ""received_spf"": ""pass"", ""dkim"": ""pass"", ""dmarc"": ""pass"", ""relay_hops"": 2}",0
You are eligible for a tax refund. Provide your details here: http://tinyurl.com/60854,"[""http://tinyurl.com/60854""]","{""from"": ""security@paypal-alert.gq"", ""subject"": ""URGENT: Bankofamerica notice"", ""timestamp"": ""2025-07-16 16:42:00"", ""received_spf"": ""fail"", ""dkim"": ""fail"", ""dmarc"": ""none"", ""relay_hops"": 3}",1
Reminder: Your appointment with Microsoft is scheduled at 02:00 PM.,"[""https://www.fedex.in/track/21475""]","{""from"": ""noreply@netflix.com"", ""subject"": ""Microsoft notification"", ""timestamp"": ""2025-03-09 04:20:00"", ""received_spf"": ""pass"", ""dkim"": ""pass"", ""dmarc"": ""pass"", ""relay_hops"": 3}",0
Newsletter: Latest updates from Google — read more at https://www.paypal.in/track/27402,"[""https://www.paypal.in/track/27402""]","{""from"": ""noreply@bankofamerica.com"", ""subject"": ""Google notification"", ""timestamp"": ""2025-02-06 06:09:00"", ""received_spf"": ""pass"", ""dkim"": ""pass"", ""dmarc"": ""pass"", ""relay_hops"": 0}",0
Congratulations! You won a prize. Claim at http://microsoft-secure.ml/login/84517,"[""http://microsoft-secure.ml/login/84517""]","{""from"": ""security@netflix-alert.gq"", ""subject"": ""URGENT: Microsoft notice"", ""timestamp"": ""2025-03-26 18:10:00"", ""received_spf"": ""none"", ""dkim"": """", ""dmarc"": """", ""relay_hops"": 9}",1
Security Alert: Unusual login activity detected. Confirm your identity: http://stripe-secure.gq/login/77087,"[""http://stripe-secure.gq/login/77087""]","{""from"": ""security@netflix-alert.cf"", ""subject"": ""URGENT: Apple notice"", ""timestamp"": ""2025-01-30 07:56:00"", ""received_spf"": ""none"", ""dkim"": ""fail"", ""dmarc"": ""fail"", ""relay_hops"": 7}",1
Delivery notification: Your package is out for delivery. Track: https://www.paypal.org/track/74230,"[""https://www.paypal.org/track/74230""]","{""from"": ""noreply@microsoft.com"", ""subject"": ""Fedex notification"", ""timestamp"": ""2025-04-12 01:59:00"", ""received_spf"": ""pass"", ""dkim"": ""pass"", ""dmarc"": ""pass"", ""relay_hops"": 0}",0
Security Alert: Unusual login activity detected. Confirm your identity: http://dhl-secure.tk/login/6477,"[""http://dhl-secure.tk/login/6477""]","{""from"": ""security@apple-alert.tk"", ""subject"": ""URGENT: Paypal notice"", ""timestamp"": ""2025-02-07 02:01:00"", ""received_spf"": ""none"", ""dkim"": """", ""dmarc"": ""none"", ""relay_hops"": 6}",1
You are eligible for a tax refund. Provide your details here: http://netflix-secure.xyz/login/88294,"[""http://netflix-secure.xyz/login/88294""]","{""from"": ""security@microsoft-alert.cf"", ""subject"": ""URGENT: Dhl notice"", ""timestamp"": ""2025-02-13 03:24:00"", ""received_spf"": ""neutral"", ""dkim"": ""fail"", ""dmarc"": """", ""relay_hops"": 10}",1
Your payment could not be processed. Click http://ow.ly/32648 to update your billing info.,"[""http://ow.ly/32648""]","{""from"": ""security@paypal-alert.xyz"", ""subject"": ""URGENT: Walmart notice"", ""timestamp"": ""2025-04-13 03:50:00"", ""received_spf"": ""softfail"", ""dkim"": ""fail"", ""dmarc"": ""fail"", ""relay_hops"": 3}",1
Reminder: Your appointment with Paypal is scheduled at 06:00 PM.,"[""https://www.fedex.com/track/3203""]","{""from"": ""noreply@amazon.com"", ""subject"": ""Paypal notification"", ""timestamp"": ""2025-07-04 09:56:00"", ""received_spf"": ""pass"", ""dkim"": ""pass"", ""dmarc"": ""pass"", ""relay_hops"": 3}",0
Your bankofamerica monthly statement is ready. View it at https://www.amazon.in/track/84700,"[""https://www.amazon.in/track/84700""]","{""from"": ""noreply@fedex.com"", ""subject"": ""Bankofamerica notification"", ""timestamp"": ""2025-12-04 03:54:00"", ""received_spf"": ""pass"", ""dkim"": ""pass"", ""dmarc"": ""pass"", ""relay_hops"": 0}",0
URGENT: Your paypal account has been suspended. Verify immediately: http://apple-secure.gq/login/56672,"[""http://apple-secure.gq/login/56672""]","{""from"": ""security@amazon-alert.tk"", ""subject"": ""URGENT: Paypal notice"", ""timestamp"": ""2025-04-03 23:41:00"", ""received_spf"": ""softfail"", ""dkim"": """", ""dmarc"": """", ""relay_hops"": 2}",1
You are eligible for a tax refund. Provide your details here: http://goo.gl/65903,"[""http://goo.gl/65903""]","{""from"": ""security@bankofamerica-alert.cf"", ""subject"": ""URGENT: Google notice"", ""timestamp"": ""2025-10-12 03:30:00"", ""received_spf"": ""none"", ""dkim"": ""none"", ""dmarc"": """", ""relay_hops"": 7}",1
URGENT: Your apple account has been suspended. Verify immediately: http://amazon-secure.xyz/login/1051,"[""http://amazon-secure.xyz/login/1051""]","{""from"": ""security@stripe-alert.tk"", ""subject"": ""URGENT: Apple notice"", ""timestamp"": ""2025-07-10 11:09:00"", ""received_spf"": ""neutral"", ""dkim"": ""fail"", ""dmarc"": ""none"", ""relay_hops"": 5}",1
Payment received: Thank you for your payment to Paypal.,"[""https://www.paypal.net/track/89384""]","{""from"": ""noreply@bankofamerica.com"", ""subject"": ""Paypal notification"", ""timestamp"": ""2025-08-19 18:18:00"", ""received_spf"": ""pass"", ""dkim"": ""pass"", ""dmarc"": ""pass"", ""relay_hops"": 3}",0
Reminder: Your appointment with Microsoft is scheduled at 05:00 PM.,"[""https://www.apple.in/track/43833""]","{""from"": ""noreply@fedex.com"", ""subject"": ""Microsoft notification"", ""timestamp"": ""2025-05-03 03:52:00"", ""received_spf"": ""pass"", ""dkim"": ""pass"", ""dmarc"": ""pass"", ""relay_hops"": 1}",0
Congratulations! You won a prize. Claim at http://netflix-secure.tk/login/96824,"[""http://netflix-secure.tk/login/96824""]","{""from"": ""security@netflix-alert.ml"", ""subject"": ""URGENT: Stripe notice"", ""timestamp"": ""2025-04-08 18:01:00"", ""received_spf"": ""fail"", ""dkim"": """", ""dmarc"": ""fail"", ""relay_hops"": 2}",1
Reminder: Your appointment with Amazon is scheduled at 11:00 AM.,"[""https://www.microsoft.in/track/43035""]","{""from"": ""noreply@stripe.com"", ""subject"": ""Amazon notification"", ""timestamp"": ""2025-05-09 03:56:00"", ""received_spf"": ""pass"", ""dkim"": ""pass"", ""dmarc"": ""pass"", ""relay_hops"": 2}",0
Your dhl monthly statement is ready. View it at https://www.google.com/track/99425,"[""https://www.google.com/track/99425""]","{""from"": ""noreply@fedex.com"", ""subject"": ""Dhl notification"", ""timestamp"": ""2025-12-16 20:39:00"", ""received_spf"": ""pass"", ""dkim"": ""pass"", ""dmarc"": ""pass"", ""relay_hops"": 1}",0
Reminder: Your appointment with Google is scheduled at 03:00 PM.,"[""https://www.paypal.in/track/48291""]","{""from"": ""noreply@walmart.com"", ""subject"": ""Google notification"", ""timestamp"": ""2025-07-03 14:15:00"", ""received_spf"": ""pass"", ""dkim"": ""pass"", ""dmarc"": ""pass"", ""relay_hops"": 1}",0
URGENT: Your microsoft account has been suspended. Verify immediately: http://t.co/31952,"[""http://t.co/31952""]","{""from"": ""security@netflix-alert.ml"", ""subject"": ""URGENT: Microsoft notice"", ""timestamp"": ""2025-08-15 12:17:00"", ""received_spf"": ""neutral"", ""dkim"": ""none"", ""dmarc"": ""none"", ""relay_hops"": 8}",1
You are eligible for a tax refund. Provide your details here: http://fedex-secure.ml/login/92303,"[""http://fedex-secure.ml/login/92303""]","{""from"": ""security@paypal-alert.ga"", ""subject"": ""URGENT: Microsoft notice"", ""timestamp"": ""2025-10-09 09:36:00"", ""received_spf"": ""none"", ""dkim"": ""none"", ""dmarc"": ""none"", ""relay_hops"": 8}",1
Delivery notification: Your package is out for delivery. Track: https://www.microsoft.com/track/6911,"[""https://www.microsoft.com/track/6911""]","{""from"": ""noreply@dhl.com"", ""subject"": ""Bankofamerica notification"", ""timestamp"": ""2025-09-28 23:44:00"", ""received_spf"": ""pass"", ""dkim"": ""pass"", ""dmarc"": ""pass"", ""relay_hops"": 2}",0
Newsletter: Latest updates from Netflix — read more at https://www.dhl.co/track/35881,"[""https://www.dhl.co/track/35881""]","{""from"": ""noreply@bankofamerica.com"", ""subject"": ""Netflix notification"", ""timestamp"": ""2025-08-27 08:02:00"", ""received_spf"": ""pass"", ""dkim"": ""pass"", ""dmarc"": ""pass"", ""relay_hops"": 2}",0
You are eligible for a tax refund. Provide your details here: http://fedex-secure.ml/login/19196,"[""http://fedex-secure.ml/login/19196""]","{""from"": ""security@stripe-alert.ga"", ""subject"": ""URGENT: Walmart notice"", ""timestamp"": ""2025-07-29 20:17:00"", ""received_spf"": ""softfail"", ""dkim"": """", ""dmarc"": """", ""relay_hops"": 8}",1
Your netflix monthly statement is ready. View it at https://www.stripe.co/track/45032,"[""https://www.stripe.co/track/45032""]","{""from"": ""noreply@apple.com"", ""subject"": ""Netflix notification"", ""timestamp"": ""2025-09-05 13:13:00"", ""received_spf"": ""pass"", ""dkim"": ""pass"", ""dmarc"": ""pass"", ""relay_hops"": 0}",0
Security Alert: Unusual login activity detected. Confirm your identity: http://fedex-secure.ml/login/75798,"[""http://fedex-secure.ml/login/75798""]","{""from"": ""security@paypal-alert.ga"", ""subject"": ""URGENT: Microsoft notice"", ""timestamp"": ""2025-10-04 02:35:00"", ""received_spf"": ""softfail"", ""dkim"": ""none"", ""dmarc"": ""none"", ""relay_hops"": 8}",1
Your netflix monthly statement is ready. View it at https://www.google.in/track/89787,"[""https://www.google.in/track/89787""]","{""from"": ""noreply@amazon.com"", ""subject"": ""Netflix notification"", ""timestamp"": ""2025-09-04 06:22:00"", ""received_spf"": ""pass"", ""dkim"": ""pass"", ""dmarc"": ""pass"", ""relay_hops"": 2}",0
Your payment could not be processed. Click http://amazon-secure.ga/login/97949 to update your billing info.,"[""http://amazon-secure.ga/login/97949""]","{""from"": ""security@google-alert.ml"", ""subject"": ""URGENT: Fedex notice"", ""timestamp"": ""2025-07-07 05:10:00"", ""received_spf"": ""none"", ""dkim"": ""none"", ""dmarc"": """", ""relay_hops"": 8}",1
Reminder: Your appointment with Walmart is scheduled at 01:00 PM.,"[""https://www.netflix.co/track/8618""]","{""from"": ""noreply@dhl.com"", ""subject"": ""Walmart notification"", ""timestamp"": ""2025-08-05 07:32:00"", ""received_spf"": ""pass"", ""dkim"": ""pass"", ""dmarc"": ""pass"", ""relay_hops"": 1}",0
Security Alert: Unusual login activity detected. Confirm your identity: http://stripe-secure.xyz/login/31403,"[""http://stripe-secure.xyz/login/31403""]","{""from"": ""security@fedex-alert.tk"", ""subject"": ""URGENT: Walmart notice"", ""timestamp"": ""2025-01-12 00:22:00"", ""received_spf"": ""none"", ""dkim"": """", ""dmarc"": ""fail"", ""relay_hops"": 9}",1
Reminder: Your appointment with Dhl is scheduled at 03:00 PM.,"[""https://www.bankofamerica.co/track/15261""]","{""from"": ""noreply@amazon.com"", ""subject"": ""Dhl notification"", ""timestamp"": ""2025-09-20 02:11:00"", ""received_spf"": ""pass"", ""dkim"": ""pass"", ""dmarc"": ""pass"", ""relay_hops"": 3}",0
Your dhl monthly statement is ready. View it at https://www.dhl.org/track/51939,"[""https://www.dhl.org/track/51939""]","{""from"": ""noreply@walmart.com"", ""subject"": ""Dhl notification"", ""timestamp"": ""2025-03-15 03:27:00"", ""received_spf"": ""pass"", ""dkim"": ""pass"", ""dmarc"": ""pass"", ""relay_hops"": 0}",0
Delivery notification: Your package is out for delivery. Track: https://www.fedex.co/track/12472,"[""https://www.fedex.co/track/12472""]","{""from"": ""noreply@microsoft.com"", ""subject"": ""Amazon notification"", ""timestamp"": ""2025-10-30 09:44:00"", ""received_spf"": ""pass"", ""dkim"": ""pass"", ""dmarc"": ""pass"", ""relay_hops"": 2}",0
Delivery notification: Your package is out for delivery. Track: https://www.apple.net/track/62659,"[""https://www.apple.net/track/62659""]","{""from"": ""noreply@stripe.com"", ""subject"": ""Bankofamerica notification"", ""timestamp"": ""2025-11-02 18:42:00"", ""received_spf"": ""pass"", ""dkim"": ""pass"", ""dmarc"": ""pass"", ""relay_hops"": 1}",0
Payment received: Thank you for your payment to Bankofamerica.,"[""https://www.fedex.com/track/49428""]","{""from"": ""noreply@bankofamerica.com"", ""subject"": ""Bankofamerica notification"", ""timestamp"": ""2025-06-07 10:30:00"", ""received_spf"": ""pass"", ""dkim"": ""pass"", ""dmarc"": ""pass"", ""relay_hops"": 1}",0
Newsletter: Latest updates from Fedex — read more at https://www.dhl.org/track/41529,"[""https://www.dhl.org/track/41529""]","{""from"": ""noreply@walmart.com"", ""subject"": ""Fedex notification"", ""timestamp"": ""2025-04-20 15:57:00"", ""received_spf"": ""pass"", ""dkim"": ""pass"", ""dmarc"": ""pass"", ""relay_hops"": 0}",0
Reminder: Your appointment with Dhl is scheduled at 05:00 PM.,"[""https://www.amazon.co/track/59272""]","{""from"": ""noreply@apple.com"", ""subject"": ""Dhl notification"", ""timestamp"": ""2025-11-07 03:33:00"", ""received_spf"": ""pass"", ""dkim"": ""pass"", ""dmarc"": ""pass"", ""relay_hops"": 0}",0
Reminder: Your appointment with Amazon is scheduled at 11:00 AM.,"[""https://www.netflix.com/track/25228""]","{""from"": ""noreply@amazon.com"", ""subject"": ""Amazon notification"", ""timestamp"": ""2025-02-03 10:30:00"", ""received_spf"": ""pass"", ""dkim"": ""pass"", ""dmarc"": ""pass"", ""relay_hops"": 2}",0
Your bankofamerica monthly statement is ready. View it at https://www.paypal.co/track/89765,"[""https://www.paypal.co/track/89765""]","{""from"": ""noreply@paypal.com"", ""subject"": ""Bankofamerica notification"", ""timestamp"": ""2025-11-20 03:27:00"", ""received_spf"": ""pass"", ""dkim"": ""pass"", ""dmarc"": ""pass"", ""relay_hops"": 0}",0
Your walmart monthly statement is ready. View it at https://www.amazon.org/track/35720,"[""https://www.amazon.org/track/35720""]","{""from"": ""noreply@microsoft.com"", ""subject"": ""Walmart notification"", ""timestamp"": ""2025-12-12 01:43:00"", ""received_spf"": ""pass"", ""dkim"": ""pass"", ""dmarc"": ""pass"", ""relay_hops"": 0}",0
Reminder: Your appointment with Amazon is scheduled at 05:00 PM.,"[""https://www.amazon.net/track/97533""]","{""from"": ""noreply@stripe.com"", ""subject"": ""Amazon notification"", ""timestamp"": ""2025-02-18 23:18:00"", ""received_spf"": ""pass"", ""dkim"": ""pass"", ""dmarc"": ""pass"", ""relay_hops"": 2}",0
URGENT: Your fedex account has been suspended. Verify immediately: http://bankofamerica-secure.gq/login/24727,"[""http://bankofamerica-secure.gq/login/24727""]","{""from"": ""security@netflix-alert.gq"", ""subject"": ""URGENT: Fedex notice"", ""timestamp"": ""2025-06-26 03:52:00"", ""received_spf"": ""none"", ""dkim"": """", ""dmarc"": ""none"", ""relay_hops"": 6}",1
Delivery notification: Your package is out for delivery. Track: https://www.microsoft.org/track/5040,"[""https://www.microsoft.org/track/5040""]","{""from"": ""noreply@paypal.com"", ""subject"": ""Apple notification"", ""timestamp"": ""2025-03-30 10:28:00"", ""received_spf"": ""pass"", ""dkim"": ""pass"", ""dmarc"": ""pass"", ""relay_hops"": 0}",0
You are eligible for a tax refund. Provide your details here: http://amazon-secure.xyz/login/81870,"[""http://amazon-secure.xyz/login/81870""]","{""from"": ""security@bankofamerica-alert.cf"", ""subject"": ""URGENT: Microsoft notice"", ""timestamp"": ""2025-12-12 10:35:00"", ""received_spf"": ""neutral"", ""dkim"": ""none"", ""dmarc"": """", ""relay_hops"": 9}",1
Newsletter: Latest updates from Walmart — read more at https://www.amazon.in/track/41998,"[""https://www.amazon.in/track/41998""]","{""from"": ""noreply@netflix.com"", ""subject"": ""Walmart notification"", ""timestamp"": ""2025-10-15 03:45:00"", ""received_spf"": ""pass"", ""dkim"": ""pass"", ""dmarc"": ""pass"", ""relay_hops"": 2}",0
Payment received: Thank you for your payment to Dhl.,"[""https://www.stripe.in/track/95082""]","{""from"": ""noreply@netflix.com"", ""subject"": ""Dhl notification"", ""timestamp"": ""2025-07-04 11:04:00"", ""received_spf"": ""pass"", ""dkim"": ""pass"", ""dmarc"": ""pass"", ""relay_hops"": 3}",0
Reminder: Your appointment with Paypal is scheduled at 11:00 AM.,"[""https://www.microsoft.in/track/74041""]","{""from"": ""noreply@microsoft.com"", ""subject"": ""Paypal notification"", ""timestamp"": ""2025-08-05 01:07:00"", ""received_spf"": ""pass"", ""dkim"": ""pass"", ""dmarc"": ""pass"", ""relay_hops"": 0}",0
Payment received: Thank you for your payment to Paypal.,"[""https://www.fedex.co/track/70633""]","{""from"": ""noreply@netflix.com"", ""subject"": ""Paypal notification"", ""timestamp"": ""2025-05-18 19:09:00"", ""received_spf"": ""pass"", ""dkim"": ""pass"", ""dmarc"": ""pass"", ""relay_hops"": 0}",0
Reminder: Your appointment with Apple is scheduled at 01:00 PM.,"[""https://www.fedex.org/track/89322""]","{""from"": ""noreply@apple.com"", ""subject"": ""Apple notification"", ""timestamp"": ""2025-06-12 22:13:00"", ""received_spf"": ""pass"", ""dkim"": ""pass"", ""dmarc"": ""pass"", ""relay_hops"": 2}",0
Reminder: Your appointment with Stripe is scheduled at 09:00 AM.,"[""https://www.amazon.co/track/70103""]","{""from"": ""noreply@google.com"", ""subject"": ""Stripe notification"", ""timestamp"": ""2025-08-12 16:56:00"", ""received_spf"": ""pass"", ""dkim"": ""pass"", ""dmarc"": ""pass"", ""relay_hops"": 2}",0
Your google monthly statement is ready. View it at https://www.apple.com/track/48534,"[""https://www.apple.com/track/48534""]","{""from"": ""noreply@amazon.com"", ""subject"": ""Google notification"", ""timestamp"": ""2025-10-25 19:24:00"", ""received_spf"": ""pass"", ""dkim"": ""pass"", ""dmarc"": ""pass"", ""relay_hops"": 1}",0
Security Alert: Unusual login activity detected. Confirm your identity: http://bankofamerica-secure.tk/login/68749,"[""http://bankofamerica-secure.tk/login/68749""]","{""from"": ""security@microsoft-alert.gq"", ""subject"": ""URGENT: Fedex notice"", ""timestamp"": ""2025-12-08 13:06:00"", ""received_spf"": ""fail"", ""dkim"": ""none"", ""dmarc"": ""none"", ""relay_hops"": 2}",1
Your payment could not be processed. Click http://amazon-secure.xyz/login/79301 to update your billing info.,"[""http://amazon-secure.xyz/login/79301""]","{""from"": ""security@bankofamerica-alert.tk"", ""subject"": ""URGENT: Apple notice"", ""timestamp"": ""2025-08-13 17:44:00"", ""received_spf"": ""none"", ""dkim"": """", ""dmarc"": ""fail"", ""relay_hops"": 7}",1
Your payment could not be processed. Click http://walmart-secure.tk/login/78393 to update your billing info.,"[""http://walmart-secure.tk/login/78393""]","{""from"": ""security@google-alert.ga"", ""subject"": ""URGENT: Google notice"", ""timestamp"": ""2025-01-09 04:45:00"", ""received_spf"": ""neutral"", ""dkim"": ""fail"", ""dmarc"": """", ""relay_hops"": 7}",1
URGENT: Your microsoft account has been suspended. Verify immediately: http://netflix-secure.xyz/login/63217,"[""http://netflix-secure.xyz/login/63217""]","{""from"": ""security@microsoft-alert.tk"", ""subject"": ""URGENT: Microsoft notice"", ""timestamp"": ""2025-03-16 21:58:00"", ""received_spf"": ""neutral"", ""dkim"": ""fail"", ""dmarc"": ""none"", ""relay_hops"": 9}",1
Newsletter: Latest updates from Google — read more at https://www.dhl.com/track/44403,"[""https://www.dhl.com/track/44403""]","{""from"": ""noreply@apple.com"", ""subject"": ""Google notification"", ""timestamp"": ""2025-02-03 12:59:00"", ""received_spf"": ""pass"", ""dkim"": ""pass"", ""dmarc"": ""pass"", ""relay_hops"": 3}",0
You are eligible for a tax refund. Provide your details here: http://stripe-secure.ml/login/52784,"[""http://stripe-secure.ml/login/52784""]","{""from"": ""security@amazon-alert.ga"", ""subject"": ""URGENT: Paypal notice"", ""timestamp"": ""2025-03-31 19:34:00"", ""received_spf"": ""neutral"", ""dkim"": ""fail"", ""dmarc"": ""fail"", ""relay_hops"": 10}",1
Your walmart monthly statement is ready. View it at https://www.google.in/track/18640,"[""https://www.google.in/track/18640""]","{""from"": ""noreply@dhl.com"", ""subject"": ""Walmart notification"", ""timestamp"": ""2025-12-25 01:18:00"", ""received_spf"": ""pass"", ""dkim"": ""pass"", ""dmarc"": ""pass"", ""relay_hops"": 1}",0
Your payment could not be processed. Click http://goo.gl/67842 to update your billing info.,"[""http://goo.gl/67842""]","{""from"": ""security@walmart-alert.xyz"", ""subject"": ""URGENT: Microsoft notice"", ""timestamp"": ""2025-07-15 07:13:00"", ""received_spf"": ""fail"", ""dkim"": ""none"", ""dmarc"": ""fail"", ""relay_hops"": 8}",1
Newsletter: Latest updates from Apple — read more at https://www.apple.org/track/32259,"[""https://www.apple.org/track/32259""]","{""from"": ""noreply@paypal.com"", ""subject"": ""Apple notification"", ""timestamp"": ""2025-09-13 18:16:00"", ""received_spf"": ""pass"", ""dkim"": ""pass"", ""dmarc"": ""pass"", ""relay_hops"": 2}",0
Delivery notification: Your package is out for delivery. Track: https://www.apple.com/track/31411,"[""https://www.apple.com/track/31411""]","{""from"": ""noreply@dhl.com"", ""subject"": ""Paypal notification"", ""timestamp"": ""2025-03-02 12:51:00"", ""received_spf"": ""pass"", ""dkim"": ""pass"", ""dmarc"": ""pass"", ""relay_hops"": 0}",0
Delivery notification: Your package is out for delivery. Track: https://www.dhl.in/track/16347,"[""https://www.dhl.in/track/16347""]","{""from"": ""noreply@google.com"", ""subject"": ""Apple notification"", ""timestamp"": ""2025-02-08 07:57:00"", ""received_spf"": ""pass"", ""dkim"": ""pass"", ""dmarc"": ""pass"", ""relay_hops"": 3}",0
Payment received: Thank you for your payment to Paypal.,"[""https://www.google.net/track/39027""]","{""from"": ""noreply@walmart.com"", ""subject"": ""Paypal notification"", ""timestamp"": ""2025-09-06 05:54:00"", ""received_spf"": ""pass"", ""dkim"": ""pass"", ""dmarc"": ""pass"", ""relay_hops"": 0}",0
Delivery notification: Your package is out for delivery. Track: https://www.apple.net/track/3982,"[""https://www.apple.net/track/3982""]","{""from"": ""noreply@paypal.com"", ""subject"": ""Apple notification"", ""timestamp"": ""2025-08-03 07:09:00"", ""received_spf"": ""pass"", ""dkim"": ""pass"", ""dmarc"": ""pass"", ""relay_hops"": 2}",0
Your apple monthly statement is ready. View it at https://www.microsoft.com/track/36602,"[""https://www.microsoft.com/track/36602""]","{""from"": ""noreply@apple.com"", ""subject"": ""Apple notification"", ""timestamp"": ""2025-02-16 09:49:00"", ""received_spf"": ""pass"", ""dkim"": ""pass"", ""dmarc"": ""pass"", ""relay_hops"": 2}",0
Your google monthly statement is ready. View it at https://www.netflix.co/track/88148,"[""https://www.netflix.co/track/88148""]","{""from"": ""noreply@fedex.com"", ""subject"": ""Google notification"", ""timestamp"": ""2025-12-25 18:14:00"", ""received_spf"": ""pass"", ""dkim"": ""pass"", ""dmarc"": ""pass"", ""relay_hops"": 2}",0
Congratulations! You won a prize. Claim at http://bit.ly/62500,"[""http://bit.ly/62500""]","{""from"": ""security@apple-alert.xyz"", ""subject"": ""URGENT: Fedex notice"", ""timestamp"": ""2025-05-03 21:07:00"", ""received_spf"": ""softfail"", ""dkim"": ""fail"", ""dmarc"": ""fail"", ""relay_hops"": 6}",1
Delivery notification: Your package is out for delivery. Track: https://www.paypal.org/track/99085,"[""https://www.paypal.org/track/99085""]","{""from"": ""noreply@microsoft.com"", ""subject"": ""Bankofamerica notification"", ""timestamp"": ""2025-01-15 11:02:00"", ""received_spf"": ""pass"", ""dkim"": ""pass"", ""dmarc"": ""pass"", ""relay_hops"": 3}",0
Payment received: Thank you for your payment to Paypal.,"[""https://www.apple.in/track/75184""]","{""from"": ""noreply@google.com"", ""subject"": ""Paypal notification"", ""timestamp"": ""2025-08-21 09:58:00"", ""received_spf"": ""pass"", ""dkim"": ""pass"", ""dmarc"": ""pass"", ""relay_hops"": 3}",0
Your payment could not be processed. Click http://fedex-secure.xyz/login/10091 to update your billing info.,"[""http://fedex-secure.xyz/login/10091""]","{""from"": ""security@dhl-alert.ga"", ""subject"": ""URGENT: Walmart notice"", ""timestamp"": ""2025-03-10 05:58:00"", ""received_spf"": ""none"", ""dkim"": ""fail"", ""dmarc"": ""none"", ""relay_hops"": 8}",1
Newsletter: Latest updates from Amazon — read more at https://www.walmart.in/track/61957,"[""https://www.walmart.in/track/61957""]","{""from"": ""noreply@bankofamerica.com"", ""subject"": ""Amazon notification"", ""timestamp"": ""2025-04-18 16:39:00"", ""received_spf"": ""pass"", ""dkim"": ""pass"", ""dmarc"": ""pass"", ""relay_hops"": 2}",0
URGENT: Your amazon account has been suspended. Verify immediately: http://paypal-secure.tk/login/29956,"[""http://paypal-secure.tk/login/29956""]","{""from"": ""security@walmart-alert.xyz"", ""subject"": ""URGENT: Amazon notice"", ""timestamp"": ""2025-10-19 14:11:00"", ""received_spf"": ""fail"", ""dkim"": ""none"", ""dmarc"": """", ""relay_hops"": 2}",1
Congratulations! You won a prize. Claim at http://google-secure.cf/login/98447,"[""http://google-secure.cf/login/98447""]","{""from"": ""security@dhl-alert.tk"", ""subject"": ""URGENT: Fedex notice"", ""timestamp"": ""2025-12-04 22:03:00"", ""received_spf"": ""fail"", ""dkim"": ""fail"", ""dmarc"": ""fail"", ""relay_hops"": 10}",1
Newsletter: Latest updates from Apple — read more at https://www.walmart.org/track/34818,"[""https://www.walmart.org/track/34818""]","{""from"": ""noreply@amazon.com"", ""subject"": ""Apple notification"", ""timestamp"": ""2025-12-05 22:56:00"", ""received_spf"": ""pass"", ""dkim"": ""pass"", ""dmarc"": ""pass"", ""relay_hops"": 1}",0
Newsletter: Latest updates from Apple — read more at https://www.dhl.in/track/92628,"[""https://www.dhl.in/track/92628""]","{""from"": ""noreply@fedex.com"", ""subject"": ""Apple notification"", ""timestamp"": ""2025-10-27 22:53:00"", ""received_spf"": ""pass"", ""dkim"": ""pass"", ""dmarc"": ""pass"", ""relay_hops"": 1}",0
Delivery notification: Your package is out for delivery. Track: https://www.bankofamerica.org/track/99986,"[""https://www.bankofamerica.org/track/99986""]","{""from"": ""noreply@paypal.com"", ""subject"": ""Paypal notification"", ""timestamp"": ""2025-02-10 03:50:00"", ""received_spf"": ""pass"", ""dkim"": ""pass"", ""dmarc"": ""pass"", ""relay_hops"": 3}",0
Your paypal monthly statement is ready. View it at https://www.bankofamerica.net/track/67820,"[""https://www.bankofamerica.net/track/67820""]","{""from"": ""noreply@dhl.com"", ""subject"": ""Paypal notification"", ""timestamp"": ""2025-07-28 20:21:00"", ""received_spf"": ""pass"", ""dkim"": ""pass"", ""dmarc"": ""pass"", ""relay_hops"": 2}",0
Security Alert: Unusual login activity detected. Confirm your identity: http://fedex-secure.gq/login/41415,"[""http://fedex-secure.gq/login/41415""]","{""from"": ""security@fedex-alert.tk"", ""subject"": ""URGENT: Apple notice"", ""timestamp"": ""2025-04-05 10:16:00"", ""received_spf"": ""neutral"", ""dkim"": ""fail"", ""dmarc"": ""fail"", ""relay_hops"": 10}",1
Delivery notification: Your package is out for delivery. Track: https://www.walmart.org/track/78070,"[""https://www.walmart.org/track/78070""]","{""from"": ""noreply@walmart.com"", ""subject"": ""Walmart notification"", ""timestamp"": ""2025-08-02 14:09:00"", ""received_spf"": ""pass"", ""dkim"": ""pass"", ""dmarc"": ""pass"", ""relay_hops"": 2}",0
Reminder: Your appointment with Paypal is scheduled at 04:00 PM.,"[""https://www.stripe.net/track/86868""]","{""from"": ""noreply@microsoft.com"", ""subject"": ""Paypal notification"", ""timestamp"": ""2025-08-24 22:43:00"", ""received_spf"": ""pass"", ""dkim"": ""pass"", ""dmarc"": ""pass"", ""relay_hops"": 1}",0
You are eligible for a tax refund. Provide your details here: http://stripe-secure.gq/login/25065,"[""http://stripe-secure.gq/login/25065""]","{""from"": ""security@microsoft-alert.cf"", ""subject"": ""URGENT: Walmart notice"", ""timestamp"": ""2025-07-01 00:42:00"", ""received_spf"": ""neutral"", ""dkim"": """", ""dmarc"": ""none"", ""relay_hops"": 6}",1
You are eligible for a tax refund. Provide your details here: http://amazon-secure.gq/login/40717,"[""http://amazon-secure.gq/login/40717""]","{""from"": ""security@paypal-alert.ga"", ""subject"": ""URGENT: Paypal notice"", ""timestamp"": ""2025-07-18 00:04:00"", ""received_spf"": ""fail"", ""dkim"": ""none"", ""dmarc"": """", ""relay_hops"": 10}",1
Delivery notification: Your package is out for delivery. Track: https://www.google.in/track/15942,"[""https://www.google.in/track/15942""]","{""from"": ""noreply@amazon.com"", ""subject"": ""Apple notification"", ""timestamp"": ""2025-03-24 21:56:00"", ""received_spf"": ""pass"", ""dkim"": ""pass"", ""dmarc"": ""pass"", ""relay_hops"": 3}",0
Security Alert: Unusual login activity detected. Confirm your identity: http://amazon-secure.gq/login/14031,"[""http://amazon-secure.gq/login/14031""]","{""from"": ""security@walmart-alert.cf"", ""subject"": ""URGENT: Dhl notice"", ""timestamp"": ""2025-02-01 21:32:00"", ""received_spf"": ""none"", ""dkim"": ""none"", ""dmarc"": ""none"", ""relay_hops"": 8}",1
Your bankofamerica monthly statement is ready. View it at https://www.stripe.co/track/77756,"[""https://www.stripe.co/track/77756""]","{""from"": ""noreply@dhl.com"", ""subject"": ""Bankofamerica notification"", ""timestamp"": ""2025-05-13 06:05:00"", ""received_spf"": ""pass"", ""dkim"": ""pass"", ""dmarc"": ""pass"", ""relay_hops"": 1}",0
Your payment could not be processed. Click http://walmart-secure.tk/login/85616 to update your billing info.,"[""http://walmart-secure.tk/login/85616""]","{""from"": ""security@bankofamerica-alert.ga"", ""subject"": ""URGENT: Google notice"", ""timestamp"": ""2025-08-13 09:46:00"", ""received_spf"": ""none"", ""dkim"": ""none"", ""dmarc"": """", ""relay_hops"": 8}",1
URGENT: Your dhl account has been suspended. Verify immediately: http://google-secure.cf/login/78475,"[""http://google-secure.cf/login/78475""]","{""from"": ""security@walmart-alert.gq"", ""subject"": ""URGENT: Dhl notice"", ""timestamp"": ""2025-08-22 08:09:00"", ""received_spf"": ""none"", ""dkim"": """", ""dmarc"": ""fail"", ""relay_hops"": 10}",1
Your apple monthly statement is ready. View it at https://www.paypal.com/track/81495,"[""https://www.paypal.com/track/81495""]","{""from"": ""noreply@stripe.com"", ""subject"": ""Apple notification"", ""timestamp"": ""2025-01-15 00:17:00"", ""received_spf"": ""pass"", ""dkim"": ""pass"", ""dmarc"": ""pass"", ""relay_hops"": 1}",0
Security Alert: Unusual login activity detected. Confirm your identity: http://paypal-secure.xyz/login/92865,"[""http://paypal-secure.xyz/login/92865""]","{""from"": ""security@google-alert.tk"", ""subject"": ""URGENT: Apple notice"", ""timestamp"": ""2025-02-12 02:57:00"", ""received_spf"": ""neutral"", ""dkim"": ""none"", ""dmarc"": ""none"", ""relay_hops"": 10}",1
Payment received: Thank you for your payment to Bankofamerica.,"[""https://www.stripe.net/track/85080""]","{""from"": ""noreply@google.com"", ""subject"": ""Bankofamerica notification"", ""timestamp"": ""2025-04-07 05:40:00"", ""received_spf"": ""pass"", ""dkim"": ""pass"", ""dmarc"": ""pass"", ""relay_hops"": 2}",0
Newsletter: Latest updates from Google — read more at https://www.walmart.net/track/93640,"[""https://www.walmart.net/track/93640""]","{""from"": ""noreply@google.com"", ""subject"": ""Google notification"", ""timestamp"": ""2025-05-05 15:30:00"", ""received_spf"": ""pass"", ""dkim"": ""pass"", ""dmarc"": ""pass"", ""relay_hops"": 2}",0
Newsletter: Latest updates from Amazon — read more at https://www.netflix.com/track/2386,"[""https://www.netflix.com/track/2386""]","{""from"": ""noreply@paypal.com"", ""subject"": ""Amazon notification"", ""timestamp"": ""2025-09-30 08:48:00"", ""received_spf"": ""pass"", ""dkim"": ""pass"", ""dmarc"": ""pass"", ""relay_hops"": 3}",0
Reminder: Your appointment with Netflix is scheduled at 03:00 PM.,"[""https://www.amazon.com/track/91487""]","{""from"": ""noreply@bankofamerica.com"", ""subject"": ""Netflix notification"", ""timestamp"": ""2025-02-26 16:20:00"", ""received_spf"": ""pass"", ""dkim"": ""pass"", ""dmarc"": ""pass"", ""relay_hops"": 0}",0
Delivery notification: Your package is out for delivery. Track: https://www.stripe.in/track/46022,"[""https://www.stripe.in/track/46022""]","{""from"": ""noreply@amazon.com"", ""subject"": ""Dhl notification"", ""timestamp"": ""2025-06-18 01:48:00"", ""received_spf"": ""pass"", ""dkim"": ""pass"", ""dmarc"": ""pass"", ""relay_hops"": 0}",0
Your amazon monthly statement is ready. View it at https://www.google.in/track/60753,"[""https://www.google.in/track/60753""]","{""from"": ""noreply@microsoft.com"", ""subject"": ""Amazon notification"", ""timestamp"": ""2025-06-27 19:28:00"", ""received_spf"": ""pass"", ""dkim"": ""pass"", ""dmarc"": ""pass"", ""relay_hops"": 0}",0
Your payment could not be processed. Click http://tinyurl.com/49693 to update your billing info.,"[""http://tinyurl.com/49693""]","{""from"": ""security@google-alert.gq"", ""subject"": ""URGENT: Fedex notice"", ""timestamp"": ""2025-09-19 07:34:00"", ""received_spf"": ""none"", ""dkim"": ""fail"", ""dmarc"": """", ""relay_hops"": 10}",1
Your payment could not be processed. Click http://paypal-secure.cf/login/84527 to update your billing info.,"[""http://paypal-secure.cf/login/84527""]","{""from"": ""security@stripe-alert.ga"", ""subject"": ""URGENT: Walmart notice"", ""timestamp"": ""2025-09-30 02:34:00"", ""received_spf"": ""softfail"", ""dkim"": """", ""dmarc"": ""none"", ""relay_hops"": 3}",1
Payment received: Thank you for your payment to Amazon.,"[""https://www.amazon.net/track/91798""]","{""from"": ""noreply@fedex.com"", ""subject"": ""Amazon notification"", ""timestamp"": ""2025-05-20 00:42:00"", ""received_spf"": ""pass"", ""dkim"": ""pass"", ""dmarc"": ""pass"", ""relay_hops"": 0}",0
URGENT: Your bankofamerica account has been suspended. Verify immediately: http://stripe-secure.ml/login/67174,"[""http://stripe-secure.ml/login/67174""]","{""from"": ""security@paypal-alert.tk"", ""subject"": ""URGENT: Bankofamerica notice"", ""timestamp"": ""2025-11-08 07:33:00"", ""received_spf"": ""softfail"", ""dkim"": """", ""dmarc"": """", ""relay_hops"": 8}",1
Delivery notification: Your package is out for delivery. Track: https://www.fedex.net/track/67036,"[""https://www.fedex.net/track/67036""]","{""from"": ""noreply@bankofamerica.com"", ""subject"": ""Fedex notification"", ""timestamp"": ""2025-03-06 15:14:00"", ""received_spf"": ""pass"", ""dkim"": ""pass"", ""dmarc"": ""pass"", ""relay_hops"": 2}",0
Reminder: Your appointment with Apple is scheduled at 02:00 PM.,"[""https://www.paypal.net/track/29852""]","{""from"": ""noreply@dhl.com"", ""subject"": ""Apple notification"", ""timestamp"": ""2025-07-20 04:42:00"", ""received_spf"": ""pass"", ""dkim"": ""pass"", ""dmarc"": ""pass"", ""relay_hops"": 1}",0
Newsletter: Latest updates from Dhl — read more at https://www.stripe.in/track/29464,"[""https://www.stripe.in/track/29464""]","{""from"": ""noreply@dhl.com"", ""subject"": ""Dhl notification"", ""timestamp"": ""2025-05-20 17:36:00"", ""received_spf"": ""pass"", ""dkim"": ""pass"", ""dmarc"": ""pass"", ""relay_hops"": 2}",0
Payment received: Thank you for your payment to Paypal.,"[""https://www.microsoft.in/track/47409""]","{""from"": ""noreply@google.com"", ""subject"": ""Paypal notification"", ""timestamp"": ""2025-04-04 03:41:00"", ""received_spf"": ""pass"", ""dkim"": ""pass"", ""dmarc"": ""pass"", ""relay_hops"": 0}",0
Delivery notification: Your package is out for delivery. Track: https://www.fedex.in/track/1234,"[""https://www.fedex.in/track/1234""]","{""from"": ""noreply@walmart.com"", ""subject"": ""Stripe notification"", ""timestamp"": ""2025-07-24 22:32:00"", ""received_spf"": ""pass"", ""dkim"": ""pass"", ""dmarc"": ""pass"", ""relay_hops"": 3}",0
Congratulations! You won a prize. Claim at http://ow.ly/17439,"[""http://ow.ly/17439""]","{""from"": ""security@netflix-alert.xyz"", ""subject"": ""URGENT: Apple notice"", ""timestamp"": ""2025-05-25 22:41:00"", ""received_spf"": ""neutral"", ""dkim"": """", ""dmarc"": ""fail"", ""relay_hops"": 2}",1
Payment received: Thank you for your payment to Walmart.,"[""https://www.walmart.com/track/14733""]","{""from"": ""noreply@fedex.com"", ""subject"": ""Walmart notification"", ""timestamp"": ""2025-01-17 05:02:00"", ""received_spf"": ""pass"", ""dkim"": ""pass"", ""dmarc"": ""pass"", ""relay_hops"": 1}",0
Your fedex monthly statement is ready. View it at https://www.paypal.co/track/88789,"[""https://www.paypal.co/track/88789""]","{""from"": ""noreply@fedex.com"", ""subject"": ""Fedex notification"", ""timestamp"": ""2025-04-13 08:23:00"", ""received_spf"": ""pass"", ""dkim"": ""pass"", ""dmarc"": ""pass"", ""relay_hops"": 2}",0
Your apple monthly statement is ready. View it at https://www.microsoft.com/track/40990,"[""https://www.microsoft.com/track/40990""]","{""from"": ""noreply@microsoft.com"", ""subject"": ""Apple notification"", ""timestamp"": ""2025-05-15 12:48:00"", ""received_spf"": ""pass"", ""dkim"": ""pass"", ""dmarc"": ""pass"", ""relay_hops"": 0}",0
Delivery notification: Your package is out for delivery. Track: https://www.stripe.net/track/87064,"[""https://www.stripe.net/track/87064""]","{""from"": ""noreply@apple.com"", ""subject"": ""Fedex notification"", ""timestamp"": ""2025-05-09 22:23:00"", ""received_spf"": ""pass"", ""dkim"": ""pass"", ""dmarc"": ""pass"", ""relay_hops"": 0}",0
Security Alert: Unusual login activity detected. Confirm your identity: http://paypal-secure.gq/login/68638,"[""http://paypal-secure.gq/login/68638""]","{""from"": ""security@paypal-alert.ga"", ""subject"": ""URGENT: Dhl notice"", ""timestamp"": ""2025-05-01 04:25:00"", ""received_spf"": ""none"", ""dkim"": ""none"", ""dmarc"": ""fail"", ""relay_hops"": 6}",1
Newsletter: Latest updates from Netflix — read more at https://www.dhl.net/track/88199,"[""https://www.dhl.net/track/88199""]","{""from"": ""noreply@fedex.com"", ""subject"": ""Netflix notification"", ""timestamp"": ""2025-04-30 02:39:00"", ""received_spf"": ""pass"", ""dkim"": ""pass"", ""dmarc"": ""pass"", ""relay_hops"": 0}",0
Newsletter: Latest updates from Amazon — read more at https://www.dhl.net/track/29690,"[""https://www.dhl.net/track/29690""]","{""from"": ""noreply@dhl.com"", ""subject"": ""Amazon notification"", ""timestamp"": ""2025-11-19 01:00:00"", ""received_spf"": ""pass"", ""dkim"": ""pass"", ""dmarc"": ""pass"", ""relay_hops"": 0}",0
Congratulations! You won a prize. Claim at http://amazon-secure.cf/login/17622,"[""http://amazon-secure.cf/login/17622""]","{""from"": ""security@apple-alert.cf"", ""subject"": ""URGENT: Dhl notice"", ""timestamp"": ""2025-03-05 14:45:00"", ""received_spf"": ""fail"", ""dkim"": ""none"", ""dmarc"": """", ""relay_hops"": 5}",1
Your payment could not be processed. Click http://amazon-secure.tk/login/45061 to update your billing info.,"[""http://amazon-secure.tk/login/45061""]","{""from"": ""security@walmart-alert.xyz"", ""subject"": ""URGENT: Apple notice"", ""timestamp"": ""2025-12-25 19:17:00"", ""received_spf"": ""none"", ""dkim"": ""fail"", ""dmarc"": ""none"", ""relay_hops"": 2}",1
Reminder: Your appointment with Fedex is scheduled at 06:00 PM.,"[""https://www.amazon.org/track/62380""]","{""from"": ""noreply@paypal.com"", ""subject"": ""Fedex notification"", ""timestamp"": ""2025-01-04 23:10:00"", ""received_spf"": ""pass"", ""dkim"": ""pass"", ""dmarc"": ""pass"", ""relay_hops"": 1}",0
Delivery notification: Your package is out for delivery. Track: https://www.bankofamerica.in/track/23027,"[""https://www.bankofamerica.in/track/23027""]","{""from"": ""noreply@paypal.com"", ""subject"": ""Apple notification"", ""timestamp"": ""2025-03-29 18:59:00"", ""received_spf"": ""pass"", ""dkim"": ""pass"", ""dmarc"": ""pass"", ""relay_hops"": 1}",0
Reminder: Your appointment with Google is scheduled at 10:00 AM.,"[""https://www.fedex.in/track/13765""]","{""from"": ""noreply@walmart.com"", ""subject"": ""Google notification"", ""timestamp"": ""2025-02-12 04:49:00"", ""received_spf"": ""pass"", ""dkim"": ""pass"", ""dmarc"": ""pass"", ""relay_hops"": 3}",0
Newsletter: Latest updates from Dhl — read more at https://www.dhl.in/track/58922,"[""https://www.dhl.in/track/58922""]","{""from"": ""noreply@paypal.com"", ""subject"": ""Dhl notification"", ""timestamp"": ""2025-08-12 10:05:00"", ""received_spf"": ""pass"", ""dkim"": ""pass"", ""dmarc"": ""pass"", ""relay_hops"": 1}",0
URGENT: Your stripe account has been suspended. Verify immediately: http://microsoft-secure.gq/login/79041,"[""http://microsoft-secure.gq/login/79041""]","{""from"": ""security@stripe-alert.ga"", ""subject"": ""URGENT: Stripe notice"", ""timestamp"": ""2025-02-17 20:19:00"", ""received_spf"": ""none"", ""dkim"": """", ""dmarc"": """", ""relay_hops"": 9}",1
Payment received: Thank you for your payment to Fedex.,"[""https://www.microsoft.com/track/27909""]","{""from"": ""noreply@microsoft.com"", ""subject"": ""Fedex notification"", ""timestamp"": ""2025-06-13 22:01:00"", ""received_spf"": ""pass"", ""dkim"": ""pass"", ""dmarc"": ""pass"", ""relay_hops"": 0}",0
Payment received: Thank you for your payment to Stripe.,"[""https://www.walmart.org/track/96771""]","{""from"": ""noreply@google.com"", ""subject"": ""Stripe notification"", ""timestamp"": ""2025-02-15 12:43:00"", ""received_spf"": ""pass"", ""dkim"": ""pass"", ""dmarc"": ""pass"", ""relay_hops"": 0}",0
Payment received: Thank you for your payment to Dhl.,"[""https://www.google.com/track/23426""]","{""from"": ""noreply@google.com"", ""subject"": ""Dhl notification"", ""timestamp"": ""2025-11-17 13:35:00"", ""received_spf"": ""pass"", ""dkim"": ""pass"", ""dmarc"": ""pass"", ""relay_hops"": 0}",0
Your payment could not be processed. Click http://microsoft-secure.ml/login/91686 to update your billing info.,"[""http://microsoft-secure.ml/login/91686""]","{""from"": ""security@microsoft-alert.ml"", ""subject"": ""URGENT: Bankofamerica notice"", ""timestamp"": ""2025-11-23 08:24:00"", ""received_spf"": ""none"", ""dkim"": ""none"", ""dmarc"": ""none"", ""relay_hops"": 3}",1
Your payment could not be processed. Click http://netflix-secure.gq/login/16822 to update your billing info.,"[""http://netflix-secure.gq/login/16822""]","{""from"": ""security@paypal-alert.cf"", ""subject"": ""URGENT: Apple notice"", ""timestamp"": ""2025-12-27 23:47:00"", ""received_spf"": ""none"", ""dkim"": ""fail"", ""dmarc"": """", ""relay_hops"": 10}",1
Reminder: Your appointment with Amazon is scheduled at 11:00 AM.,"[""https://www.dhl.org/track/52924""]","{""from"": ""noreply@microsoft.com"", ""subject"": ""Amazon notification"", ""timestamp"": ""2025-04-14 19:45:00"", ""received_spf"": ""pass"", ""dkim"": ""pass"", ""dmarc"": ""pass"", ""relay_hops"": 3}",0
Payment received: Thank you for your payment to Stripe.,"[""https://www.fedex.com/track/3257""]","{""from"": ""noreply@netflix.com"", ""subject"": ""Stripe notification"", ""timestamp"": ""2025-02-24 08:34:00"", ""received_spf"": ""pass"", ""dkim"": ""pass"", ""dmarc"": ""pass"", ""relay_hops"": 2}",0
Reminder: Your appointment with Dhl is scheduled at 02:00 PM.,"[""https://www.fedex.co/track/47633""]","{""from"": ""noreply@fedex.com"", ""subject"": ""Dhl notification"", ""timestamp"": ""2025-04-23 01:35:00"", ""received_spf"": ""pass"", ""dkim"": ""pass"", ""dmarc"": ""pass"", ""relay_hops"": 1}",0
You are eligible for a tax refund. Provide your details here: http://dhl-secure.tk/login/49700,"[""http://dhl-secure.tk/login/49700""]","{""from"": ""security@fedex-alert.tk"", ""subject"": ""URGENT: Netflix notice"", ""timestamp"": ""2025-01-06 01:36:00"", ""received_spf"": ""softfail"", ""dkim"": ""fail"", ""dmarc"": ""none"", ""relay_hops"": 9}",1
Newsletter: Latest updates from Fedex — read more at https://www.stripe.org/track/81069,"[""https://www.stripe.org/track/81069""]","{""from"": ""noreply@microsoft.com"", ""subject"": ""Fedex notification"", ""timestamp"": ""2025-06-25 20:37:00"", ""received_spf"": ""pass"", ""dkim"": ""pass"", ""dmarc"": ""pass"", ""relay_hops"": 1}",0
Newsletter: Latest updates from Fedex — read more at https://www.paypal.co/track/42895,"[""https://www.paypal.co/track/42895""]","{""from"": ""noreply@walmart.com"", ""subject"": ""Fedex notification"", ""timestamp"": ""2025-10-10 08:44:00"", ""received_spf"": ""pass"", ""dkim"": ""pass"", ""dmarc"": ""pass"", ""relay_hops"": 3}",0
Delivery notification: Your package is out for delivery. Track: https://www.fedex.in/track/70739,"[""https://www.fedex.in/track/70739""]","{""from"": ""noreply@fedex.com"", ""subject"": ""Amazon notification"", ""timestamp"": ""2025-01-02 22:35:00"", ""received_spf"": ""pass"", ""dkim"": ""pass"", ""dmarc"": ""pass"", ""relay_hops"": 1}",0
Newsletter: Latest updates from Google — read more at https://www.dhl.co/track/41000,"[""https://www.dhl.co/track/41000""]","{""from"": ""noreply@paypal.com"", ""subject"": ""Google notification"", ""timestamp"": ""2025-12-23 07:19:00"", ""received_spf"": ""pass"", ""dkim"": ""pass"", ""dmarc"": ""pass"", ""relay_hops"": 2}",0
Newsletter: Latest updates from Walmart — read more at https://www.fedex.co/track/98725,"[""https://www.fedex.co/track/98725""]","{""from"": ""noreply@dhl.com"", ""subject"": ""Walmart notification"", ""timestamp"": ""2025-08-29 02:00:00"", ""received_spf"": ""pass"", ""dkim"": ""pass"", ""dmarc"": ""pass"", ""relay_hops"": 1}",0
You are eligible for a tax refund. Provide your details here: http://google-secure.tk/login/39790,"[""http://google-secure.tk/login/39790""]","{""from"": ""security@microsoft-alert.tk"", ""subject"": ""URGENT: Paypal notice"", ""timestamp"": ""2025-11-09 17:25:00"", ""received_spf"": ""none"", ""dkim"": """", ""dmarc"": ""none"", ""relay_hops"": 3}",1
Delivery notification: Your package is out for delivery. Track: https://www.microsoft.org/track/85326,"[""https://www.microsoft.org/track/85326""]","{""from"": ""noreply@apple.com"", ""subject"": ""Stripe notification"", ""timestamp"": ""2025-10-05 04:09:00"", ""received_spf"": ""pass"", ""dkim"": ""pass"", ""dmarc"": ""pass"", ""relay_hops"": 1}",0
Newsletter: Latest updates from Walmart — read more at https://www.bankofamerica.in/track/97855,"[""https://www.bankofamerica.in/track/97855""]","{""from"": ""noreply@microsoft.com"", ""subject"": ""Walmart notification"", ""timestamp"": ""2025-10-27 23:34:00"", ""received_spf"": ""pass"", ""dkim"": ""pass"", ""dmarc"": ""pass"", ""relay_hops"": 0}",0
Congratulations! You won a prize. Claim at http://paypal-secure.ml/login/30426,"[""http://paypal-secure.ml/login/30426""]","{""from"": ""security@microsoft-alert.tk"", ""subject"": ""URGENT: Netflix notice"", ""timestamp"": ""2025-01-03 01:19:00"", ""received_spf"": ""none"", ""dkim"": """", ""dmarc"": """", ""relay_hops"": 8}",1
Delivery notification: Your package is out for delivery. Track: https://www.google.net/track/15379,"[""https://www.google.net/track/15379""]","{""from"": ""noreply@google.com"", ""subject"": ""Microsoft notification"", ""timestamp"": ""2025-08-08 20:35:00"", ""received_spf"": ""pass"", ""dkim"": ""pass"", ""dmarc"": ""pass"", ""relay_hops"": 2}",0
URGENT: Your amazon account has been suspended. Verify immediately: http://t.co/64473,"[""http://t.co/64473""]","{""from"": ""security@walmart-alert.cf"", ""subject"": ""URGENT: Amazon notice"", ""timestamp"": ""2025-10-18 14:59:00"", ""received_spf"": ""none"", ""dkim"": ""none"", ""dmarc"": ""fail"", ""relay_hops"": 3}",1
Newsletter: Latest updates from Fedex — read more at https://www.fedex.net/track/93854,"[""https://www.fedex.net/track/93854""]","{""from"": ""noreply@stripe.com"", ""subject"": ""Fedex notification"", ""timestamp"": ""2025-02-05 12:23:00"", ""received_spf"": ""pass"", ""dkim"": ""pass"", ""dmarc"": ""pass"", ""relay_hops"": 1}",0
Newsletter: Latest updates from Amazon — read more at https://www.dhl.net/track/51211,"[""https://www.dhl.net/track/51211""]","{""from"": ""noreply@dhl.com"", ""subject"": ""Amazon notification"", ""timestamp"": ""2025-12-06 10:51:00"", ""received_spf"": ""pass"", ""dkim"": ""pass"", ""dmarc"": ""pass"", ""relay_hops"": 0}",0
Newsletter: Latest updates from Amazon — read more at https://www.dhl.in/track/54057,"[""https://www.dhl.in/track/54057""]","{""from"": ""noreply@stripe.com"", ""subject"": ""Amazon notification"", ""timestamp"": ""2025-05-23 21:45:00"", ""received_spf"": ""pass"", ""dkim"": ""pass"", ""dmarc"": ""pass"", ""relay_hops"": 3}",0
Congratulations! You won a prize. Claim at http://netflix-secure.cf/login/97452,"[""http://netflix-secure.cf/login/97452""]","{""from"": ""security@netflix-alert.xyz"", ""subject"": ""URGENT: Apple notice"", ""timestamp"": ""2025-01-23 08:59:00"", ""received_spf"": ""softfail"", ""dkim"": ""none"", ""dmarc"": ""fail"", ""relay_hops"": 3}",1
Security Alert: Unusual login activity detected. Confirm your identity: http://stripe-secure.cf/login/1284,"[""http://stripe-secure.cf/login/1284""]","{""from"": ""security@microsoft-alert.xyz"", ""subject"": ""URGENT: Fedex notice"", ""timestamp"": ""2025-03-12 12:44:00"", ""received_spf"": ""fail"", ""dkim"": ""none"", ""dmarc"": ""none"", ""relay_hops"": 8}",1
You are eligible for a tax refund. Provide your details here: http://fedex-secure.gq/login/4231,"[""http://fedex-secure.gq/login/4231""]","{""from"": ""security@netflix-alert.tk"", ""subject"": ""URGENT: Walmart notice"", ""timestamp"": ""2025-02-02 02:37:00"", ""received_spf"": ""softfail"", ""dkim"": ""none"", ""dmarc"": ""none"", ""relay_hops"": 6}",1
Payment received: Thank you for your payment to Walmart.,"[""https://www.google.com/track/66546""]","{""from"": ""noreply@fedex.com"", ""subject"": ""Walmart notification"", ""timestamp"": ""2025-06-05 23:12:00"", ""received_spf"": ""pass"", ""dkim"": ""pass"", ""dmarc"": ""pass"", ""relay_hops"": 1}",0
Delivery notification: Your package is out for delivery. Track: https://www.fedex.net/track/37902,"[""https://www.fedex.net/track/37902""]","{""from"": ""noreply@google.com"", ""subject"": ""Apple notification"", ""timestamp"": ""2025-11-15 11:20:00"", ""received_spf"": ""pass"", ""dkim"": ""pass"", ""dmarc"": ""pass"", ""relay_hops"": 0}",0
Delivery notification: Your package is out for delivery. Track: https://www.amazon.com/track/59007,"[""https://www.amazon.com/track/59007""]","{""from"": ""noreply@walmart.com"", ""subject"": ""Amazon notification"", ""timestamp"": ""2025-04-11 08:30:00"", ""received_spf"": ""pass"", ""dkim"": ""pass"", ""dmarc"": ""pass"", ""relay_hops"": 1}",0
Security Alert: Unusual login activity detected. Confirm your identity: http://dhl-secure.ml/login/51087,"[""http://dhl-secure.ml/login/51087""]","{""from"": ""security@fedex-alert.ga"", ""subject"": ""URGENT: Paypal notice"", ""timestamp"": ""2025-08-27 15:43:00"", ""received_spf"": ""fail"", ""dkim"": ""none"", ""dmarc"": """", ""relay_hops"": 6}",1
Your dhl monthly statement is ready. View it at https://www.amazon.com/track/32819,"[""https://www.amazon.com/track/32819""]","{""from"": ""noreply@netflix.com"", ""subject"": ""Dhl notification"", ""timestamp"": ""2025-07-04 12:27:00"", ""received_spf"": ""pass"", ""dkim"": ""pass"", ""dmarc"": ""pass"", ""relay_hops"": 1}",0
Delivery notification: Your package is out for delivery. Track: https://www.netflix.org/track/15659,"[""https://www.netflix.org/track/15659""]","{""from"": ""noreply@fedex.com"", ""subject"": ""Netflix notification"", ""timestamp"": ""2025-12-20 22:45:00"", ""received_spf"": ""pass"", ""dkim"": ""pass"", ""dmarc"": ""pass"", ""relay_hops"": 1}",0
Delivery notification: Your package is out for delivery. Track: https://www.google.co/track/28402,"[""https://www.google.co/track/28402""]","{""from"": ""noreply@dhl.com"", ""subject"": ""Microsoft notification"", ""timestamp"": ""2025-06-09 18:03:00"", ""received_spf"": ""pass"", ""dkim"": ""pass"", ""dmarc"": ""pass"", ""relay_hops"": 3}",0
Payment received: Thank you for your payment to Walmart.,"[""https://www.stripe.com/track/7582""]","{""from"": ""noreply@walmart.com"", ""subject"": ""Walmart notification"", ""timestamp"": ""2025-06-10 08:49:00"", ""received_spf"": ""pass"", ""dkim"": ""pass"", ""dmarc"": ""pass"", ""relay_hops"": 1}",0
Delivery notification: Your package is out for delivery. Track: https://www.fedex.in/track/95630,"[""https://www.fedex.in/track/95630""]","{""from"": ""noreply@apple.com"", ""subject"": ""Amazon notification"", ""timestamp"": ""2025-05-07 10:39:00"", ""received_spf"": ""pass"", ""dkim"": ""pass"", ""dmarc"": ""pass"", ""relay_hops"": 1}",0
Reminder: Your appointment with Dhl is scheduled at 06:00 PM.,"[""https://www.paypal.co/track/38227""]","{""from"": ""noreply@google.com"", ""subject"": ""Dhl notification"", ""timestamp"": ""2025-09-02 18:47:00"", ""received_spf"": ""pass"", ""dkim"": ""pass"", ""dmarc"": ""pass"", ""relay_hops"": 2}",0
URGENT: Your walmart account has been suspended. Verify immediately: http://bit.ly/75222,"[""http://bit.ly/75222""]","{""from"": ""security@walmart-alert.cf"", ""subject"": ""URGENT: Walmart notice"", ""timestamp"": ""2025-12-04 14:37:00"", ""received_spf"": ""fail"", ""dkim"": ""fail"", ""dmarc"": ""fail"", ""relay_hops"": 2}",1
Payment received: Thank you for your payment to Bankofamerica.,"[""https://www.bankofamerica.in/track/56827""]","{""from"": ""noreply@bankofamerica.com"", ""subject"": ""Bankofamerica notification"", ""timestamp"": ""2025-05-24 08:49:00"", ""received_spf"": ""pass"", ""dkim"": ""pass"", ""dmarc"": ""pass"", ""relay_hops"": 2}",0
URGENT: Your amazon account has been suspended. Verify immediately: http://apple-secure.ga/login/85510,"[""http://apple-secure.ga/login/85510""]","{""from"": ""security@stripe-alert.ml"", ""subject"": ""URGENT: Amazon notice"", ""timestamp"": ""2025-08-11 09:56:00"", ""received_spf"": ""none"", ""dkim"": ""fail"", ""dmarc"": ""fail"", ""relay_hops"": 6}",1
Your bankofamerica monthly statement is ready. View it at https://www.dhl.com/track/39612,"[""https://www.dhl.com/track/39612""]","{""from"": ""noreply@stripe.com"", ""subject"": ""Bankofamerica notification"", ""timestamp"": ""2025-12-29 02:11:00"", ""received_spf"": ""pass"", ""dkim"": ""pass"", ""dmarc"": ""pass"", ""relay_hops"": 3}",0
Your payment could not be processed. Click http://t.co/50058 to update your billing info.,"[""http://t.co/50058""]","{""from"": ""security@netflix-alert.xyz"", ""subject"": ""URGENT: Fedex notice"", ""timestamp"": ""2025-04-25 06:32:00"", ""received_spf"": ""fail"", ""dkim"": ""fail"", ""dmarc"": """", ""relay_hops"": 3}",1
Congratulations! You won a prize. Claim at http://ow.ly/58602,"[""http://ow.ly/58602""]","{""from"": ""security@dhl-alert.xyz"", ""subject"": ""URGENT: Amazon notice"", ""timestamp"": ""2025-12-18 00:12:00"", ""received_spf"": ""none"", ""dkim"": ""fail"", ""dmarc"": ""none"", ""relay_hops"": 6}",1
Your payment could not be processed. Click http://google-secure.cf/login/36322 to update your billing info.,"[""http://google-secure.cf/login/36322""]","{""from"": ""security@microsoft-alert.tk"", ""subject"": ""URGENT: Stripe notice"", ""timestamp"": ""2025-12-24 06:51:00"", ""received_spf"": ""none"", ""dkim"": ""fail"", ""dmarc"": """", ""relay_hops"": 4}",1
Your walmart monthly statement is ready. View it at https://www.google.in/track/66779,"[""https://www.google.in/track/66779""]","{""from"": ""noreply@fedex.com"", ""subject"": ""Walmart notification"", ""timestamp"": ""2025-07-08 22:46:00"", ""received_spf"": ""pass"", ""dkim"": ""pass"", ""dmarc"": ""pass"", ""relay_hops"": 0}",0
Your payment could not be processed. Click http://amazon-secure.ga/login/72527 to update your billing info.,"[""http://amazon-secure.ga/login/72527""]","{""from"": ""security@google-alert.gq"", ""subject"": ""URGENT: Google notice"", ""timestamp"": ""2025-01-27 19:22:00"", ""received_spf"": ""none"", ""dkim"": """", ""dmarc"": """", ""relay_hops"": 6}",1
Reminder: Your appointment with Fedex is scheduled at 09:00 AM.,"[""https://www.fedex.com/track/23720""]","{""from"": ""noreply@microsoft.com"", ""subject"": ""Fedex notification"", ""timestamp"": ""2025-06-27 01:51:00"", ""received_spf"": ""pass"", ""dkim"": ""pass"", ""dmarc"": ""pass"", ""relay_hops"": 0}",0
Congratulations! You won a prize. Claim at http://walmart-secure.gq/login/15689,"[""http://walmart-secure.gq/login/15689""]","{""from"": ""security@microsoft-alert.cf"", ""subject"": ""URGENT: Netflix notice"", ""timestamp"": ""2025-09-06 12:41:00"", ""received_spf"": ""none"", ""dkim"": ""none"", ""dmarc"": """", ""relay_hops"": 5}",1
Newsletter: Latest updates from Paypal — read more at https://www.netflix.com/track/19519,"[""https://www.netflix.com/track/19519""]","{""from"": ""noreply@bankofamerica.com"", ""subject"": ""Paypal notification"", ""timestamp"": ""2025-06-18 17:37:00"", ""received_spf"": ""pass"", ""dkim"": ""pass"", ""dmarc"": ""pass"", ""relay_hops"": 0}",0
URGENT: Your microsoft account has been suspended. Verify immediately: http://amazon-secure.cf/login/77758,"[""http://amazon-secure.cf/login/77758""]","{""from"": ""security@walmart-alert.cf"", ""subject"": ""URGENT: Microsoft notice"", ""timestamp"": ""2025-11-16 14:02:00"", ""received_spf"": ""softfail"", ""dkim"": ""none"", ""dmarc"": ""fail"", ""relay_hops"": 3}",1
Newsletter: Latest updates from Fedex — read more at https://www.walmart.co/track/60200,"[""https://www.walmart.co/track/60200""]","{""from"": ""noreply@amazon.com"", ""subject"": ""Fedex notification"", ""timestamp"": ""2025-11-21 08:59:00"", ""received_spf"": ""pass"", ""dkim"": ""pass"", ""dmarc"": ""pass"", ""relay_hops"": 0}",0
Reminder: Your appointment with Netflix is scheduled at 11:00 AM.,"[""https://www.paypal.in/track/54678""]","{""from"": ""noreply@bankofamerica.com"", ""subject"": ""Netflix notification"", ""timestamp"": ""2025-10-20 13:52:00"", ""received_spf"": ""pass"", ""dkim"": ""pass"", ""dmarc"": ""pass"", ""relay_hops"": 1}",0
Newsletter: Latest updates from Netflix — read more at https://www.netflix.in/track/18513,"[""https://www.netflix.in/track/18513""]","{""from"": ""noreply@paypal.com"", ""subject"": ""Netflix notification"", ""timestamp"": ""2025-06-25 04:01:00"", ""received_spf"": ""pass"", ""dkim"": ""pass"", ""dmarc"": ""pass"", ""relay_hops"": 1}",0
Payment received: Thank you for your payment to Microsoft.,"[""https://www.walmart.org/track/83219""]","{""from"": ""noreply@fedex.com"", ""subject"": ""Microsoft notification"", ""timestamp"": ""2025-08-14 10:18:00"", ""received_spf"": ""pass"", ""dkim"": ""pass"", ""dmarc"": ""pass"", ""relay_hops"": 3}",0
Delivery notification: Your package is out for delivery. Track: https://www.bankofamerica.net/track/4246,"[""https://www.bankofamerica.net/track/4246""]","{""from"": ""noreply@fedex.com"", ""subject"": ""Fedex notification"", ""timestamp"": ""2025-08-15 14:15:00"", ""received_spf"": ""pass"", ""dkim"": ""pass"", ""dmarc"": ""pass"", ""relay_hops"": 3}",0
Newsletter: Latest updates from Paypal — read more at https://www.amazon.co/track/20154,"[""https://www.amazon.co/track/20154""]","{""from"": ""noreply@walmart.com"", ""subject"": ""Paypal notification"", ""timestamp"": ""2025-06-20 11:54:00"", ""received_spf"": ""pass"", ""dkim"": ""pass"", ""dmarc"": ""pass"", ""relay_hops"": 2}",0
Your paypal monthly statement is ready. View it at https://www.stripe.in/track/54279,"[""https://www.stripe.in/track/54279""]","{""from"": ""noreply@bankofamerica.com"", ""subject"": ""Paypal notification"", ""timestamp"": ""2025-12-29 04:32:00"", ""received_spf"": ""pass"", ""dkim"": ""pass"", ""dmarc"": ""pass"", ""relay_hops"": 2}",0
Delivery notification: Your package is out for delivery. Track: https://www.netflix.co/track/87105,"[""https://www.netflix.co/track/87105""]","{""from"": ""noreply@amazon.com"", ""subject"": ""Apple notification"", ""timestamp"": ""2025-09-08 11:46:00"", ""received_spf"": ""pass"", ""dkim"": ""pass"", ""dmarc"": ""pass"", ""relay_hops"": 1}",0
Security Alert: Unusual login activity detected. Confirm your identity: http://walmart-secure.ga/login/64321,"[""http://walmart-secure.ga/login/64321""]","{""from"": ""security@dhl-alert.ml"", ""subject"": ""URGENT: Stripe notice"", ""timestamp"": ""2025-02-01 17:30:00"", ""received_spf"": ""fail"", ""dkim"": ""none"", ""dmarc"": """", ""relay_hops"": 6}",1
Payment received: Thank you for your payment to Netflix.,"[""https://www.microsoft.co/track/32567""]","{""from"": ""noreply@paypal.com"", ""subject"": ""Netflix notification"", ""timestamp"": ""2025-04-03 07:18:00"", ""received_spf"": ""pass"", ""dkim"": ""pass"", ""dmarc"": ""pass"", ""relay_hops"": 1}",0
You are eligible for a tax refund. Provide your details here: http://bit.ly/80850,"[""http://bit.ly/80850""]","{""from"": ""security@bankofamerica-alert.gq"", ""subject"": ""URGENT: Paypal notice"", ""timestamp"": ""2025-08-13 13:35:00"", ""received_spf"": ""neutral"", ""dkim"": """", ""dmarc"": ""none"", ""relay_hops"": 2}",1
Reminder: Your appointment with Paypal is scheduled at 02:00 PM.,"[""https://www.apple.com/track/34842""]","{""from"": ""noreply@google.com"", ""subject"": ""Paypal notification"", ""timestamp"": ""2025-11-15 17:32:00"", ""received_spf"": ""pass"", ""dkim"": ""pass"", ""dmarc"": ""pass"", ""relay_hops"": 0}",0
Payment received: Thank you for your payment to Amazon.,"[""https://www.amazon.in/track/24667""]","{""from"": ""noreply@google.com"", ""subject"": ""Amazon notification"", ""timestamp"": ""2025-04-09 03:18:00"", ""received_spf"": ""pass"", ""dkim"": ""pass"", ""dmarc"": ""pass"", ""relay_hops"": 3}",0
Payment received: Thank you for your payment to Amazon.,"[""https://www.netflix.co/track/72099""]","{""from"": ""noreply@bankofamerica.com"", ""subject"": ""Amazon notification"", ""timestamp"": ""2025-04-16 07:57:00"", ""received_spf"": ""pass"", ""dkim"": ""pass"", ""dmarc"": ""pass"", ""relay_hops"": 0}",0
Your payment could not be processed. Click http://bit.ly/23439 to update your billing info.,"[""http://bit.ly/23439""]","{""from"": ""security@walmart-alert.ml"", ""subject"": ""URGENT: Amazon notice"", ""timestamp"": ""2025-06-11 16:11:00"", ""received_spf"": ""softfail"", ""dkim"": ""fail"", ""dmarc"": """", ""relay_hops"": 6}",1
Security Alert: Unusual login activity detected. Confirm your identity: http://goo.gl/49774,"[""http://goo.gl/49774""]","{""from"": ""security@bankofamerica-alert.gq"", ""subject"": ""URGENT: Amazon notice"", ""timestamp"": ""2025-12-08 03:59:00"", ""received_spf"": ""softfail"", ""dkim"": ""fail"", ""dmarc"": ""fail"", ""relay_hops"": 9}",1
Reminder: Your appointment with Fedex is scheduled at 01:00 PM.,"[""https://www.stripe.org/track/69745""]","{""from"": ""noreply@apple.com"", ""subject"": ""Fedex notification"", ""timestamp"": ""2025-04-20 04:38:00"", ""received_spf"": ""pass"", ""dkim"": ""pass"", ""dmarc"": ""pass"", ""relay_hops"": 2}",0
Newsletter: Latest updates from Microsoft — read more at https://www.amazon.org/track/76687,"[""https://www.amazon.org/track/76687""]","{""from"": ""noreply@bankofamerica.com"", ""subject"": ""Microsoft notification"", ""timestamp"": ""2025-03-13 20:49:00"", ""received_spf"": ""pass"", ""dkim"": ""pass"", ""dmarc"": ""pass"", ""relay_hops"": 0}",0
Delivery notification: Your package is out for delivery. Track: https://www.fedex.org/track/71075,"[""https://www.fedex.org/track/71075""]","{""from"": ""noreply@fedex.com"", ""subject"": ""Amazon notification"", ""timestamp"": ""2025-03-07 01:14:00"", ""received_spf"": ""pass"", ""dkim"": ""pass"", ""dmarc"": ""pass"", ""relay_hops"": 2}",0
Congratulations! You won a prize. Claim at http://dhl-secure.cf/login/39502,"[""http://dhl-secure.cf/login/39502""]","{""from"": ""security@netflix-alert.cf"", ""subject"": ""URGENT: Apple notice"", ""timestamp"": ""2025-09-29 08:24:00"", ""received_spf"": ""softfail"", ""dkim"": ""fail"", ""dmarc"": ""fail"", ""relay_hops"": 2}",1
Reminder: Your appointment with Microsoft is scheduled at 05:00 PM.,"[""https://www.bankofamerica.co/track/24218""]","{""from"": ""noreply@stripe.com"", ""subject"": ""Microsoft notification"", ""timestamp"": ""2025-12-10 03:43:00"", ""received_spf"": ""pass"", ""dkim"": ""pass"", ""dmarc"": ""pass"", ""relay_hops"": 0}",0
Payment received: Thank you for your payment to Paypal.,"[""https://www.fedex.in/track/6527""]","{""from"": ""noreply@walmart.com"", ""subject"": ""Paypal notification"", ""timestamp"": ""2025-10-29 19:46:00"", ""received_spf"": ""pass"", ""dkim"": ""pass"", ""dmarc"": ""pass"", ""relay_hops"": 1}",0
Your payment could not be processed. Click http://ow.ly/33060 to update your billing info.,"[""http://ow.ly/33060""]","{""from"": ""security@paypal-alert.ga"", ""subject"": ""URGENT: Dhl notice"", ""timestamp"": ""2025-09-21 16:47:00"", ""received_spf"": ""softfail"", ""dkim"": ""fail"", ""dmarc"": ""fail"", ""relay_hops"": 10}",1
Newsletter: Latest updates from Stripe — read more at https://www.google.com/track/38772,"[""https://www.google.com/track/38772""]","{""from"": ""noreply@google.com"", ""subject"": ""Stripe notification"", ""timestamp"": ""2025-01-15 00:51:00"", ""received_spf"": ""pass"", ""dkim"": ""pass"", ""dmarc"": ""pass"", ""relay_hops"": 0}",0
Payment received: Thank you for your payment to Bankofamerica.,"[""https://www.paypal.net/track/82755""]","{""from"": ""noreply@apple.com"", ""subject"": ""Bankofamerica notification"", ""timestamp"": ""2025-01-05 22:52:00"", ""received_spf"": ""pass"", ""dkim"": ""pass"", ""dmarc"": ""pass"", ""relay_hops"": 3}",0
Delivery notification: Your package is out for delivery. Track: https://www.amazon.org/track/91457,"[""https://www.amazon.org/track/91457""]","{""from"": ""noreply@paypal.com"", ""subject"": ""Stripe notification"", ""timestamp"": ""2025-12-28 05:21:00"", ""received_spf"": ""pass"", ""dkim"": ""pass"", ""dmarc"": ""pass"", ""relay_hops"": 3}",0
You are eligible for a tax refund. Provide your details here: http://t.co/94695,"[""http://t.co/94695""]","{""from"": ""security@microsoft-alert.ml"", ""subject"": ""URGENT: Paypal notice"", ""timestamp"": ""2025-10-02 17:37:00"", ""received_spf"": ""neutral"", ""dkim"": """", ""dmarc"": ""fail"", ""relay_hops"": 2}",1
Payment received: Thank you for your payment to Microsoft.,"[""https://www.google.co/track/81686""]","{""from"": ""noreply@netflix.com"", ""subject"": ""Microsoft notification"", ""timestamp"": ""2025-06-18 16:27:00"", ""received_spf"": ""pass"", ""dkim"": ""pass"", ""dmarc"": ""pass"", ""relay_hops"": 1}",0
Payment received: Thank you for your payment to Google.,"[""https://www.amazon.org/track/14167""]","{""from"": ""noreply@netflix.com"", ""subject"": ""Google notification"", ""timestamp"": ""2025-03-30 04:22:00"", ""received_spf"": ""pass"", ""dkim"": ""pass"", ""dmarc"": ""pass"", ""relay_hops"": 1}",0
Delivery notification: Your package is out for delivery. Track: https://www.bankofamerica.com/track/63660,"[""https://www.bankofamerica.com/track/63660""]","{""from"": ""noreply@netflix.com"", ""subject"": ""Walmart notification"", ""timestamp"": ""2025-05-09 15:57:00"", ""received_spf"": ""pass"", ""dkim"": ""pass"", ""dmarc"": ""pass"", ""relay_hops"": 3}",0
Delivery notification: Your package is out for delivery. Track: https://www.fedex.net/track/76630,"[""https://www.fedex.net/track/76630""]","{""from"": ""noreply@netflix.com"", ""subject"": ""Stripe notification"", ""timestamp"": ""2025-11-30 08:56:00"", ""received_spf"": ""pass"", ""dkim"": ""pass"", ""dmarc"": ""pass"", ""relay_hops"": 3}",0
Delivery notification: Your package is out for delivery. Track: https://www.bankofamerica.org/track/63252,"[""https://www.bankofamerica.org/track/63252""]","{""from"": ""noreply@bankofamerica.com"", ""subject"": ""Dhl notification"", ""timestamp"": ""2025-08-02 20:41:00"", ""received_spf"": ""pass"", ""dkim"": ""pass"", ""dmarc"": ""pass"", ""relay_hops"": 0}",0
Payment received: Thank you for your payment to Paypal.,"[""https://www.paypal.net/track/1715""]","{""from"": ""noreply@netflix.com"", ""subject"": ""Paypal notification"", ""timestamp"": ""2025-12-02 17:15:00"", ""received_spf"": ""pass"", ""dkim"": ""pass"", ""dmarc"": ""pass"", ""relay_hops"": 1}",0
You are eligible for a tax refund. Provide your details here: http://fedex-secure.tk/login/99182,"[""http://fedex-secure.tk/login/99182""]","{""from"": ""security@stripe-alert.gq"", ""subject"": ""URGENT: Paypal notice"", ""timestamp"": ""2025-09-05 23:25:00"", ""received_spf"": ""fail"", ""dkim"": """", ""dmarc"": """", ""relay_hops"": 2}",1
Delivery notification: Your package is out for delivery. Track: https://www.walmart.com/track/85827,"[""https://www.walmart.com/track/85827""]","{""from"": ""noreply@google.com"", ""subject"": ""Bankofamerica notification"", ""timestamp"": ""2025-11-21 05:59:00"", ""received_spf"": ""pass"", ""dkim"": ""pass"", ""dmarc"": ""pass"", ""relay_hops"": 0}",0
URGENT: Your bankofamerica account has been suspended. Verify immediately: http://microsoft-secure.ml/login/38989,"[""http://microsoft-secure.ml/login/38989""]","{""from"": ""security@fedex-alert.ga"", ""subject"": ""URGENT: Bankofamerica notice"", ""timestamp"": ""2025-09-01 07:51:00"", ""received_spf"": ""softfail"", ""dkim"": ""fail"", ""dmarc"": ""fail"", ""relay_hops"": 2}",1
URGENT: Your stripe account has been suspended. Verify immediately: http://amazon-secure.gq/login/48025,"[""http://amazon-secure.gq/login/48025""]","{""from"": ""security@microsoft-alert.cf"", ""subject"": ""URGENT: Stripe notice"", ""timestamp"": ""2025-05-22 17:12:00"", ""received_spf"": ""neutral"", ""dkim"": ""fail"", ""dmarc"": """", ""relay_hops"": 3}",1
Delivery notification: Your package is out for delivery. Track: https://www.microsoft.in/track/20153,"[""https://www.microsoft.in/track/20153""]","{""from"": ""noreply@walmart.com"", ""subject"": ""Bankofamerica notification"", ""timestamp"": ""2025-09-06 22:46:00"", ""received_spf"": ""pass"", ""dkim"": ""pass"", ""dmarc"": ""pass"", ""relay_hops"": 3}",0
URGENT: Your dhl account has been suspended. Verify immediately: http://walmart-secure.ml/login/94521,"[""http://walmart-secure.ml/login/94521""]","{""from"": ""security@dhl-alert.gq"", ""subject"": ""URGENT: Dhl notice"", ""timestamp"": ""2025-02-21 03:51:00"", ""received_spf"": ""none"", ""dkim"": ""none"", ""dmarc"": """", ""relay_hops"": 5}",1
Payment received: Thank you for your payment to Paypal.,"[""https://www.amazon.org/track/67283""]","{""from"": ""noreply@fedex.com"", ""subject"": ""Paypal notification"", ""timestamp"": ""2025-05-21 11:13:00"", ""received_spf"": ""pass"", ""dkim"": ""pass"", ""dmarc"": ""pass"", ""relay_hops"": 3}",0
Payment received: Thank you for your payment to Bankofamerica.,"[""https://www.google.com/track/84321""]","{""from"": ""noreply@amazon.com"", ""subject"": ""Bankofamerica notification"", ""timestamp"": ""2025-06-19 14:18:00"", ""received_spf"": ""pass"", ""dkim"": ""pass"", ""dmarc"": ""pass"", ""relay_hops"": 3}",0
Your payment could not be processed. Click http://bankofamerica-secure.xyz/login/52752 to update your billing info.,"[""http://bankofamerica-secure.xyz/login/52752""]","{""from"": ""security@google-alert.tk"", ""subject"": ""URGENT: Stripe notice"", ""timestamp"": ""2025-03-30 03:54:00"", ""received_spf"": ""neutral"", ""dkim"": ""none"", ""dmarc"": ""none"", ""relay_hops"": 6}",1
Your fedex monthly statement is ready. View it at https://www.stripe.co/track/99457,"[""https://www.stripe.co/track/99457""]","{""from"": ""noreply@paypal.com"", ""subject"": ""Fedex notification"", ""timestamp"": ""2025-11-13 09:56:00"", ""received_spf"": ""pass"", ""dkim"": ""pass"", ""dmarc"": ""pass"", ""relay_hops"": 0}",0
Security Alert: Unusual login activity detected. Confirm your identity: http://fedex-secure.cf/login/18854,"[""http://fedex-secure.cf/login/18854""]","{""from"": ""security@amazon-alert.gq"", ""subject"": ""URGENT: Bankofamerica notice"", ""timestamp"": ""2025-04-21 09:53:00"", ""received_spf"": ""none"", ""dkim"": ""none"", ""dmarc"": ""fail"", ""relay_hops"": 4}",1
Your microsoft monthly statement is ready. View it at https://www.stripe.in/track/1580,"[""https://www.stripe.in/track/1580""]","{""from"": ""noreply@amazon.com"", ""subject"": ""Microsoft notification"", ""timestamp"": ""2025-12-09 02:14:00"", ""received_spf"": ""pass"", ""dkim"": ""pass"", ""dmarc"": ""pass"", ""relay_hops"": 3}",0
Your payment could not be processed. Click http://google-secure.cf/login/7207 to update your billing info.,"[""http://google-secure.cf/login/7207""]","{""from"": ""security@dhl-alert.ml"", ""subject"": ""URGENT: Google notice"", ""timestamp"": ""2025-11-15 12:10:00"", ""received_spf"": ""neutral"", ""dkim"": ""none"", ""dmarc"": ""none"", ""relay_hops"": 9}",1
Delivery notification: Your package is out for delivery. Track: https://www.google.com/track/20280,"[""https://www.google.com/track/20280""]","{""from"": ""noreply@paypal.com"", ""subject"": ""Google notification"", ""timestamp"": ""2025-03-03 09:41:00"", ""received_spf"": ""pass"", ""dkim"": ""pass"", ""dmarc"": ""pass"", ""relay_hops"": 1}",0
Delivery notification: Your package is out for delivery. Track: https://www.microsoft.in/track/51083,"[""https://www.microsoft.in/track/51083""]","{""from"": ""noreply@apple.com"", ""subject"": ""Walmart notification"", ""timestamp"": ""2025-12-17 16:43:00"", ""received_spf"": ""pass"", ""dkim"": ""pass"", ""dmarc"": ""pass"", ""relay_hops"": 1}",0
Newsletter: Latest updates from Paypal — read more at https://www.walmart.org/track/52148,"[""https://www.walmart.org/track/52148""]","{""from"": ""noreply@dhl.com"", ""subject"": ""Paypal notification"", ""timestamp"": ""2025-02-16 16:04:00"", ""received_spf"": ""pass"", ""dkim"": ""pass"", ""dmarc"": ""pass"", ""relay_hops"": 3}",0
Your payment could not be processed. Click http://bankofamerica-secure.tk/login/88115 to update your billing info.,"[""http://bankofamerica-secure.tk/login/88115""]","{""from"": ""security@paypal-alert.tk"", ""subject"": ""URGENT: Paypal notice"", ""timestamp"": ""2025-03-31 05:01:00"", ""received_spf"": ""fail"", ""dkim"": ""none"", ""dmarc"": ""none"", ""relay_hops"": 8}",1
Reminder: Your appointment with Microsoft is scheduled at 06:00 PM.,"[""https://www.paypal.in/track/11950""]","{""from"": ""noreply@amazon.com"", ""subject"": ""Microsoft notification"", ""timestamp"": ""2025-12-05 15:37:00"", ""received_spf"": ""pass"", ""dkim"": ""pass"", ""dmarc"": ""pass"", ""relay_hops"": 3}",0
Delivery notification: Your package is out for delivery. Track: https://www.paypal.org/track/23839,"[""https://www.paypal.org/track/23839""]","{""from"": ""noreply@microsoft.com"", ""subject"": ""Netflix notification"", ""timestamp"": ""2025-12-04 09:46:00"", ""received_spf"": ""pass"", ""dkim"": ""pass"", ""dmarc"": ""pass"", ""relay_hops"": 3}",0
Newsletter: Latest updates from Dhl — read more at https://www.microsoft.in/track/22625,"[""https://www.microsoft.in/track/22625""]","{""from"": ""noreply@apple.com"", ""subject"": ""Dhl notification"", ""timestamp"": ""2025-02-19 05:09:00"", ""received_spf"": ""pass"", ""dkim"": ""pass"", ""dmarc"": ""pass"", ""relay_hops"": 0}",0
Payment received: Thank you for your payment to Apple.,"[""https://www.fedex.in/track/62174""]","{""from"": ""noreply@microsoft.com"", ""subject"": ""Apple notification"", ""timestamp"": ""2025-01-14 00:48:00"", ""received_spf"": ""pass"", ""dkim"": ""pass"", ""dmarc"": ""pass"", ""relay_hops"": 1}",0
Newsletter: Latest updates from Bankofamerica — read more at https://www.apple.in/track/10433,"[""https://www.apple.in/track/10433""]","{""from"": ""noreply@apple.com"", ""subject"": ""Bankofamerica notification"", ""timestamp"": ""2025-02-01 02:45:00"", ""received_spf"": ""pass"", ""dkim"": ""pass"", ""dmarc"": ""pass"", ""relay_hops"": 3}",0
Congratulations! You won a prize. Claim at http://bankofamerica-secure.ml/login/49658,"[""http://bankofamerica-secure.ml/login/49658""]","{""from"": ""security@google-alert.ml"", ""subject"": ""URGENT: Amazon notice"", ""timestamp"": ""2025-05-22 20:04:00"", ""received_spf"": ""neutral"", ""dkim"": """", ""dmarc"": ""fail"", ""relay_hops"": 4}",1
Security Alert: Unusual login activity detected. Confirm your identity: http://tinyurl.com/20081,"[""http://tinyurl.com/20081""]","{""from"": ""security@fedex-alert.xyz"", ""subject"": ""URGENT: Dhl notice"", ""timestamp"": ""2025-05-11 18:02:00"", ""received_spf"": ""none"", ""dkim"": ""fail"", ""dmarc"": ""fail"", ""relay_hops"": 6}",1
Your netflix monthly statement is ready. View it at https://www.bankofamerica.org/track/8123,"[""https://www.bankofamerica.org/track/8123""]","{""from"": ""noreply@dhl.com"", ""subject"": ""Netflix notification"", ""timestamp"": ""2025-01-02 21:46:00"", ""received_spf"": ""pass"", ""dkim"": ""pass"", ""dmarc"": ""pass"", ""relay_hops"": 1}",0
Payment received: Thank you for your payment to Netflix.,"[""https://www.dhl.org/track/47552""]","{""from"": ""noreply@fedex.com"", ""subject"": ""Netflix notification"", ""timestamp"": ""2025-03-05 22:35:00"", ""received_spf"": ""pass"", ""dkim"": ""pass"", ""dmarc"": ""pass"", ""relay_hops"": 3}",0
Congratulations! You won a prize. Claim at http://fedex-secure.tk/login/8465,"[""http://fedex-secure.tk/login/8465""]","{""from"": ""security@amazon-alert.cf"", ""subject"": ""URGENT: Paypal notice"", ""timestamp"": ""2025-10-09 12:58:00"", ""received_spf"": ""fail"", ""dkim"": ""none"", ""dmarc"": """", ""relay_hops"": 3}",1
Delivery notification: Your package is out for delivery. Track: https://www.microsoft.in/track/14812,"[""https://www.microsoft.in/track/14812""]","{""from"": ""noreply@stripe.com"", ""subject"": ""Stripe notification"", ""timestamp"": ""2025-07-24 01:47:00"", ""received_spf"": ""pass"", ""dkim"": ""pass"", ""dmarc"": ""pass"", ""relay_hops"": 3}",0
Payment received: Thank you for your payment to Walmart.,"[""https://www.paypal.org/track/87463""]","{""from"": ""noreply@bankofamerica.com"", ""subject"": ""Walmart notification"", ""timestamp"": ""2025-05-27 11:35:00"", ""received_spf"": ""pass"", ""dkim"": ""pass"", ""dmarc"": ""pass"", ""relay_hops"": 2}",0
Payment received: Thank you for your payment to Apple.,"[""https://www.stripe.co/track/67722""]","{""from"": ""noreply@apple.com"", ""subject"": ""Apple notification"", ""timestamp"": ""2025-03-24 19:06:00"", ""received_spf"": ""pass"", ""dkim"": ""pass"", ""dmarc"": ""pass"", ""relay_hops"": 0}",0
Your payment could not be processed. Click http://goo.gl/19630 to update your billing info.,"[""http://goo.gl/19630""]","{""from"": ""security@apple-alert.ml"", ""subject"": ""URGENT: Dhl notice"", ""timestamp"": ""2025-02-28 20:42:00"", ""received_spf"": ""softfail"", ""dkim"": ""none"", ""dmarc"": ""fail"", ""relay_hops"": 9}",1
Reminder: Your appointment with Bankofamerica is scheduled at 08:00 AM.,"[""https://www.stripe.org/track/45947""]","{""from"": ""noreply@google.com"", ""subject"": ""Bankofamerica notification"", ""timestamp"": ""2025-04-27 05:05:00"", ""received_spf"": ""pass"", ""dkim"": ""pass"", ""dmarc"": ""pass"", ""relay_hops"": 1}",0
Delivery notification: Your package is out for delivery. Track: https://www.fedex.org/track/44366,"[""https://www.fedex.org/track/44366""]","{""from"": ""noreply@google.com"", ""subject"": ""Dhl notification"", ""timestamp"": ""2025-02-28 12:18:00"", ""received_spf"": ""pass"", ""dkim"": ""pass"", ""dmarc"": ""pass"", ""relay_hops"": 3}",0
Your microsoft monthly statement is ready. View it at https://www.amazon.org/track/81741,"[""https://www.amazon.org/track/81741""]","{""from"": ""noreply@paypal.com"", ""subject"": ""Microsoft notification"", ""timestamp"": ""2025-12-16 20:43:00"", ""received_spf"": ""pass"", ""dkim"": ""pass"", ""dmarc"": ""pass"", ""relay_hops"": 1}",0
Your payment could not be processed. Click http://walmart-secure.ga/login/67684 to update your billing info.,"[""http://walmart-secure.ga/login/67684""]","{""from"": ""security@walmart-alert.cf"", ""subject"": ""URGENT: Amazon notice"", ""timestamp"": ""2025-07-18 15:21:00"", ""received_spf"": ""softfail"", ""dkim"": ""none"", ""dmarc"": """", ""relay_hops"": 6}",1
Newsletter: Latest updates from Google — read more at https://www.netflix.in/track/14041,"[""https://www.netflix.in/track/14041""]","{""from"": ""noreply@amazon.com"", ""subject"": ""Google notification"", ""timestamp"": ""2025-08-20 10:18:00"", ""received_spf"": ""pass"", ""dkim"": ""pass"", ""dmarc"": ""pass"", ""relay_hops"": 3}",0
Security Alert: Unusual login activity detected. Confirm your identity: http://ow.ly/85631,"[""http://ow.ly/85631""]","{""from"": ""security@walmart-alert.ga"", ""subject"": ""URGENT: Paypal notice"", ""timestamp"": ""2025-01-21 01:46:00"", ""received_spf"": ""neutral"", ""dkim"": ""none"", ""dmarc"": ""none"", ""relay_hops"": 8}",1
Security Alert: Unusual login activity detected. Confirm your identity: http://paypal-secure.ml/login/54523,"[""http://paypal-secure.ml/login/54523""]","{""from"": ""security@apple-alert.ga"", ""subject"": ""URGENT: Apple notice"", ""timestamp"": ""2025-02-19 08:56:00"", ""received_spf"": ""neutral"", ""dkim"": """", ""dmarc"": """", ""relay_hops"": 9}",1
Congratulations! You won a prize. Claim at http://paypal-secure.tk/login/77548,"[""http://paypal-secure.tk/login/77548""]","{""from"": ""security@walmart-alert.ml"", ""subject"": ""URGENT: Microsoft notice"", ""timestamp"": ""2025-08-07 09:51:00"", ""received_spf"": ""neutral"", ""dkim"": ""none"", ""dmarc"": ""fail"", ""relay_hops"": 8}",1
Payment received: Thank you for your payment to Netflix.,"[""https://www.apple.org/track/48022""]","{""from"": ""noreply@dhl.com"", ""subject"": ""Netflix notification"", ""timestamp"": ""2025-11-27 14:35:00"", ""received_spf"": ""pass"", ""dkim"": ""pass"", ""dmarc"": ""pass"", ""relay_hops"": 1}",0
Security Alert: Unusual login activity detected. Confirm your identity: http://walmart-secure.ga/login/11915,"[""http://walmart-secure.ga/login/11915""]","{""from"": ""security@stripe-alert.cf"", ""subject"": ""URGENT: Paypal notice"", ""timestamp"": ""2025-07-23 07:18:00"", ""received_spf"": ""softfail"", ""dkim"": """", ""dmarc"": ""fail"", ""relay_hops"": 4}",1
URGENT: Your google account has been suspended. Verify immediately: http://bit.ly/32888,"[""http://bit.ly/32888""]","{""from"": ""security@paypal-alert.cf"", ""subject"": ""URGENT: Google notice"", ""timestamp"": ""2025-01-26 14:06:00"", ""received_spf"": ""softfail"", ""dkim"": ""none"", ""dmarc"": ""none"", ""relay_hops"": 2}",1
Your payment could not be processed. Click http://stripe-secure.gq/login/16605 to update your billing info.,"[""http://stripe-secure.gq/login/16605""]","{""from"": ""security@walmart-alert.gq"", ""subject"": ""URGENT: Fedex notice"", ""timestamp"": ""2025-09-19 05:59:00"", ""received_spf"": ""fail"", ""dkim"": ""fail"", ""dmarc"": ""none"", ""relay_hops"": 4}",1
Payment received: Thank you for your payment to Apple.,"[""https://www.google.org/track/96302""]","{""from"": ""noreply@paypal.com"", ""subject"": ""Apple notification"", ""timestamp"": ""2025-12-31 22:19:00"", ""received_spf"": ""pass"", ""dkim"": ""pass"", ""dmarc"": ""pass"", ""relay_hops"": 3}",0
Delivery notification: Your package is out for delivery. Track: https://www.stripe.in/track/63883,"[""https://www.stripe.in/track/63883""]","{""from"": ""noreply@netflix.com"", ""subject"": ""Walmart notification"", ""timestamp"": ""2025-08-16 17:43:00"", ""received_spf"": ""pass"", ""dkim"": ""pass"", ""dmarc"": ""pass"", ""relay_hops"": 3}",0
Newsletter: Latest updates from Microsoft — read more at https://www.walmart.net/track/31355,"[""https://www.walmart.net/track/31355""]","{""from"": ""noreply@walmart.com"", ""subject"": ""Microsoft notification"", ""timestamp"": ""2025-07-12 06:50:00"", ""received_spf"": ""pass"", ""dkim"": ""pass"", ""dmarc"": ""pass"", ""relay_hops"": 3}",0
Congratulations! You won a prize. Claim at http://stripe-secure.tk/login/24400,"[""http://stripe-secure.tk/login/24400""]","{""from"": ""security@google-alert.tk"", ""subject"": ""URGENT: Netflix notice"", ""timestamp"": ""2025-01-31 21:35:00"", ""received_spf"": ""softfail"", ""dkim"": ""none"", ""dmarc"": ""fail"", ""relay_hops"": 8}",1
Your payment could not be processed. Click http://netflix-secure.tk/login/41221 to update your billing info.,"[""http://netflix-secure.tk/login/41221""]","{""from"": ""security@bankofamerica-alert.tk"", ""subject"": ""URGENT: Bankofamerica notice"", ""timestamp"": ""2025-11-07 20:58:00"", ""received_spf"": ""fail"", ""dkim"": """", ""dmarc"": ""fail"", ""relay_hops"": 4}",1
Newsletter: Latest updates from Stripe — read more at https://www.amazon.org/track/11834,"[""https://www.amazon.org/track/11834""]","{""from"": ""noreply@netflix.com"", ""subject"": ""Stripe notification"", ""timestamp"": ""2025-11-22 09:27:00"", ""received_spf"": ""pass"", ""dkim"": ""pass"", ""dmarc"": ""pass"", ""relay_hops"": 0}",0
Newsletter: Latest updates from Apple — read more at https://www.microsoft.com/track/8841,"[""https://www.microsoft.com/track/8841""]","{""from"": ""noreply@google.com"", ""subject"": ""Apple notification"", ""timestamp"": ""2025-06-04 23:54:00"", ""received_spf"": ""pass"", ""dkim"": ""pass"", ""dmarc"": ""pass"", ""relay_hops"": 1}",0
Your stripe monthly statement is ready. View it at https://www.fedex.org/track/31832,"[""https://www.fedex.org/track/31832""]","{""from"": ""noreply@walmart.com"", ""subject"": ""Stripe notification"", ""timestamp"": ""2025-09-28 10:44:00"", ""received_spf"": ""pass"", ""dkim"": ""pass"", ""dmarc"": ""pass"", ""relay_hops"": 0}",0
Your stripe monthly statement is ready. View it at https://www.paypal.org/track/69759,"[""https://www.paypal.org/track/69759""]","{""from"": ""noreply@apple.com"", ""subject"": ""Stripe notification"", ""timestamp"": ""2025-07-17 01:59:00"", ""received_spf"": ""pass"", ""dkim"": ""pass"", ""dmarc"": ""pass"", ""relay_hops"": 2}",0
URGENT: Your microsoft account has been suspended. Verify immediately: http://stripe-secure.xyz/login/14387,"[""http://stripe-secure.xyz/login/14387""]","{""from"": ""security@stripe-alert.tk"", ""subject"": ""URGENT: Microsoft notice"", ""timestamp"": ""2025-08-25 04:17:00"", ""received_spf"": ""none"", ""dkim"": """", ""dmarc"": """", ""relay_hops"": 9}",1
Payment received: Thank you for your payment to Bankofamerica.,"[""https://www.microsoft.org/track/49625""]","{""from"": ""noreply@amazon.com"", ""subject"": ""Bankofamerica notification"", ""timestamp"": ""2025-05-11 02:25:00"", ""received_spf"": ""pass"", ""dkim"": ""pass"", ""dmarc"": ""pass"", ""relay_hops"": 2}",0
You are eligible for a tax refund. Provide your details here: http://goo.gl/31525,"[""http://goo.gl/31525""]","{""from"": ""security@dhl-alert.ga"", ""subject"": ""URGENT: Walmart notice"", ""timestamp"": ""2025-03-26 17:13:00"", ""received_spf"": ""fail"", ""dkim"": """", ""dmarc"": """", ""relay_hops"": 5}",1
Congratulations! You won a prize. Claim at http://google-secure.xyz/login/70327,"[""http://google-secure.xyz/login/70327""]","{""from"": ""security@microsoft-alert.ml"", ""subject"": ""URGENT: Dhl notice"", ""timestamp"": ""2025-12-27 06:03:00"", ""received_spf"": ""softfail"", ""dkim"": ""fail"", ""dmarc"": """", ""relay_hops"": 7}",1
Your payment could not be processed. Click http://amazon-secure.ga/login/24387 to update your billing info.,"[""http://amazon-secure.ga/login/24387""]","{""from"": ""security@fedex-alert.cf"", ""subject"": ""URGENT: Stripe notice"", ""timestamp"": ""2025-12-29 01:28:00"", ""received_spf"": ""fail"", ""dkim"": ""none"", ""dmarc"": ""none"", ""relay_hops"": 2}",1
Reminder: Your appointment with Microsoft is scheduled at 02:00 PM.,"[""https://www.amazon.in/track/12055""]","{""from"": ""noreply@netflix.com"", ""subject"": ""Microsoft notification"", ""timestamp"": ""2025-04-10 10:57:00"", ""received_spf"": ""pass"", ""dkim"": ""pass"", ""dmarc"": ""pass"", ""relay_hops"": 3}",0
URGENT: Your fedex account has been suspended. Verify immediately: http://bit.ly/59191,"[""http://bit.ly/59191""]","{""from"": ""security@paypal-alert.xyz"", ""subject"": ""URGENT: Fedex notice"", ""timestamp"": ""2025-07-12 20:28:00"", ""received_spf"": ""none"", ""dkim"": """", ""dmarc"": """", ""relay_hops"": 8}",1
Your payment could not be processed. Click http://dhl-secure.cf/login/69855 to update your billing info.,"[""http://dhl-secure.cf/login/69855""]","{""from"": ""security@netflix-alert.tk"", ""subject"": ""URGENT: Google notice"", ""timestamp"": ""2025-12-15 23:21:00"", ""received_spf"": ""none"", ""dkim"": """", ""dmarc"": ""none"", ""relay_hops"": 3}",1
Payment received: Thank you for your payment to Paypal.,"[""https://www.paypal.co/track/88624""]","{""from"": ""noreply@amazon.com"", ""subject"": ""Paypal notification"", ""timestamp"": ""2025-03-23 14:29:00"", ""received_spf"": ""pass"", ""dkim"": ""pass"", ""dmarc"": ""pass"", ""relay_hops"": 0}",0
Reminder: Your appointment with Stripe is scheduled at 05:00 PM.,"[""https://www.bankofamerica.net/track/41888""]","{""from"": ""noreply@dhl.com"", ""subject"": ""Stripe notification"", ""timestamp"": ""2025-03-20 16:44:00"", ""received_spf"": ""pass"", ""dkim"": ""pass"", ""dmarc"": ""pass"", ""relay_hops"": 2}",0
Delivery notification: Your package is out for delivery. Track: https://www.apple.com/track/74548,"[""https://www.apple.com/track/74548""]","{""from"": ""noreply@microsoft.com"", ""subject"": ""Fedex notification"", ""timestamp"": ""2025-08-13 22:19:00"", ""received_spf"": ""pass"", ""dkim"": ""pass"", ""dmarc"": ""pass"", ""relay_hops"": 1}",0
URGENT: Your google account has been suspended. Verify immediately: http://netflix-secure.gq/login/7015,"[""http://netflix-secure.gq/login/7015""]","{""from"": ""security@walmart-alert.cf"", ""subject"": ""URGENT: Google notice"", ""timestamp"": ""2025-09-01 05:12:00"", ""received_spf"": ""fail"", ""dkim"": """", ""dmarc"": ""fail"", ""relay_hops"": 2}",1
Reminder: Your appointment with Netflix is scheduled at 05:00 PM.,"[""https://www.fedex.co/track/45120""]","{""from"": ""noreply@apple.com"", ""subject"": ""Netflix notification"", ""timestamp"": ""2025-12-26 20:14:00"", ""received_spf"": ""pass"", ""dkim"": ""pass"", ""dmarc"": ""pass"", ""relay_hops"": 3}",0
Your payment could not be processed. Click http://fedex-secure.xyz/login/39593 to update your billing info.,"[""http://fedex-secure.xyz/login/39593""]","{""from"": ""security@amazon-alert.tk"", ""subject"": ""URGENT: Walmart notice"", ""timestamp"": ""2025-07-22 02:31:00"", ""received_spf"": ""neutral"", ""dkim"": ""none"", ""dmarc"": """", ""relay_hops"": 10}",1
Reminder: Your appointment with Walmart is scheduled at 01:00 PM.,"[""https://www.paypal.in/track/82752""]","{""from"": ""noreply@microsoft.com"", ""subject"": ""Walmart notification"", ""timestamp"": ""2025-02-04 07:54:00"", ""received_spf"": ""pass"", ""dkim"": ""pass"", ""dmarc"": ""pass"", ""relay_hops"": 0}",0
Newsletter: Latest updates from Dhl — read more at https://www.dhl.net/track/87374,"[""https://www.dhl.net/track/87374""]","{""from"": ""noreply@bankofamerica.com"", ""subject"": ""Dhl notification"", ""timestamp"": ""2025-01-29 12:19:00"", ""received_spf"": ""pass"", ""dkim"": ""pass"", ""dmarc"": ""pass"", ""relay_hops"": 2}",0
Your payment could not be processed. Click http://bankofamerica-secure.xyz/login/13797 to update your billing info.,"[""http://bankofamerica-secure.xyz/login/13797""]","{""from"": ""security@apple-alert.xyz"", ""subject"": ""URGENT: Apple notice"", ""timestamp"": ""2025-09-23 04:06:00"", ""received_spf"": ""softfail"", ""dkim"": """", ""dmarc"": ""fail"", ""relay_hops"": 9}",1
Reminder: Your appointment with Paypal is scheduled at 09:00 AM.,"[""https://www.apple.in/track/85054""]","{""from"": ""noreply@apple.com"", ""subject"": ""Paypal notification"", ""timestamp"": ""2025-07-18 14:45:00"", ""received_spf"": ""pass"", ""dkim"": ""pass"", ""dmarc"": ""pass"", ""relay_hops"": 3}",0
Reminder: Your appointment with Google is scheduled at 03:00 PM.,"[""https://www.fedex.co/track/69430""]","{""from"": ""noreply@walmart.com"", ""subject"": ""Google notification"", ""timestamp"": ""2025-09-06 10:44:00"", ""received_spf"": ""pass"", ""dkim"": ""pass"", ""dmarc"": ""pass"", ""relay_hops"": 1}",0
Payment received: Thank you for your payment to Apple.,"[""https://www.microsoft.com/track/19039""]","{""from"": ""noreply@walmart.com"", ""subject"": ""Apple notification"", ""timestamp"": ""2025-01-28 09:30:00"", ""received_spf"": ""pass"", ""dkim"": ""pass"", ""dmarc"": ""pass"", ""relay_hops"": 2}",0
Reminder: Your appointment with Walmart is scheduled at 03:00 PM.,"[""https://www.apple.net/track/4496""]","{""from"": ""noreply@stripe.com"", ""subject"": ""Walmart notification"", ""timestamp"": ""2025-07-30 03:18:00"", ""received_spf"": ""pass"", ""dkim"": ""pass"", ""dmarc"": ""pass"", ""relay_hops"": 1}",0
Reminder: Your appointment with Apple is scheduled at 05:00 PM.,"[""https://www.microsoft.org/track/27906""]","{""from"": ""noreply@paypal.com"", ""subject"": ""Apple notification"", ""timestamp"": ""2025-01-11 14:34:00"", ""received_spf"": ""pass"", ""dkim"": ""pass"", ""dmarc"": ""pass"", ""relay_hops"": 2}",0
Delivery notification: Your package is out for delivery. Track: https://www.dhl.com/track/99176,"[""https://www.dhl.com/track/99176""]","{""from"": ""noreply@amazon.com"", ""subject"": ""Google notification"", ""timestamp"": ""2025-11-01 11:19:00"", ""received_spf"": ""pass"", ""dkim"": ""pass"", ""dmarc"": ""pass"", ""relay_hops"": 2}",0
Delivery notification: Your package is out for delivery. Track: https://www.paypal.co/track/40224,"[""https://www.paypal.co/track/40224""]","{""from"": ""noreply@paypal.com"", ""subject"": ""Fedex notification"", ""timestamp"": ""2025-08-01 00:02:00"", ""received_spf"": ""pass"", ""dkim"": ""pass"", ""dmarc"": ""pass"", ""relay_hops"": 0}",0
Your microsoft monthly statement is ready. View it at https://www.fedex.net/track/24732,"[""https://www.fedex.net/track/24732""]","{""from"": ""noreply@netflix.com"", ""subject"": ""Microsoft notification"", ""timestamp"": ""2025-12-25 20:27:00"", ""received_spf"": ""pass"", ""dkim"": ""pass"", ""dmarc"": ""pass"", ""relay_hops"": 3}",0
Congratulations! You won a prize. Claim at http://fedex-secure.ml/login/57823,"[""http://fedex-secure.ml/login/57823""]","{""from"": ""security@netflix-alert.ml"", ""subject"": ""URGENT: Bankofamerica notice"", ""timestamp"": ""2025-10-18 16:55:00"", ""received_spf"": ""none"", ""dkim"": ""fail"", ""dmarc"": ""none"", ""relay_hops"": 8}",1
Congratulations! You won a prize. Claim at http://bankofamerica-secure.tk/login/83958,"[""http://bankofamerica-secure.tk/login/83958""]","{""from"": ""security@fedex-alert.gq"", ""subject"": ""URGENT: Apple notice"", ""timestamp"": ""2025-07-02 14:14:00"", ""received_spf"": ""neutral"", ""dkim"": ""fail"", ""dmarc"": """", ""relay_hops"": 3}",1
Newsletter: Latest updates from Amazon — read more at https://www.google.com/track/88116,"[""https://www.google.com/track/88116""]","{""from"": ""noreply@amazon.com"", ""subject"": ""Amazon notification"", ""timestamp"": ""2025-04-17 18:40:00"", ""received_spf"": ""pass"", ""dkim"": ""pass"", ""dmarc"": ""pass"", ""relay_hops"": 2}",0
URGENT: Your amazon account has been suspended. Verify immediately: http://stripe-secure.gq/login/75981,"[""http://stripe-secure.gq/login/75981""]","{""from"": ""security@netflix-alert.tk"", ""subject"": ""URGENT: Amazon notice"", ""timestamp"": ""2025-03-20 13:11:00"", ""received_spf"": ""softfail"", ""dkim"": ""none"", ""dmarc"": ""none"", ""relay_hops"": 8}",1
Payment received: Thank you for your payment to Bankofamerica.,"[""https://www.amazon.co/track/41245""]","{""from"": ""noreply@stripe.com"", ""subject"": ""Bankofamerica notification"", ""timestamp"": ""2025-07-22 23:16:00"", ""received_spf"": ""pass"", ""dkim"": ""pass"", ""dmarc"": ""pass"", ""relay_hops"": 3}",0
Your microsoft monthly statement is ready. View it at https://www.stripe.in/track/46875,"[""https://www.stripe.in/track/46875""]","{""from"": ""noreply@dhl.com"", ""subject"": ""Microsoft notification"", ""timestamp"": ""2025-06-04 07:33:00"", ""received_spf"": ""pass"", ""dkim"": ""pass"", ""dmarc"": ""pass"", ""relay_hops"": 0}",0
Delivery notification: Your package is out for delivery. Track: https://www.apple.co/track/12833,"[""https://www.apple.co/track/12833""]","{""from"": ""noreply@google.com"", ""subject"": ""Dhl notification"", ""timestamp"": ""2025-12-09 03:18:00"", ""received_spf"": ""pass"", ""dkim"": ""pass"", ""dmarc"": ""pass"", ""relay_hops"": 3}",0
Delivery notification: Your package is out for delivery. Track: https://www.bankofamerica.com/track/54135,"[""https://www.bankofamerica.com/track/54135""]","{""from"": ""noreply@bankofamerica.com"", ""subject"": ""Walmart notification"", ""timestamp"": ""2025-05-17 14:14:00"", ""received_spf"": ""pass"", ""dkim"": ""pass"", ""dmarc"": ""pass"", ""relay_hops"": 1}",0
Newsletter: Latest updates from Paypal — read more at https://www.stripe.net/track/88156,"[""https://www.stripe.net/track/88156""]","{""from"": ""noreply@dhl.com"", ""subject"": ""Paypal notification"", ""timestamp"": ""2025-10-25 05:11:00"", ""received_spf"": ""pass"", ""dkim"": ""pass"", ""dmarc"": ""pass"", ""relay_hops"": 3}",0
Reminder: Your appointment with Dhl is scheduled at 06:00 PM.,"[""https://www.walmart.org/track/60372""]","{""from"": ""noreply@paypal.com"", ""subject"": ""Dhl notification"", ""timestamp"": ""2025-09-02 22:20:00"", ""received_spf"": ""pass"", ""dkim"": ""pass"", ""dmarc"": ""pass"", ""relay_hops"": 1}",0
Reminder: Your appointment with Paypal is scheduled at 03:00 PM.,"[""https://www.apple.net/track/45661""]","{""from"": ""noreply@dhl.com"", ""subject"": ""Paypal notification"", ""timestamp"": ""2025-07-20 14:57:00"", ""received_spf"": ""pass"", ""dkim"": ""pass"", ""dmarc"": ""pass"", ""relay_hops"": 1}",0
Delivery notification: Your package is out for delivery. Track: https://www.apple.co/track/80241,"[""https://www.apple.co/track/80241""]","{""from"": ""noreply@fedex.com"", ""subject"": ""Bankofamerica notification"", ""timestamp"": ""2025-11-28 03:13:00"", ""received_spf"": ""pass"", ""dkim"": ""pass"", ""dmarc"": ""pass"", ""relay_hops"": 3}",0
Payment received: Thank you for your payment to Google.,"[""https://www.walmart.co/track/73608""]","{""from"": ""noreply@paypal.com"", ""subject"": ""Google notification"", ""timestamp"": ""2025-10-26 05:50:00"", ""received_spf"": ""pass"", ""dkim"": ""pass"", ""dmarc"": ""pass"", ""relay_hops"": 0}",0
Delivery notification: Your package is out for delivery. Track: https://www.walmart.in/track/75620,"[""https://www.walmart.in/track/75620""]","{""from"": ""noreply@walmart.com"", ""subject"": ""Fedex notification"", ""timestamp"": ""2025-01-11 15:14:00"", ""received_spf"": ""pass"", ""dkim"": ""pass"", ""dmarc"": ""pass"", ""relay_hops"": 1}",0
Your payment could not be processed. Click http://ow.ly/85681 to update your billing info.,"[""http://ow.ly/85681""]","{""from"": ""security@walmart-alert.xyz"", ""subject"": ""URGENT: Microsoft notice"", ""timestamp"": ""2025-09-28 18:27:00"", ""received_spf"": ""neutral"", ""dkim"": ""fail"", ""dmarc"": ""fail"", ""relay_hops"": 6}",1
Your microsoft monthly statement is ready. View it at https://www.stripe.co/track/2146,"[""https://www.stripe.co/track/2146""]","{""from"": ""noreply@bankofamerica.com"", ""subject"": ""Microsoft notification"", ""timestamp"": ""2025-04-10 19:48:00"", ""received_spf"": ""pass"", ""dkim"": ""pass"", ""dmarc"": ""pass"", ""relay_hops"": 3}",0
Payment received: Thank you for your payment to Stripe.,"[""https://www.stripe.net/track/23889""]","{""from"": ""noreply@fedex.com"", ""subject"": ""Stripe notification"", ""timestamp"": ""2025-07-07 19:41:00"", ""received_spf"": ""pass"", ""dkim"": ""pass"", ""dmarc"": ""pass"", ""relay_hops"": 0}",0
Delivery notification: Your package is out for delivery. Track: https://www.paypal.org/track/18572,"[""https://www.paypal.org/track/18572""]","{""from"": ""noreply@microsoft.com"", ""subject"": ""Microsoft notification"", ""timestamp"": ""2025-06-24 08:05:00"", ""received_spf"": ""pass"", ""dkim"": ""pass"", ""dmarc"": ""pass"", ""relay_hops"": 1}",0
Reminder: Your appointment with Microsoft is scheduled at 02:00 PM.,"[""https://www.stripe.net/track/14367""]","{""from"": ""noreply@fedex.com"", ""subject"": ""Microsoft notification"", ""timestamp"": ""2025-06-18 16:32:00"", ""received_spf"": ""pass"", ""dkim"": ""pass"", ""dmarc"": ""pass"", ""relay_hops"": 2}",0
Reminder: Your appointment with Google is scheduled at 08:00 AM.,"[""https://www.dhl.in/track/45883""]","{""from"": ""noreply@microsoft.com"", ""subject"": ""Google notification"", ""timestamp"": ""2025-01-23 09:39:00"", ""received_spf"": ""pass"", ""dkim"": ""pass"", ""dmarc"": ""pass"", ""relay_hops"": 0}",0
Delivery notification: Your package is out for delivery. Track: https://www.microsoft.co/track/93308,"[""https://www.microsoft.co/track/93308""]","{""from"": ""noreply@apple.com"", ""subject"": ""Dhl notification"", ""timestamp"": ""2025-02-14 10:40:00"", ""received_spf"": ""pass"", ""dkim"": ""pass"", ""dmarc"": ""pass"", ""relay_hops"": 3}",0
Newsletter: Latest updates from Dhl — read more at https://www.amazon.org/track/25675,"[""https://www.amazon.org/track/25675""]","{""from"": ""noreply@google.com"", ""subject"": ""Dhl notification"", ""timestamp"": ""2025-02-16 12:30:00"", ""received_spf"": ""pass"", ""dkim"": ""pass"", ""dmarc"": ""pass"", ""relay_hops"": 3}",0
Reminder: Your appointment with Dhl is scheduled at 12:00 PM.,"[""https://www.walmart.net/track/84085""]","{""from"": ""noreply@bankofamerica.com"", ""subject"": ""Dhl notification"", ""timestamp"": ""2025-03-05 05:06:00"", ""received_spf"": ""pass"", ""dkim"": ""pass"", ""dmarc"": ""pass"", ""relay_hops"": 3}",0
Newsletter: Latest updates from Google — read more at https://www.google.com/track/16151,"[""https://www.google.com/track/16151""]","{""from"": ""noreply@fedex.com"", ""subject"": ""Google notification"", ""timestamp"": ""2025-12-27 17:41:00"", ""received_spf"": ""pass"", ""dkim"": ""pass"", ""dmarc"": ""pass"", ""relay_hops"": 1}",0
You are eligible for a tax refund. Provide your details here: http://dhl-secure.ml/login/54852,"[""http://dhl-secure.ml/login/54852""]","{""from"": ""security@fedex-alert.gq"", ""subject"": ""URGENT: Netflix notice"", ""timestamp"": ""2025-08-29 11:37:00"", ""received_spf"": ""softfail"", ""dkim"": ""none"", ""dmarc"": """", ""relay_hops"": 6}",1
Delivery notification: Your package is out for delivery. Track: https://www.netflix.co/track/20963,"[""https://www.netflix.co/track/20963""]","{""from"": ""noreply@walmart.com"", ""subject"": ""Stripe notification"", ""timestamp"": ""2025-09-29 01:06:00"", ""received_spf"": ""pass"", ""dkim"": ""pass"", ""dmarc"": ""pass"", ""relay_hops"": 0}",0
Congratulations! You won a prize. Claim at http://stripe-secure.gq/login/6675,"[""http://stripe-secure.gq/login/6675""]","{""from"": ""security@amazon-alert.xyz"", ""subject"": ""URGENT: Stripe notice"", ""timestamp"": ""2025-07-28 04:54:00"", ""received_spf"": ""fail"", ""dkim"": """", ""dmarc"": """", ""relay_hops"": 5}",1
Payment received: Thank you for your payment to Stripe.,"[""https://www.dhl.net/track/89651""]","{""from"": ""noreply@paypal.com"", ""subject"": ""Stripe notification"", ""timestamp"": ""2025-12-06 11:30:00"", ""received_spf"": ""pass"", ""dkim"": ""pass"", ""dmarc"": ""pass"", ""relay_hops"": 2}",0
Payment received: Thank you for your payment to Amazon.,"[""https://www.netflix.com/track/85359""]","{""from"": ""noreply@fedex.com"", ""subject"": ""Amazon notification"", ""timestamp"": ""2025-03-25 15:13:00"", ""received_spf"": ""pass"", ""dkim"": ""pass"", ""dmarc"": ""pass"", ""relay_hops"": 0}",0
Security Alert: Unusual login activity detected. Confirm your identity: http://fedex-secure.tk/login/71503,"[""http://fedex-secure.tk/login/71503""]","{""from"": ""security@dhl-alert.xyz"", ""subject"": ""URGENT: Fedex notice"", ""timestamp"": ""2025-09-29 07:34:00"", ""received_spf"": ""softfail"", ""dkim"": ""none"", ""dmarc"": ""none"", ""relay_hops"": 10}",1
Your fedex monthly statement is ready. View it at https://www.bankofamerica.co/track/98334,"[""https://www.bankofamerica.co/track/98334""]","{""from"": ""noreply@fedex.com"", ""subject"": ""Fedex notification"", ""timestamp"": ""2025-10-26 05:46:00"", ""received_spf"": ""pass"", ""dkim"": ""pass"", ""dmarc"": ""pass"", ""relay_hops"": 2}",0
URGENT: Your amazon account has been suspended. Verify immediately: http://apple-secure.tk/login/31064,"[""http://apple-secure.tk/login/31064""]","{""from"": ""security@microsoft-alert.cf"", ""subject"": ""URGENT: Amazon notice"", ""timestamp"": ""2025-04-06 00:51:00"", ""received_spf"": ""softfail"", ""dkim"": ""none"", ""dmarc"": """", ""relay_hops"": 10}",1
URGENT: Your microsoft account has been suspended. Verify immediately: http://tinyurl.com/64297,"[""http://tinyurl.com/64297""]","{""from"": ""security@netflix-alert.gq"", ""subject"": ""URGENT: Microsoft notice"", ""timestamp"": ""2025-02-20 13:34:00"", ""received_spf"": ""neutral"", ""dkim"": """", ""dmarc"": ""fail"", ""relay_hops"": 5}",1
Delivery notification: Your package is out for delivery. Track: https://www.walmart.org/track/20214,"[""https://www.walmart.org/track/20214""]","{""from"": ""noreply@bankofamerica.com"", ""subject"": ""Stripe notification"", ""timestamp"": ""2025-08-12 12:02:00"", ""received_spf"": ""pass"", ""dkim"": ""pass"", ""dmarc"": ""pass"", ""relay_hops"": 0}",0
Reminder: Your appointment with Google is scheduled at 04:00 PM.,"[""https://www.netflix.org/track/24138""]","{""from"": ""noreply@google.com"", ""subject"": ""Google notification"", ""timestamp"": ""2025-10-27 22:46:00"", ""received_spf"": ""pass"", ""dkim"": ""pass"", ""dmarc"": ""pass"", ""relay_hops"": 1}",0
Payment received: Thank you for your payment to Walmart.,"[""https://www.apple.net/track/67040""]","{""from"": ""noreply@amazon.com"", ""subject"": ""Walmart notification"", ""timestamp"": ""2025-08-07 12:34:00"", ""received_spf"": ""pass"", ""dkim"": ""pass"", ""dmarc"": ""pass"", ""relay_hops"": 3}",0
Newsletter: Latest updates from Dhl — read more at https://www.paypal.co/track/81078,"[""https://www.paypal.co/track/81078""]","{""from"": ""noreply@amazon.com"", ""subject"": ""Dhl notification"", ""timestamp"": ""2025-05-05 02:46:00"", ""received_spf"": ""pass"", ""dkim"": ""pass"", ""dmarc"": ""pass"", ""relay_hops"": 0}",0
Delivery notification: Your package is out for delivery. Track: https://www.google.com/track/47859,"[""https://www.google.com/track/47859""]","{""from"": ""noreply@bankofamerica.com"", ""subject"": ""Amazon notification"", ""timestamp"": ""2025-08-15 21:17:00"", ""received_spf"": ""pass"", ""dkim"": ""pass"", ""dmarc"": ""pass"", ""relay_hops"": 1}",0
Security Alert: Unusual login activity detected. Confirm your identity: http://amazon-secure.ml/login/9114,"[""http://amazon-secure.ml/login/9114""]","{""from"": ""security@paypal-alert.cf"", ""subject"": ""URGENT: Amazon notice"", ""timestamp"": ""2025-05-09 15:20:00"", ""received_spf"": ""neutral"", ""dkim"": ""fail"", ""dmarc"": ""fail"", ""relay_hops"": 8}",1
Your apple monthly statement is ready. View it at https://www.google.net/track/78782,"[""https://www.google.net/track/78782""]","{""from"": ""noreply@bankofamerica.com"", ""subject"": ""Apple notification"", ""timestamp"": ""2025-12-18 22:45:00"", ""received_spf"": ""pass"", ""dkim"": ""pass"", ""dmarc"": ""pass"", ""relay_hops"": 1}",0
Reminder: Your appointment with Stripe is scheduled at 01:00 PM.,"[""https://www.stripe.com/track/69542""]","{""from"": ""noreply@google.com"", ""subject"": ""Stripe notification"", ""timestamp"": ""2025-03-05 01:24:00"", ""received_spf"": ""pass"", ""dkim"": ""pass"", ""dmarc"": ""pass"", ""relay_hops"": 0}",0
Your amazon monthly statement is ready. View it at https://www.amazon.co/track/65806,"[""https://www.amazon.co/track/65806""]","{""from"": ""noreply@dhl.com"", ""subject"": ""Amazon notification"", ""timestamp"": ""2025-01-03 07:45:00"", ""received_spf"": ""pass"", ""dkim"": ""pass"", ""dmarc"": ""pass"", ""relay_hops"": 3}",0
Reminder: Your appointment with Apple is scheduled at 11:00 AM.,"[""https://www.google.in/track/95125""]","{""from"": ""noreply@amazon.com"", ""subject"": ""Apple notification"", ""timestamp"": ""2025-12-03 08:15:00"", ""received_spf"": ""pass"", ""dkim"": ""pass"", ""dmarc"": ""pass"", ""relay_hops"": 1}",0
Your bankofamerica monthly statement is ready. View it at https://www.dhl.com/track/36307,"[""https://www.dhl.com/track/36307""]","{""from"": ""noreply@stripe.com"", ""subject"": ""Bankofamerica notification"", ""timestamp"": ""2025-09-03 13:11:00"", ""received_spf"": ""pass"", ""dkim"": ""pass"", ""dmarc"": ""pass"", ""relay_hops"": 2}",0
URGENT: Your microsoft account has been suspended. Verify immediately: http://dhl-secure.cf/login/93941,"[""http://dhl-secure.cf/login/93941""]","{""from"": ""security@fedex-alert.ml"", ""subject"": ""URGENT: Microsoft notice"", ""timestamp"": ""2025-02-07 02:49:00"", ""received_spf"": ""softfail"", ""dkim"": ""fail"", ""dmarc"": ""none"", ""relay_hops"": 10}",1
Reminder: Your appointment with Walmart is scheduled at 03:00 PM.,"[""https://www.paypal.co/track/23296""]","{""from"": ""noreply@stripe.com"", ""subject"": ""Walmart notification"", ""timestamp"": ""2025-06-07 03:37:00"", ""received_spf"": ""pass"", ""dkim"": ""pass"", ""dmarc"": ""pass"", ""relay_hops"": 1}",0
Delivery notification: Your package is out for delivery. Track: https://www.dhl.in/track/69540,"[""https://www.dhl.in/track/69540""]","{""from"": ""noreply@walmart.com"", ""subject"": ""Dhl notification"", ""timestamp"": ""2025-07-02 06:29:00"", ""received_spf"": ""pass"", ""dkim"": ""pass"", ""dmarc"": ""pass"", ""relay_hops"": 2}",0
Payment received: Thank you for your payment to Apple.,"[""https://www.paypal.net/track/26248""]","{""from"": ""noreply@bankofamerica.com"", ""subject"": ""Apple notification"", ""timestamp"": ""2025-03-21 09:38:00"", ""received_spf"": ""pass"", ""dkim"": ""pass"", ""dmarc"": ""pass"", ""relay_hops"": 1}",0
Payment received: Thank you for your payment to Paypal.,"[""https://www.walmart.co/track/16702""]","{""from"": ""noreply@bankofamerica.com"", ""subject"": ""Paypal notification"", ""timestamp"": ""2025-11-19 23:24:00"", ""received_spf"": ""pass"", ""dkim"": ""pass"", ""dmarc"": ""pass"", ""relay_hops"": 1}",0
Your paypal monthly statement is ready. View it at https://www.fedex.co/track/19654,"[""https://www.fedex.co/track/19654""]","{""from"": ""noreply@bankofamerica.com"", ""subject"": ""Paypal notification"", ""timestamp"": ""2025-12-26 09:51:00"", ""received_spf"": ""pass"", ""dkim"": ""pass"", ""dmarc"": ""pass"", ""relay_hops"": 2}",0
Congratulations! You won a prize. Claim at http://amazon-secure.cf/login/35810,"[""http://amazon-secure.cf/login/35810""]","{""from"": ""security@microsoft-alert.gq"", ""subject"": ""URGENT: Apple notice"", ""timestamp"": ""2025-06-15 16:30:00"", ""received_spf"": ""none"", ""dkim"": """", ""dmarc"": ""none"", ""relay_hops"": 2}",1
Security Alert: Unusual login activity detected. Confirm your identity: http://netflix-secure.gq/login/68675,"[""http://netflix-secure.gq/login/68675""]","{""from"": ""security@apple-alert.ga"", ""subject"": ""URGENT: Stripe notice"", ""timestamp"": ""2025-09-16 16:04:00"", ""received_spf"": ""fail"", ""dkim"": """", ""dmarc"": ""fail"", ""relay_hops"": 3}",1
Payment received: Thank you for your payment to Apple.,"[""https://www.bankofamerica.in/track/50043""]","{""from"": ""noreply@netflix.com"", ""subject"": ""Apple notification"", ""timestamp"": ""2025-11-07 12:14:00"", ""received_spf"": ""pass"", ""dkim"": ""pass"", ""dmarc"": ""pass"", ""relay_hops"": 2}",0
Your payment could not be processed. Click http://fedex-secure.xyz/login/45409 to update your billing info.,"[""http://fedex-secure.xyz/login/45409""]","{""from"": ""security@walmart-alert.ml"", ""subject"": ""URGENT: Netflix notice"", ""timestamp"": ""2025-10-30 05:37:00"", ""received_spf"": ""none"", ""dkim"": ""fail"", ""dmarc"": ""fail"", ""relay_hops"": 5}",1
Reminder: Your appointment with Netflix is scheduled at 10:00 AM.,"[""https://www.dhl.co/track/60698""]","{""from"": ""noreply@paypal.com"", ""subject"": ""Netflix notification"", ""timestamp"": ""2025-05-15 15:11:00"", ""received_spf"": ""pass"", ""dkim"": ""pass"", ""dmarc"": ""pass"", ""relay_hops"": 2}",0
You are eligible for a tax refund. Provide your details here: http://stripe-secure.ga/login/53884,"[""http://stripe-secure.ga/login/53884""]","{""from"": ""security@microsoft-alert.xyz"", ""subject"": ""URGENT: Amazon notice"", ""timestamp"": ""2025-02-09 22:39:00"", ""received_spf"": ""fail"", ""dkim"": ""none"", ""dmarc"": ""fail"", ""relay_hops"": 9}",1
Your payment could not be processed. Click http://netflix-secure.tk/login/43907 to update your billing info.,"[""http://netflix-secure.tk/login/43907""]","{""from"": ""security@bankofamerica-alert.ml"", ""subject"": ""URGENT: Bankofamerica notice"", ""timestamp"": ""2025-04-14 14:19:00"", ""received_spf"": ""none"", ""dkim"": ""fail"", ""dmarc"": ""none"", ""relay_hops"": 5}",1
Your microsoft monthly statement is ready. View it at https://www.walmart.org/track/46889,"[""https://www.walmart.org/track/46889""]","{""from"": ""noreply@microsoft.com"", ""subject"": ""Microsoft notification"", ""timestamp"": ""2025-09-03 00:05:00"", ""received_spf"": ""pass"", ""dkim"": ""pass"", ""dmarc"": ""pass"", ""relay_hops"": 1}",0
Newsletter: Latest updates from Stripe — read more at https://www.stripe.org/track/52656,"[""https://www.stripe.org/track/52656""]","{""from"": ""noreply@bankofamerica.com"", ""subject"": ""Stripe notification"", ""timestamp"": ""2025-01-13 18:04:00"", ""received_spf"": ""pass"", ""dkim"": ""pass"", ""dmarc"": ""pass"", ""relay_hops"": 2}",0
Reminder: Your appointment with Walmart is scheduled at 10:00 AM.,"[""https://www.paypal.co/track/73268""]","{""from"": ""noreply@walmart.com"", ""subject"": ""Walmart notification"", ""timestamp"": ""2025-02-15 07:17:00"", ""received_spf"": ""pass"", ""dkim"": ""pass"", ""dmarc"": ""pass"", ""relay_hops"": 1}",0
Congratulations! You won a prize. Claim at http://stripe-secure.ml/login/83782,"[""http://stripe-secure.ml/login/83782""]","{""from"": ""security@bankofamerica-alert.xyz"", ""subject"": ""URGENT: Fedex notice"", ""timestamp"": ""2025-12-22 11:43:00"", ""received_spf"": ""none"", ""dkim"": ""none"", ""dmarc"": ""fail"", ""relay_hops"": 8}",1
Reminder: Your appointment with Fedex is scheduled at 04:00 PM.,"[""https://www.google.com/track/27181""]","{""from"": ""noreply@walmart.com"", ""subject"": ""Fedex notification"", ""timestamp"": ""2025-06-02 04:19:00"", ""received_spf"": ""pass"", ""dkim"": ""pass"", ""dmarc"": ""pass"", ""relay_hops"": 1}",0
Your dhl monthly statement is ready. View it at https://www.dhl.com/track/28421,"[""https://www.dhl.com/track/28421""]","{""from"": ""noreply@paypal.com"", ""subject"": ""Dhl notification"", ""timestamp"": ""2025-12-13 12:58:00"", ""received_spf"": ""pass"", ""dkim"": ""pass"", ""dmarc"": ""pass"", ""relay_hops"": 2}",0
Your microsoft monthly statement is ready. View it at https://www.paypal.co/track/89948,"[""https://www.paypal.co/track/89948""]","{""from"": ""noreply@stripe.com"", ""subject"": ""Microsoft notification"", ""timestamp"": ""2025-02-05 04:09:00"", ""received_spf"": ""pass"", ""dkim"": ""pass"", ""dmarc"": ""pass"", ""relay_hops"": 1}",0
Payment received: Thank you for your payment to Dhl.,"[""https://www.bankofamerica.com/track/95925""]","{""from"": ""noreply@microsoft.com"", ""subject"": ""Dhl notification"", ""timestamp"": ""2025-08-11 14:35:00"", ""received_spf"": ""pass"", ""dkim"": ""pass"", ""dmarc"": ""pass"", ""relay_hops"": 0}",0
Your google monthly statement is ready. View it at https://www.microsoft.net/track/16425,"[""https://www.microsoft.net/track/16425""]","{""from"": ""noreply@microsoft.com"", ""subject"": ""Google notification"", ""timestamp"": ""2025-11-29 15:46:00"", ""received_spf"": ""pass"", ""dkim"": ""pass"", ""dmarc"": ""pass"", ""relay_hops"": 1}",0
You are eligible for a tax refund. Provide your details here: http://walmart-secure.gq/login/23310,"[""http://walmart-secure.gq/login/23310""]","{""from"": ""security@bankofamerica-alert.xyz"", ""subject"": ""URGENT: Walmart notice"", ""timestamp"": ""2025-03-10 05:46:00"", ""received_spf"": ""softfail"", ""dkim"": ""none"", ""dmarc"": ""fail"", ""relay_hops"": 6}",1
Your bankofamerica monthly statement is ready. View it at https://www.stripe.co/track/1630,"[""https://www.stripe.co/track/1630""]","{""from"": ""noreply@netflix.com"", ""subject"": ""Bankofamerica notification"", ""timestamp"": ""2025-11-09 05:54:00"", ""received_spf"": ""pass"", ""dkim"": ""pass"", ""dmarc"": ""pass"", ""relay_hops"": 3}",0
Payment received: Thank you for your payment to Microsoft.,"[""https://www.stripe.com/track/88081""]","{""from"": ""noreply@apple.com"", ""subject"": ""Microsoft notification"", ""timestamp"": ""2025-04-04 22:52:00"", ""received_spf"": ""pass"", ""dkim"": ""pass"", ""dmarc"": ""pass"", ""relay_hops"": 2}",0
Newsletter: Latest updates from Paypal — read more at https://www.netflix.net/track/15813,"[""https://www.netflix.net/track/15813""]","{""from"": ""noreply@bankofamerica.com"", ""subject"": ""Paypal notification"", ""timestamp"": ""2025-05-24 09:16:00"", ""received_spf"": ""pass"", ""dkim"": ""pass"", ""dmarc"": ""pass"", ""relay_hops"": 0}",0
Reminder: Your appointment with Microsoft is scheduled at 05:00 PM.,"[""https://www.walmart.net/track/74233""]","{""from"": ""noreply@stripe.com"", ""subject"": ""Microsoft notification"", ""timestamp"": ""2025-09-05 10:56:00"", ""received_spf"": ""pass"", ""dkim"": ""pass"", ""dmarc"": ""pass"", ""relay_hops"": 1}",0
You are eligible for a tax refund. Provide your details here: http://tinyurl.com/64949,"[""http://tinyurl.com/64949""]","{""from"": ""security@dhl-alert.ml"", ""subject"": ""URGENT: Walmart notice"", ""timestamp"": ""2025-12-11 16:27:00"", ""received_spf"": ""none"", ""dkim"": """", ""dmarc"": ""none"", ""relay_hops"": 4}",1
Delivery notification: Your package is out for delivery. Track: https://www.google.in/track/97288,"[""https://www.google.in/track/97288""]","{""from"": ""noreply@dhl.com"", ""subject"": ""Netflix notification"", ""timestamp"": ""2025-05-12 16:39:00"", ""received_spf"": ""pass"", ""dkim"": ""pass"", ""dmarc"": ""pass"", ""relay_hops"": 2}",0
Delivery notification: Your package is out for delivery. Track: https://www.bankofamerica.com/track/89761,"[""https://www.bankofamerica.com/track/89761""]","{""from"": ""noreply@walmart.com"", ""subject"": ""Paypal notification"", ""timestamp"": ""2025-04-28 17:35:00"", ""received_spf"": ""pass"", ""dkim"": ""pass"", ""dmarc"": ""pass"", ""relay_hops"": 0}",0
Newsletter: Latest updates from Paypal — read more at https://www.apple.co/track/73485,"[""https://www.apple.co/track/73485""]","{""from"": ""noreply@amazon.com"", ""subject"": ""Paypal notification"", ""timestamp"": ""2025-10-07 11:07:00"", ""received_spf"": ""pass"", ""dkim"": ""pass"", ""dmarc"": ""pass"", ""relay_hops"": 3}",0
URGENT: Your dhl account has been suspended. Verify immediately: http://bankofamerica-secure.ga/login/65982,"[""http://bankofamerica-secure.ga/login/65982""]","{""from"": ""security@paypal-alert.ga"", ""subject"": ""URGENT: Dhl notice"", ""timestamp"": ""2025-01-02 09:37:00"", ""received_spf"": ""fail"", ""dkim"": """", ""dmarc"": """", ""relay_hops"": 5}",1
Congratulations! You won a prize. Claim at http://apple-secure.cf/login/49404,"[""http://apple-secure.cf/login/49404""]","{""from"": ""security@dhl-alert.cf"", ""subject"": ""URGENT: Dhl notice"", ""timestamp"": ""2025-01-12 02:10:00"", ""received_spf"": ""fail"", ""dkim"": """", ""dmarc"": ""fail"", ""relay_hops"": 5}",1
You are eligible for a tax refund. Provide your details here: http://t.co/34609,"[""http://t.co/34609""]","{""from"": ""security@netflix-alert.ga"", ""subject"": ""URGENT: Walmart notice"", ""timestamp"": ""2025-11-20 18:48:00"", ""received_spf"": ""softfail"", ""dkim"": ""fail"", ""dmarc"": ""fail"", ""relay_hops"": 7}",1
URGENT: Your netflix account has been suspended. Verify immediately: http://netflix-secure.cf/login/87072,"[""http://netflix-secure.cf/login/87072""]","{""from"": ""security@fedex-alert.gq"", ""subject"": ""URGENT: Netflix notice"", ""timestamp"": ""2025-09-07 05:10:00"", ""received_spf"": ""neutral"", ""dkim"": ""none"", ""dmarc"": ""fail"", ""relay_hops"": 9}",1
Delivery notification: Your package is out for delivery. Track: https://www.apple.net/track/49637,"[""https://www.apple.net/track/49637""]","{""from"": ""noreply@microsoft.com"", ""subject"": ""Bankofamerica notification"", ""timestamp"": ""2025-03-30 03:18:00"", ""received_spf"": ""pass"", ""dkim"": ""pass"", ""dmarc"": ""pass"", ""relay_hops"": 2}",0
Congratulations! You won a prize. Claim at http://microsoft-secure.ml/login/17670,"[""http://microsoft-secure.ml/login/17670""]","{""from"": ""security@microsoft-alert.tk"", ""subject"": ""URGENT: Fedex notice"", ""timestamp"": ""2025-07-28 01:42:00"", ""received_spf"": ""fail"", ""dkim"": ""fail"", ""dmarc"": """", ""relay_hops"": 8}",1
Reminder: Your appointment with Stripe is scheduled at 12:00 PM.,"[""https://www.bankofamerica.com/track/82986""]","{""from"": ""noreply@amazon.com"", ""subject"": ""Stripe notification"", ""timestamp"": ""2025-07-05 00:08:00"", ""received_spf"": ""pass"", ""dkim"": ""pass"", ""dmarc"": ""pass"", ""relay_hops"": 0}",0
Your google monthly statement is ready. View it at https://www.netflix.co/track/14729,"[""https://www.netflix.co/track/14729""]","{""from"": ""noreply@amazon.com"", ""subject"": ""Google notification"", ""timestamp"": ""2025-08-27 12:34:00"", ""received_spf"": ""pass"", ""dkim"": ""pass"", ""dmarc"": ""pass"", ""relay_hops"": 3}",0
Reminder: Your appointment with Microsoft is scheduled at 01:00 PM.,"[""https://www.fedex.com/track/88301""]","{""from"": ""noreply@google.com"", ""subject"": ""Microsoft notification"", ""timestamp"": ""2025-08-18 01:00:00"", ""received_spf"": ""pass"", ""dkim"": ""pass"", ""dmarc"": ""pass"", ""relay_hops"": 3}",0
You are eligible for a tax refund. Provide your details here: http://google-secure.cf/login/14475,"[""http://google-secure.cf/login/14475""]","{""from"": ""security@microsoft-alert.tk"", ""subject"": ""URGENT: Amazon notice"", ""timestamp"": ""2025-01-19 05:26:00"", ""received_spf"": ""none"", ""dkim"": """", ""dmarc"": """", ""relay_hops"": 7}",1
Delivery notification: Your package is out for delivery. Track: https://www.microsoft.co/track/74725,"[""https://www.microsoft.co/track/74725""]","{""from"": ""noreply@amazon.com"", ""subject"": ""Walmart notification"", ""timestamp"": ""2025-09-13 17:30:00"", ""received_spf"": ""pass"", ""dkim"": ""pass"", ""dmarc"": ""pass"", ""relay_hops"": 2}",0
URGENT: Your netflix account has been suspended. Verify immediately: http://walmart-secure.ga/login/23858,"[""http://walmart-secure.ga/login/23858""]","{""from"": ""security@paypal-alert.xyz"", ""subject"": ""URGENT: Netflix notice"", ""timestamp"": ""2025-03-09 19:37:00"", ""received_spf"": ""fail"", ""dkim"": ""none"", ""dmarc"": ""none"", ""relay_hops"": 8}",1
Your payment could not be processed. Click http://netflix-secure.xyz/login/20307 to update your billing info.,"[""http://netflix-secure.xyz/login/20307""]","{""from"": ""security@apple-alert.ga"", ""subject"": ""URGENT: Apple notice"", ""timestamp"": ""2025-08-24 09:26:00"", ""received_spf"": ""neutral"", ""dkim"": ""none"", ""dmarc"": ""fail"", ""relay_hops"": 5}",1
Congratulations! You won a prize. Claim at http://bankofamerica-secure.cf/login/73399,"[""http://bankofamerica-secure.cf/login/73399""]","{""from"": ""security@fedex-alert.ml"", ""subject"": ""URGENT: Bankofamerica notice"", ""timestamp"": ""2025-08-08 14:56:00"", ""received_spf"": ""fail"", ""dkim"": """", ""dmarc"": """", ""relay_hops"": 2}",1
Your dhl monthly statement is ready. View it at https://www.fedex.com/track/60403,"[""https://www.fedex.com/track/60403""]","{""from"": ""noreply@amazon.com"", ""subject"": ""Dhl notification"", ""timestamp"": ""2025-07-06 13:36:00"", ""received_spf"": ""pass"", ""dkim"": ""pass"", ""dmarc"": ""pass"", ""relay_hops"": 1}",0
Security Alert: Unusual login activity detected. Confirm your identity: http://tinyurl.com/12595,"[""http://tinyurl.com/12595""]","{""from"": ""security@apple-alert.gq"", ""subject"": ""URGENT: Netflix notice"", ""timestamp"": ""2025-04-29 20:14:00"", ""received_spf"": ""fail"", ""dkim"": ""none"", ""dmarc"": ""fail"", ""relay_hops"": 4}",1
Reminder: Your appointment with Walmart is scheduled at 06:00 PM.,"[""https://www.google.co/track/40727""]","{""from"": ""noreply@paypal.com"", ""subject"": ""Walmart notification"", ""timestamp"": ""2025-04-21 08:00:00"", ""received_spf"": ""pass"", ""dkim"": ""pass"", ""dmarc"": ""pass"", ""relay_hops"": 3}",0
Newsletter: Latest updates from Bankofamerica — read more at https://www.apple.net/track/82346,"[""https://www.apple.net/track/82346""]","{""from"": ""noreply@netflix.com"", ""subject"": ""Bankofamerica notification"", ""timestamp"": ""2025-05-20 00:11:00"", ""received_spf"": ""pass"", ""dkim"": ""pass"", ""dmarc"": ""pass"", ""relay_hops"": 3}",0
Security Alert: Unusual login activity detected. Confirm your identity: http://walmart-secure.gq/login/18600,"[""http://walmart-secure.gq/login/18600""]","{""from"": ""security@apple-alert.tk"", ""subject"": ""URGENT: Walmart notice"", ""timestamp"": ""2025-12-19 22:56:00"", ""received_spf"": ""softfail"", ""dkim"": ""fail"", ""dmarc"": ""none"", ""relay_hops"": 6}",1
Your payment could not be processed. Click http://stripe-secure.xyz/login/10456 to update your billing info.,"[""http://stripe-secure.xyz/login/10456""]","{""from"": ""security@microsoft-alert.xyz"", ""subject"": ""URGENT: Apple notice"", ""timestamp"": ""2025-10-06 04:52:00"", ""received_spf"": ""none"", ""dkim"": """", ""dmarc"": ""fail"", ""relay_hops"": 2}",1
Congratulations! You won a prize. Claim at http://google-secure.xyz/login/58056,"[""http://google-secure.xyz/login/58056""]","{""from"": ""security@stripe-alert.ga"", ""subject"": ""URGENT: Dhl notice"", ""timestamp"": ""2025-05-24 09:38:00"", ""received_spf"": ""none"", ""dkim"": ""fail"", ""dmarc"": """", ""relay_hops"": 7}",1
Your bankofamerica monthly statement is ready. View it at https://www.walmart.co/track/86138,"[""https://www.walmart.co/track/86138""]","{""from"": ""noreply@fedex.com"", ""subject"": ""Bankofamerica notification"", ""timestamp"": ""2025-07-25 13:40:00"", ""received_spf"": ""pass"", ""dkim"": ""pass"", ""dmarc"": ""pass"", ""relay_hops"": 0}",0
Payment received: Thank you for your payment to Walmart.,"[""https://www.dhl.com/track/19021""]","{""from"": ""noreply@dhl.com"", ""subject"": ""Walmart notification"", ""timestamp"": ""2025-08-04 03:35:00"", ""received_spf"": ""pass"", ""dkim"": ""pass"", ""dmarc"": ""pass"", ""relay_hops"": 2}",0
Delivery notification: Your package is out for delivery. Track: https://www.netflix.in/track/60743,"[""https://www.netflix.in/track/60743""]","{""from"": ""noreply@apple.com"", ""subject"": ""Microsoft notification"", ""timestamp"": ""2025-07-03 17:17:00"", ""received_spf"": ""pass"", ""dkim"": ""pass"", ""dmarc"": ""pass"", ""relay_hops"": 2}",0
Your apple monthly statement is ready. View it at https://www.paypal.org/track/51842,"[""https://www.paypal.org/track/51842""]","{""from"": ""noreply@paypal.com"", ""subject"": ""Apple notification"", ""timestamp"": ""2025-05-26 10:01:00"", ""received_spf"": ""pass"", ""dkim"": ""pass"", ""dmarc"": ""pass"", ""relay_hops"": 2}",0
Your fedex monthly statement is ready. View it at https://www.netflix.com/track/6861,"[""https://www.netflix.com/track/6861""]","{""from"": ""noreply@google.com"", ""subject"": ""Fedex notification"", ""timestamp"": ""2025-01-02 15:04:00"", ""received_spf"": ""pass"", ""dkim"": ""pass"", ""dmarc"": ""pass"", ""relay_hops"": 1}",0
Payment received: Thank you for your payment to Walmart.,"[""https://www.microsoft.net/track/70950""]","{""from"": ""noreply@apple.com"", ""subject"": ""Walmart notification"", ""timestamp"": ""2025-12-17 18:01:00"", ""received_spf"": ""pass"", ""dkim"": ""pass"", ""dmarc"": ""pass"", ""relay_hops"": 3}",0
Newsletter: Latest updates from Apple — read more at https://www.microsoft.in/track/34439,"[""https://www.microsoft.in/track/34439""]","{""from"": ""noreply@stripe.com"", ""subject"": ""Apple notification"", ""timestamp"": ""2025-02-26 00:22:00"", ""received_spf"": ""pass"", ""dkim"": ""pass"", ""dmarc"": ""pass"", ""relay_hops"": 3}",0
Reminder: Your appointment with Stripe is scheduled at 02:00 PM.,"[""https://www.apple.org/track/73885""]","{""from"": ""noreply@amazon.com"", ""subject"": ""Stripe notification"", ""timestamp"": ""2025-02-02 17:31:00"", ""received_spf"": ""pass"", ""dkim"": ""pass"", ""dmarc"": ""pass"", ""relay_hops"": 0}",0
Reminder: Your appointment with Fedex is scheduled at 09:00 AM.,"[""https://www.google.in/track/93479""]","{""from"": ""noreply@paypal.com"", ""subject"": ""Fedex notification"", ""timestamp"": ""2025-12-09 23:34:00"", ""received_spf"": ""pass"", ""dkim"": ""pass"", ""dmarc"": ""pass"", ""relay_hops"": 3}",0
Payment received: Thank you for your payment to Google.,"[""https://www.stripe.net/track/78803""]","{""from"": ""noreply@google.com"", ""subject"": ""Google notification"", ""timestamp"": ""2025-08-09 15:41:00"", ""received_spf"": ""pass"", ""dkim"": ""pass"", ""dmarc"": ""pass"", ""relay_hops"": 0}",0
You are eligible for a tax refund. Provide your details here: http://paypal-secure.ml/login/33743,"[""http://paypal-secure.ml/login/33743""]","{""from"": ""security@paypal-alert.xyz"", ""subject"": ""URGENT: Fedex notice"", ""timestamp"": ""2025-01-04 20:02:00"", ""received_spf"": ""softfail"", ""dkim"": ""none"", ""dmarc"": ""none"", ""relay_hops"": 10}",1
Newsletter: Latest updates from Dhl — read more at https://www.apple.co/track/69548,"[""https://www.apple.co/track/69548""]","{""from"": ""noreply@amazon.com"", ""subject"": ""Dhl notification"", ""timestamp"": ""2025-08-03 03:47:00"", ""received_spf"": ""pass"", ""dkim"": ""pass"", ""dmarc"": ""pass"", ""relay_hops"": 1}",0
Newsletter: Latest updates from Walmart — read more at https://www.fedex.com/track/10382,"[""https://www.fedex.com/track/10382""]","{""from"": ""noreply@netflix.com"", ""subject"": ""Walmart notification"", ""timestamp"": ""2025-07-06 15:26:00"", ""received_spf"": ""pass"", ""dkim"": ""pass"", ""dmarc"": ""pass"", ""relay_hops"": 1}",0
Your netflix monthly statement is ready. View it at https://www.dhl.co/track/47712,"[""https://www.dhl.co/track/47712""]","{""from"": ""noreply@bankofamerica.com"", ""subject"": ""Netflix notification"", ""timestamp"": ""2025-11-05 15:03:00"", ""received_spf"": ""pass"", ""dkim"": ""pass"", ""dmarc"": ""pass"", ""relay_hops"": 0}",0
URGENT: Your amazon account has been suspended. Verify immediately: http://goo.gl/73204,"[""http://goo.gl/73204""]","{""from"": ""security@walmart-alert.ml"", ""subject"": ""URGENT: Amazon notice"", ""timestamp"": ""2025-04-29 13:26:00"", ""received_spf"": ""neutral"", ""dkim"": ""none"", ""dmarc"": ""fail"", ""relay_hops"": 3}",1
Congratulations! You won a prize. Claim at http://paypal-secure.xyz/login/3819,"[""http://paypal-secure.xyz/login/3819""]","{""from"": ""security@walmart-alert.gq"", ""subject"": ""URGENT: Stripe notice"", ""timestamp"": ""2025-07-15 16:54:00"", ""received_spf"": ""neutral"", ""dkim"": ""fail"", ""dmarc"": """", ""relay_hops"": 3}",1
Payment received: Thank you for your payment to Netflix.,"[""https://www.bankofamerica.net/track/91140""]","{""from"": ""noreply@bankofamerica.com"", ""subject"": ""Netflix notification"", ""timestamp"": ""2025-02-15 09:27:00"", ""received_spf"": ""pass"", ""dkim"": ""pass"", ""dmarc"": ""pass"", ""relay_hops"": 0}",0
You are eligible for a tax refund. Provide your details here: http://ow.ly/68263,"[""http://ow.ly/68263""]","{""from"": ""security@paypal-alert.gq"", ""subject"": ""URGENT: Netflix notice"", ""timestamp"": ""2025-04-12 17:37:00"", ""received_spf"": ""none"", ""dkim"": ""fail"", ""dmarc"": ""fail"", ""relay_hops"": 10}",1
You are eligible for a tax refund. Provide your details here: http://netflix-secure.ml/login/75626,"[""http://netflix-secure.ml/login/75626""]","{""from"": ""security@amazon-alert.xyz"", ""subject"": ""URGENT: Google notice"", ""timestamp"": ""2025-02-25 14:01:00"", ""received_spf"": ""softfail"", ""dkim"": ""none"", ""dmarc"": ""fail"", ""relay_hops"": 7}",1
Your amazon monthly statement is ready. View it at https://www.netflix.net/track/98147,"[""https://www.netflix.net/track/98147""]","{""from"": ""noreply@dhl.com"", ""subject"": ""Amazon notification"", ""timestamp"": ""2025-09-22 07:29:00"", ""received_spf"": ""pass"", ""dkim"": ""pass"", ""dmarc"": ""pass"", ""relay_hops"": 0}",0
Your apple monthly statement is ready. View it at https://www.dhl.in/track/6555,"[""https://www.dhl.in/track/6555""]","{""from"": ""noreply@stripe.com"", ""subject"": ""Apple notification"", ""timestamp"": ""2025-12-28 15:23:00"", ""received_spf"": ""pass"", ""dkim"": ""pass"", ""dmarc"": ""pass"", ""relay_hops"": 3}",0
Your payment could not be processed. Click http://stripe-secure.xyz/login/81051 to update your billing info.,"[""http://stripe-secure.xyz/login/81051""]","{""from"": ""security@google-alert.gq"", ""subject"": ""URGENT: Apple notice"", ""timestamp"": ""2025-02-01 06:35:00"", ""received_spf"": ""none"", ""dkim"": ""none"", ""dmarc"": """", ""relay_hops"": 9}",1
Delivery notification: Your package is out for delivery. Track: https://www.netflix.co/track/62539,"[""https://www.netflix.co/track/62539""]","{""from"": ""noreply@microsoft.com"", ""subject"": ""Paypal notification"", ""timestamp"": ""2025-05-19 01:06:00"", ""received_spf"": ""pass"", ""dkim"": ""pass"", ""dmarc"": ""pass"", ""relay_hops"": 0}",0
Security Alert: Unusual login activity detected. Confirm your identity: http://ow.ly/68140,"[""http://ow.ly/68140""]","{""from"": ""security@google-alert.ml"", ""subject"": ""URGENT: Amazon notice"", ""timestamp"": ""2025-08-24 12:20:00"", ""received_spf"": ""softfail"", ""dkim"": ""none"", ""dmarc"": """", ""relay_hops"": 9}",1
You are eligible for a tax refund. Provide your details here: http://t.co/44063,"[""http://t.co/44063""]","{""from"": ""security@microsoft-alert.tk"", ""subject"": ""URGENT: Netflix notice"", ""timestamp"": ""2025-01-19 21:00:00"", ""received_spf"": ""none"", ""dkim"": ""fail"", ""dmarc"": ""none"", ""relay_hops"": 6}",1
Your payment could not be processed. Click http://bit.ly/88747 to update your billing info.,"[""http://bit.ly/88747""]","{""from"": ""security@amazon-alert.cf"", ""subject"": ""URGENT: Netflix notice"", ""timestamp"": ""2025-02-19 07:20:00"", ""received_spf"": ""none"", ""dkim"": ""none"", ""dmarc"": ""fail"", ""relay_hops"": 9}",1
Your walmart monthly statement is ready. View it at https://www.amazon.in/track/66420,"[""https://www.amazon.in/track/66420""]","{""from"": ""noreply@dhl.com"", ""subject"": ""Walmart notification"", ""timestamp"": ""2025-04-01 12:10:00"", ""received_spf"": ""pass"", ""dkim"": ""pass"", ""dmarc"": ""pass"", ""relay_hops"": 3}",0
Security Alert: Unusual login activity detected. Confirm your identity: http://netflix-secure.cf/login/81094,"[""http://netflix-secure.cf/login/81094""]","{""from"": ""security@paypal-alert.ml"", ""subject"": ""URGENT: Stripe notice"", ""timestamp"": ""2025-09-09 23:48:00"", ""received_spf"": ""fail"", ""dkim"": """", ""dmarc"": ""none"", ""relay_hops"": 6}",1
Delivery notification: Your package is out for delivery. Track: https://www.bankofamerica.in/track/75681,"[""https://www.bankofamerica.in/track/75681""]","{""from"": ""noreply@stripe.com"", ""subject"": ""Microsoft notification"", ""timestamp"": ""2025-07-23 17:25:00"", ""received_spf"": ""pass"", ""dkim"": ""pass"", ""dmarc"": ""pass"", ""relay_hops"": 1}",0
You are eligible for a tax refund. Provide your details here: http://microsoft-secure.ga/login/68031,"[""http://microsoft-secure.ga/login/68031""]","{""from"": ""security@stripe-alert.cf"", ""subject"": ""URGENT: Fedex notice"", ""timestamp"": ""2025-04-20 16:51:00"", ""received_spf"": ""none"", ""dkim"": """", ""dmarc"": """", ""relay_hops"": 9}",1
Security Alert: Unusual login activity detected. Confirm your identity: http://google-secure.tk/login/27918,"[""http://google-secure.tk/login/27918""]","{""from"": ""security@apple-alert.ga"", ""subject"": ""URGENT: Walmart notice"", ""timestamp"": ""2025-12-31 02:54:00"", ""received_spf"": ""softfail"", ""dkim"": ""none"", ""dmarc"": ""fail"", ""relay_hops"": 2}",1
Delivery notification: Your package is out for delivery. Track: https://www.paypal.in/track/98281,"[""https://www.paypal.in/track/98281""]","{""from"": ""noreply@walmart.com"", ""subject"": ""Walmart notification"", ""timestamp"": ""2025-08-06 21:48:00"", ""received_spf"": ""pass"", ""dkim"": ""pass"", ""dmarc"": ""pass"", ""relay_hops"": 3}",0
Payment received: Thank you for your payment to Apple.,"[""https://www.google.com/track/28695""]","{""from"": ""noreply@stripe.com"", ""subject"": ""Apple notification"", ""timestamp"": ""2025-04-05 13:23:00"", ""received_spf"": ""pass"", ""dkim"": ""pass"", ""dmarc"": ""pass"", ""relay_hops"": 2}",0
Newsletter: Latest updates from Paypal — read more at https://www.fedex.net/track/99899,"[""https://www.fedex.net/track/99899""]","{""from"": ""noreply@dhl.com"", ""subject"": ""Paypal notification"", ""timestamp"": ""2025-11-22 01:37:00"", ""received_spf"": ""pass"", ""dkim"": ""pass"", ""dmarc"": ""pass"", ""relay_hops"": 2}",0
URGENT: Your paypal account has been suspended. Verify immediately: http://bankofamerica-secure.cf/login/8598,"[""http://bankofamerica-secure.cf/login/8598""]","{""from"": ""security@apple-alert.ga"", ""subject"": ""URGENT: Paypal notice"", ""timestamp"": ""2025-07-04 02:07:00"", ""received_spf"": ""neutral"", ""dkim"": ""fail"", ""dmarc"": """", ""relay_hops"": 9}",1
Payment received: Thank you for your payment to Fedex.,"[""https://www.dhl.org/track/72153""]","{""from"": ""noreply@paypal.com"", ""subject"": ""Fedex notification"", ""timestamp"": ""2025-05-10 06:11:00"", ""received_spf"": ""pass"", ""dkim"": ""pass"", ""dmarc"": ""pass"", ""relay_hops"": 3}",0
URGENT: Your amazon account has been suspended. Verify immediately: http://google-secure.cf/login/43131,"[""http://google-secure.cf/login/43131""]","{""from"": ""security@apple-alert.ml"", ""subject"": ""URGENT: Amazon notice"", ""timestamp"": ""2025-09-22 03:01:00"", ""received_spf"": ""none"", ""dkim"": """", ""dmarc"": ""fail"", ""relay_hops"": 5}",1
Reminder: Your appointment with Microsoft is scheduled at 11:00 AM.,"[""https://www.dhl.com/track/65477""]","{""from"": ""noreply@dhl.com"", ""subject"": ""Microsoft notification"", ""timestamp"": ""2025-05-04 06:36:00"", ""received_spf"": ""pass"", ""dkim"": ""pass"", ""dmarc"": ""pass"", ""relay_hops"": 0}",0
Reminder: Your appointment with Dhl is scheduled at 05:00 PM.,"[""https://www.fedex.in/track/66839""]","{""from"": ""noreply@fedex.com"", ""subject"": ""Dhl notification"", ""timestamp"": ""2025-04-29 09:46:00"", ""received_spf"": ""pass"", ""dkim"": ""pass"", ""dmarc"": ""pass"", ""relay_hops"": 0}",0
Reminder: Your appointment with Walmart is scheduled at 09:00 AM.,"[""https://www.fedex.net/track/24738""]","{""from"": ""noreply@stripe.com"", ""subject"": ""Walmart notification"", ""timestamp"": ""2025-09-09 10:11:00"", ""received_spf"": ""pass"", ""dkim"": ""pass"", ""dmarc"": ""pass"", ""relay_hops"": 0}",0
Delivery notification: Your package is out for delivery. Track: https://www.bankofamerica.org/track/3899,"[""https://www.bankofamerica.org/track/3899""]","{""from"": ""noreply@google.com"", ""subject"": ""Apple notification"", ""timestamp"": ""2025-01-14 01:33:00"", ""received_spf"": ""pass"", ""dkim"": ""pass"", ""dmarc"": ""pass"", ""relay_hops"": 2}",0
You are eligible for a tax refund. Provide your details here: http://stripe-secure.xyz/login/29599,"[""http://stripe-secure.xyz/login/29599""]","{""from"": ""security@microsoft-alert.cf"", ""subject"": ""URGENT: Google notice"", ""timestamp"": ""2025-03-25 13:32:00"", ""received_spf"": ""none"", ""dkim"": """", ""dmarc"": ""fail"", ""relay_hops"": 3}",1
You are eligible for a tax refund. Provide your details here: http://microsoft-secure.gq/login/50003,"[""http://microsoft-secure.gq/login/50003""]","{""from"": ""security@netflix-alert.xyz"", ""subject"": ""URGENT: Microsoft notice"", ""timestamp"": ""2025-09-26 09:14:00"", ""received_spf"": ""fail"", ""dkim"": ""fail"", ""dmarc"": ""none"", ""relay_hops"": 6}",1
Security Alert: Unusual login activity detected. Confirm your identity: http://dhl-secure.tk/login/40872,"[""http://dhl-secure.tk/login/40872""]","{""from"": ""security@dhl-alert.gq"", ""subject"": ""URGENT: Amazon notice"", ""timestamp"": ""2025-07-24 02:53:00"", ""received_spf"": ""none"", ""dkim"": """", ""dmarc"": ""fail"", ""relay_hops"": 9}",1
Reminder: Your appointment with Apple is scheduled at 10:00 AM.,"[""https://www.walmart.in/track/68648""]","{""from"": ""noreply@walmart.com"", ""subject"": ""Apple notification"", ""timestamp"": ""2025-08-31 13:49:00"", ""received_spf"": ""pass"", ""dkim"": ""pass"", ""dmarc"": ""pass"", ""relay_hops"": 2}",0
Your bankofamerica monthly statement is ready. View it at https://www.paypal.in/track/89245,"[""https://www.paypal.in/track/89245""]","{""from"": ""noreply@walmart.com"", ""subject"": ""Bankofamerica notification"", ""timestamp"": ""2025-12-23 15:00:00"", ""received_spf"": ""pass"", ""dkim"": ""pass"", ""dmarc"": ""pass"", ""relay_hops"": 3}",0
Payment received: Thank you for your payment to Stripe.,"[""https://www.stripe.com/track/7589""]","{""from"": ""noreply@fedex.com"", ""subject"": ""Stripe notification"", ""timestamp"": ""2025-12-18 03:13:00"", ""received_spf"": ""pass"", ""dkim"": ""pass"", ""dmarc"": ""pass"", ""relay_hops"": 3}",0
Your payment could not be processed. Click http://apple-secure.tk/login/1735 to update your billing info.,"[""http://apple-secure.tk/login/1735""]","{""from"": ""security@paypal-alert.gq"", ""subject"": ""URGENT: Fedex notice"", ""timestamp"": ""2025-03-15 08:22:00"", ""received_spf"": ""neutral"", ""dkim"": ""none"", ""dmarc"": """", ""relay_hops"": 3}",1
Your bankofamerica monthly statement is ready. View it at https://www.amazon.org/track/69657,"[""https://www.amazon.org/track/69657""]","{""from"": ""noreply@google.com"", ""subject"": ""Bankofamerica notification"", ""timestamp"": ""2025-10-23 18:36:00"", ""received_spf"": ""pass"", ""dkim"": ""pass"", ""dmarc"": ""pass"", ""relay_hops"": 3}",0
Newsletter: Latest updates from Google — read more at https://www.amazon.net/track/87318,"[""https://www.amazon.net/track/87318""]","{""from"": ""noreply@google.com"", ""subject"": ""Google notification"", ""timestamp"": ""2025-09-15 02:32:00"", ""received_spf"": ""pass"", ""dkim"": ""pass"", ""dmarc"": ""pass"", ""relay_hops"": 3}",0
Congratulations! You won a prize. Claim at http://walmart-secure.ml/login/67029,"[""http://walmart-secure.ml/login/67029""]","{""from"": ""security@stripe-alert.cf"", ""subject"": ""URGENT: Amazon notice"", ""timestamp"": ""2025-01-05 09:33:00"", ""received_spf"": ""fail"", ""dkim"": ""fail"", ""dmarc"": ""fail"", ""relay_hops"": 6}",1
Your fedex monthly statement is ready. View it at https://www.dhl.org/track/87309,"[""https://www.dhl.org/track/87309""]","{""from"": ""noreply@netflix.com"", ""subject"": ""Fedex notification"", ""timestamp"": ""2025-11-27 23:45:00"", ""received_spf"": ""pass"", ""dkim"": ""pass"", ""dmarc"": ""pass"", ""relay_hops"": 2}",0
Reminder: Your appointment with Google is scheduled at 02:00 PM.,"[""https://www.google.org/track/70757""]","{""from"": ""noreply@walmart.com"", ""subject"": ""Google notification"", ""timestamp"": ""2025-04-03 09:32:00"", ""received_spf"": ""pass"", ""dkim"": ""pass"", ""dmarc"": ""pass"", ""relay_hops"": 2}",0
Delivery notification: Your package is out for delivery. Track: https://www.google.org/track/20633,"[""https://www.google.org/track/20633""]","{""from"": ""noreply@dhl.com"", ""subject"": ""Fedex notification"", ""timestamp"": ""2025-06-11 19:09:00"", ""received_spf"": ""pass"", ""dkim"": ""pass"", ""dmarc"": ""pass"", ""relay_hops"": 3}",0
Delivery notification: Your package is out for delivery. Track: https://www.amazon.org/track/31215,"[""https://www.amazon.org/track/31215""]","{""from"": ""noreply@apple.com"", ""subject"": ""Apple notification"", ""timestamp"": ""2025-05-31 07:21:00"", ""received_spf"": ""pass"", ""dkim"": ""pass"", ""dmarc"": ""pass"", ""relay_hops"": 3}",0
Delivery notification: Your package is out for delivery. Track: https://www.netflix.com/track/29612,"[""https://www.netflix.com/track/29612""]","{""from"": ""noreply@dhl.com"", ""subject"": ""Apple notification"", ""timestamp"": ""2025-04-26 14:31:00"", ""received_spf"": ""pass"", ""dkim"": ""pass"", ""dmarc"": ""pass"", ""relay_hops"": 0}",0
You are eligible for a tax refund. Provide your details here: http://dhl-secure.xyz/login/87100,"[""http://dhl-secure.xyz/login/87100""]","{""from"": ""security@netflix-alert.xyz"", ""subject"": ""URGENT: Stripe notice"", ""timestamp"": ""2025-10-27 17:44:00"", ""received_spf"": ""neutral"", ""dkim"": ""none"", ""dmarc"": ""none"", ""relay_hops"": 8}",1
You are eligible for a tax refund. Provide your details here: http://ow.ly/53002,"[""http://ow.ly/53002""]","{""from"": ""security@google-alert.ml"", ""subject"": ""URGENT: Apple notice"", ""timestamp"": ""2025-07-06 22:45:00"", ""received_spf"": ""softfail"", ""dkim"": """", ""dmarc"": ""fail"", ""relay_hops"": 10}",1
Your stripe monthly statement is ready. View it at https://www.amazon.com/track/86150,"[""https://www.amazon.com/track/86150""]","{""from"": ""noreply@apple.com"", ""subject"": ""Stripe notification"", ""timestamp"": ""2025-04-25 14:40:00"", ""received_spf"": ""pass"", ""dkim"": ""pass"", ""dmarc"": ""pass"", ""relay_hops"": 2}",0
URGENT: Your amazon account has been suspended. Verify immediately: http://paypal-secure.cf/login/39340,"[""http://paypal-secure.cf/login/39340""]","{""from"": ""security@microsoft-alert.ml"", ""subject"": ""URGENT: Amazon notice"", ""timestamp"": ""2025-12-10 08:14:00"", ""received_spf"": ""neutral"", ""dkim"": """", ""dmarc"": ""fail"", ""relay_hops"": 10}",1
Payment received: Thank you for your payment to Netflix.,"[""https://www.fedex.org/track/70355""]","{""from"": ""noreply@dhl.com"", ""subject"": ""Netflix notification"", ""timestamp"": ""2025-06-08 14:56:00"", ""received_spf"": ""pass"", ""dkim"": ""pass"", ""dmarc"": ""pass"", ""relay_hops"": 2}",0
Payment received: Thank you for your payment to Dhl.,"[""https://www.paypal.in/track/71839""]","{""from"": ""noreply@bankofamerica.com"", ""subject"": ""Dhl notification"", ""timestamp"": ""2025-07-05 16:52:00"", ""received_spf"": ""pass"", ""dkim"": ""pass"", ""dmarc"": ""pass"", ""relay_hops"": 2}",0
Congratulations! You won a prize. Claim at http://tinyurl.com/65169,"[""http://tinyurl.com/65169""]","{""from"": ""security@bankofamerica-alert.tk"", ""subject"": ""URGENT: Walmart notice"", ""timestamp"": ""2025-11-29 16:32:00"", ""received_spf"": ""neutral"", ""dkim"": ""fail"", ""dmarc"": ""fail"", ""relay_hops"": 10}",1
Congratulations! You won a prize. Claim at http://bankofamerica-secure.ml/login/46275,"[""http://bankofamerica-secure.ml/login/46275""]","{""from"": ""security@microsoft-alert.cf"", ""subject"": ""URGENT: Microsoft notice"", ""timestamp"": ""2025-05-23 22:23:00"", ""received_spf"": ""neutral"", ""dkim"": ""none"", ""dmarc"": """", ""relay_hops"": 9}",1
Delivery notification: Your package is out for delivery. Track: https://www.walmart.net/track/86498,"[""https://www.walmart.net/track/86498""]","{""from"": ""noreply@walmart.com"", ""subject"": ""Netflix notification"", ""timestamp"": ""2025-08-14 05:54:00"", ""received_spf"": ""pass"", ""dkim"": ""pass"", ""dmarc"": ""pass"", ""relay_hops"": 0}",0
Payment received: Thank you for your payment to Walmart.,"[""https://www.walmart.org/track/45094""]","{""from"": ""noreply@stripe.com"", ""subject"": ""Walmart notification"", ""timestamp"": ""2025-05-23 05:17:00"", ""received_spf"": ""pass"", ""dkim"": ""pass"", ""dmarc"": ""pass"", ""relay_hops"": 3}",0
Congratulations! You won a prize. Claim at http://tinyurl.com/86088,"[""http://tinyurl.com/86088""]","{""from"": ""security@google-alert.gq"", ""subject"": ""URGENT: Walmart notice"", ""timestamp"": ""2025-09-03 16:54:00"", ""received_spf"": ""fail"", ""dkim"": ""none"", ""dmarc"": ""none"", ""relay_hops"": 7}",1
Congratulations! You won a prize. Claim at http://dhl-secure.tk/login/47947,"[""http://dhl-secure.tk/login/47947""]","{""from"": ""security@fedex-alert.ml"", ""subject"": ""URGENT: Fedex notice"", ""timestamp"": ""2025-05-24 10:13:00"", ""received_spf"": ""fail"", ""dkim"": ""fail"", ""dmarc"": ""none"", ""relay_hops"": 8}",1
Congratulations! You won a prize. Claim at http://netflix-secure.xyz/login/57405,"[""http://netflix-secure.xyz/login/57405""]","{""from"": ""security@paypal-alert.xyz"", ""subject"": ""URGENT: Netflix notice"", ""timestamp"": ""2025-03-28 07:18:00"", ""received_spf"": ""none"", ""dkim"": """", ""dmarc"": """", ""relay_hops"": 7}",1
Your amazon monthly statement is ready. View it at https://www.apple.in/track/35029,"[""https://www.apple.in/track/35029""]","{""from"": ""noreply@stripe.com"", ""subject"": ""Amazon notification"", ""timestamp"": ""2025-03-26 21:19:00"", ""received_spf"": ""pass"", ""dkim"": ""pass"", ""dmarc"": ""pass"", ""relay_hops"": 2}",0
You are eligible for a tax refund. Provide your details here: http://amazon-secure.xyz/login/35806,"[""http://amazon-secure.xyz/login/35806""]","{""from"": ""security@bankofamerica-alert.ga"", ""subject"": ""URGENT: Stripe notice"", ""timestamp"": ""2025-12-17 23:46:00"", ""received_spf"": ""softfail"", ""dkim"": ""none"", ""dmarc"": ""none"", ""relay_hops"": 10}",1
Payment received: Thank you for your payment to Microsoft.,"[""https://www.walmart.co/track/71445""]","{""from"": ""noreply@microsoft.com"", ""subject"": ""Microsoft notification"", ""timestamp"": ""2025-05-06 09:00:00"", ""received_spf"": ""pass"", ""dkim"": ""pass"", ""dmarc"": ""pass"", ""relay_hops"": 3}",0
Payment received: Thank you for your payment to Walmart.,"[""https://www.amazon.net/track/77470""]","{""from"": ""noreply@walmart.com"", ""subject"": ""Walmart notification"", ""timestamp"": ""2025-02-22 07:30:00"", ""received_spf"": ""pass"", ""dkim"": ""pass"", ""dmarc"": ""pass"", ""relay_hops"": 3}",0
Security Alert: Unusual login activity detected. Confirm your identity: http://google-secure.ml/login/14442,"[""http://google-secure.ml/login/14442""]","{""from"": ""security@dhl-alert.ga"", ""subject"": ""URGENT: Netflix notice"", ""timestamp"": ""2025-12-20 08:21:00"", ""received_spf"": ""softfail"", ""dkim"": ""fail"", ""dmarc"": """", ""relay_hops"": 2}",1
Congratulations! You won a prize. Claim at http://fedex-secure.tk/login/47715,"[""http://fedex-secure.tk/login/47715""]","{""from"": ""security@netflix-alert.cf"", ""subject"": ""URGENT: Fedex notice"", ""timestamp"": ""2025-04-07 11:31:00"", ""received_spf"": ""softfail"", ""dkim"": ""none"", ""dmarc"": """", ""relay_hops"": 9}",1
Reminder: Your appointment with Netflix is scheduled at 01:00 PM.,"[""https://www.bankofamerica.net/track/13545""]","{""from"": ""noreply@apple.com"", ""subject"": ""Netflix notification"", ""timestamp"": ""2025-07-25 08:09:00"", ""received_spf"": ""pass"", ""dkim"": ""pass"", ""dmarc"": ""pass"", ""relay_hops"": 2}",0
Reminder: Your appointment with Amazon is scheduled at 02:00 PM.,"[""https://www.fedex.in/track/51961""]","{""from"": ""noreply@apple.com"", ""subject"": ""Amazon notification"", ""timestamp"": ""2025-09-28 02:11:00"", ""received_spf"": ""pass"", ""dkim"": ""pass"", ""dmarc"": ""pass"", ""relay_hops"": 0}",0
Your bankofamerica monthly statement is ready. View it at https://www.microsoft.co/track/34798,"[""https://www.microsoft.co/track/34798""]","{""from"": ""noreply@netflix.com"", ""subject"": ""Bankofamerica notification"", ""timestamp"": ""2025-06-11 14:43:00"", ""received_spf"": ""pass"", ""dkim"": ""pass"", ""dmarc"": ""pass"", ""relay_hops"": 1}",0
Reminder: Your appointment with Netflix is scheduled at 08:00 AM.,"[""https://www.walmart.co/track/94846""]","{""from"": ""noreply@netflix.com"", ""subject"": ""Netflix notification"", ""timestamp"": ""2025-10-25 00:02:00"", ""received_spf"": ""pass"", ""dkim"": ""pass"", ""dmarc"": ""pass"", ""relay_hops"": 1}",0
Security Alert: Unusual login activity detected. Confirm your identity: http://bit.ly/61680,"[""http://bit.ly/61680""]","{""from"": ""security@apple-alert.cf"", ""subject"": ""URGENT: Dhl notice"", ""timestamp"": ""2025-11-17 14:49:00"", ""received_spf"": ""fail"", ""dkim"": """", ""dmarc"": ""fail"", ""relay_hops"": 6}",1
Your payment could not be processed. Click http://walmart-secure.cf/login/78749 to update your billing info.,"[""http://walmart-secure.cf/login/78749""]","{""from"": ""security@netflix-alert.xyz"", ""subject"": ""URGENT: Paypal notice"", ""timestamp"": ""2025-07-15 06:19:00"", ""received_spf"": ""fail"", ""dkim"": ""fail"", ""dmarc"": ""fail"", ""relay_hops"": 9}",1
Security Alert: Unusual login activity detected. Confirm your identity: http://goo.gl/62671,"[""http://goo.gl/62671""]","{""from"": ""security@fedex-alert.tk"", ""subject"": ""URGENT: Stripe notice"", ""timestamp"": ""2025-11-09 03:32:00"", ""received_spf"": ""neutral"", ""dkim"": ""none"", ""dmarc"": ""none"", ""relay_hops"": 5}",1
Your bankofamerica monthly statement is ready. View it at https://www.paypal.co/track/23801,"[""https://www.paypal.co/track/23801""]","{""from"": ""noreply@stripe.com"", ""subject"": ""Bankofamerica notification"", ""timestamp"": ""2025-05-17 22:25:00"", ""received_spf"": ""pass"", ""dkim"": ""pass"", ""dmarc"": ""pass"", ""relay_hops"": 0}",0
Delivery notification: Your package is out for delivery. Track: https://www.bankofamerica.co/track/38094,"[""https://www.bankofamerica.co/track/38094""]","{""from"": ""noreply@paypal.com"", ""subject"": ""Amazon notification"", ""timestamp"": ""2025-05-09 21:36:00"", ""received_spf"": ""pass"", ""dkim"": ""pass"", ""dmarc"": ""pass"", ""relay_hops"": 0}",0
Payment received: Thank you for your payment to Netflix.,"[""https://www.amazon.net/track/48323""]","{""from"": ""noreply@netflix.com"", ""subject"": ""Netflix notification"", ""timestamp"": ""2025-03-11 00:10:00"", ""received_spf"": ""pass"", ""dkim"": ""pass"", ""dmarc"": ""pass"", ""relay_hops"": 2}",0
Security Alert: Unusual login activity detected. Confirm your identity: http://t.co/89747,"[""http://t.co/89747""]","{""from"": ""security@paypal-alert.gq"", ""subject"": ""URGENT: Bankofamerica notice"", ""timestamp"": ""2025-09-28 20:51:00"", ""received_spf"": ""neutral"", ""dkim"": """", ""dmarc"": ""fail"", ""relay_hops"": 8}",1
Payment received: Thank you for your payment to Google.,"[""https://www.fedex.org/track/92953""]","{""from"": ""noreply@google.com"", ""subject"": ""Google notification"", ""timestamp"": ""2025-01-06 16:20:00"", ""received_spf"": ""pass"", ""dkim"": ""pass"", ""dmarc"": ""pass"", ""relay_hops"": 0}",0
Your netflix monthly statement is ready. View it at https://www.amazon.net/track/22095,"[""https://www.amazon.net/track/22095""]","{""from"": ""noreply@fedex.com"", ""subject"": ""Netflix notification"", ""timestamp"": ""2025-02-26 06:58:00"", ""received_spf"": ""pass"", ""dkim"": ""pass"", ""dmarc"": ""pass"", ""relay_hops"": 1}",0
Your walmart monthly statement is ready. View it at https://www.walmart.co/track/51415,"[""https://www.walmart.co/track/51415""]","{""from"": ""noreply@amazon.com"", ""subject"": ""Walmart notification"", ""timestamp"": ""2025-07-15 14:59:00"", ""received_spf"": ""pass"", ""dkim"": ""pass"", ""dmarc"": ""pass"", ""relay_hops"": 3}",0
You are eligible for a tax refund. Provide your details here: http://t.co/89535,"[""http://t.co/89535""]","{""from"": ""security@dhl-alert.ml"", ""subject"": ""URGENT: Walmart notice"", ""timestamp"": ""2025-03-08 21:04:00"", ""received_spf"": ""fail"", ""dkim"": """", ""dmarc"": """", ""relay_hops"": 4}",1
Your apple monthly statement is ready. View it at https://www.apple.in/track/6948,"[""https://www.apple.in/track/6948""]","{""from"": ""noreply@bankofamerica.com"", ""subject"": ""Apple notification"", ""timestamp"": ""2025-07-07 16:39:00"", ""received_spf"": ""pass"", ""dkim"": ""pass"", ""dmarc"": ""pass"", ""relay_hops"": 2}",0
Payment received: Thank you for your payment to Walmart.,"[""https://www.fedex.co/track/49442""]","{""from"": ""noreply@fedex.com"", ""subject"": ""Walmart notification"", ""timestamp"": ""2025-11-07 00:49:00"", ""received_spf"": ""pass"", ""dkim"": ""pass"", ""dmarc"": ""pass"", ""relay_hops"": 1}",0
Congratulations! You won a prize. Claim at http://dhl-secure.cf/login/44561,"[""http://dhl-secure.cf/login/44561""]","{""from"": ""security@netflix-alert.ml"", ""subject"": ""URGENT: Paypal notice"", ""timestamp"": ""2025-11-24 05:40:00"", ""received_spf"": ""none"", ""dkim"": ""fail"", ""dmarc"": ""none"", ""relay_hops"": 8}",1
You are eligible for a tax refund. Provide your details here: http://tinyurl.com/43323,"[""http://tinyurl.com/43323""]","{""from"": ""security@stripe-alert.gq"", ""subject"": ""URGENT: Microsoft notice"", ""timestamp"": ""2025-03-03 01:41:00"", ""received_spf"": ""neutral"", ""dkim"": ""none"", ""dmarc"": """", ""relay_hops"": 7}",1
Your bankofamerica monthly statement is ready. View it at https://www.walmart.in/track/63574,"[""https://www.walmart.in/track/63574""]","{""from"": ""noreply@netflix.com"", ""subject"": ""Bankofamerica notification"", ""timestamp"": ""2025-01-04 19:05:00"", ""received_spf"": ""pass"", ""dkim"": ""pass"", ""dmarc"": ""pass"", ""relay_hops"": 2}",0
Payment received: Thank you for your payment to Fedex.,"[""https://www.microsoft.com/track/74685""]","{""from"": ""noreply@google.com"", ""subject"": ""Fedex notification"", ""timestamp"": ""2025-10-24 14:25:00"", ""received_spf"": ""pass"", ""dkim"": ""pass"", ""dmarc"": ""pass"", ""relay_hops"": 1}",0
Payment received: Thank you for your payment to Fedex.,"[""https://www.apple.co/track/12167""]","{""from"": ""noreply@apple.com"", ""subject"": ""Fedex notification"", ""timestamp"": ""2025-01-24 11:58:00"", ""received_spf"": ""pass"", ""dkim"": ""pass"", ""dmarc"": ""pass"", ""relay_hops"": 0}",0
URGENT: Your paypal account has been suspended. Verify immediately: http://tinyurl.com/24773,"[""http://tinyurl.com/24773""]","{""from"": ""security@google-alert.xyz"", ""subject"": ""URGENT: Paypal notice"", ""timestamp"": ""2025-12-01 14:31:00"", ""received_spf"": ""none"", ""dkim"": ""none"", ""dmarc"": """", ""relay_hops"": 8}",1
Newsletter: Latest updates from Dhl — read more at https://www.stripe.co/track/50450,"[""https://www.stripe.co/track/50450""]","{""from"": ""noreply@walmart.com"", ""subject"": ""Dhl notification"", ""timestamp"": ""2025-11-02 12:12:00"", ""received_spf"": ""pass"", ""dkim"": ""pass"", ""dmarc"": ""pass"", ""relay_hops"": 2}",0
URGENT: Your walmart account has been suspended. Verify immediately: http://walmart-secure.gq/login/94717,"[""http://walmart-secure.gq/login/94717""]","{""from"": ""security@paypal-alert.xyz"", ""subject"": ""URGENT: Walmart notice"", ""timestamp"": ""2025-10-13 07:10:00"", ""received_spf"": ""neutral"", ""dkim"": ""none"", ""dmarc"": ""none"", ""relay_hops"": 2}",1
Delivery notification: Your package is out for delivery. Track: https://www.walmart.org/track/91132,"[""https://www.walmart.org/track/91132""]","{""from"": ""noreply@dhl.com"", ""subject"": ""Amazon notification"", ""timestamp"": ""2025-10-28 02:49:00"", ""received_spf"": ""pass"", ""dkim"": ""pass"", ""dmarc"": ""pass"", ""relay_hops"": 3}",0
Reminder: Your appointment with Stripe is scheduled at 11:00 AM.,"[""https://www.amazon.org/track/5543""]","{""from"": ""noreply@microsoft.com"", ""subject"": ""Stripe notification"", ""timestamp"": ""2025-11-17 14:54:00"", ""received_spf"": ""pass"", ""dkim"": ""pass"", ""dmarc"": ""pass"", ""relay_hops"": 0}",0
Payment received: Thank you for your payment to Fedex.,"[""https://www.bankofamerica.com/track/63560""]","{""from"": ""noreply@apple.com"", ""subject"": ""Fedex notification"", ""timestamp"": ""2025-09-27 20:19:00"", ""received_spf"": ""pass"", ""dkim"": ""pass"", ""dmarc"": ""pass"", ""relay_hops"": 3}",0
You are eligible for a tax refund. Provide your details here: http://amazon-secure.ml/login/28253,"[""http://amazon-secure.ml/login/28253""]","{""from"": ""security@walmart-alert.gq"", ""subject"": ""URGENT: Stripe notice"", ""timestamp"": ""2025-07-01 11:31:00"", ""received_spf"": ""softfail"", ""dkim"": ""fail"", ""dmarc"": """", ""relay_hops"": 6}",1
Your microsoft monthly statement is ready. View it at https://www.stripe.co/track/61764,"[""https://www.stripe.co/track/61764""]","{""from"": ""noreply@paypal.com"", ""subject"": ""Microsoft notification"", ""timestamp"": ""2025-04-17 17:00:00"", ""received_spf"": ""pass"", ""dkim"": ""pass"", ""dmarc"": ""pass"", ""relay_hops"": 3}",0
Your netflix monthly statement is ready. View it at https://www.microsoft.org/track/17246,"[""https://www.microsoft.org/track/17246""]","{""from"": ""noreply@amazon.com"", ""subject"": ""Netflix notification"", ""timestamp"": ""2025-12-03 22:34:00"", ""received_spf"": ""pass"", ""dkim"": ""pass"", ""dmarc"": ""pass"", ""relay_hops"": 0}",0
Newsletter: Latest updates from Netflix — read more at https://www.google.com/track/96171,"[""https://www.google.com/track/96171""]","{""from"": ""noreply@netflix.com"", ""subject"": ""Netflix notification"", ""timestamp"": ""2025-08-16 06:47:00"", ""received_spf"": ""pass"", ""dkim"": ""pass"", ""dmarc"": ""pass"", ""relay_hops"": 0}",0
Delivery notification: Your package is out for delivery. Track: https://www.walmart.com/track/71704,"[""https://www.walmart.com/track/71704""]","{""from"": ""noreply@bankofamerica.com"", ""subject"": ""Apple notification"", ""timestamp"": ""2025-03-03 06:31:00"", ""received_spf"": ""pass"", ""dkim"": ""pass"", ""dmarc"": ""pass"", ""relay_hops"": 3}",0
Your payment could not be processed. Click http://microsoft-secure.xyz/login/49776 to update your billing info.,"[""http://microsoft-secure.xyz/login/49776""]","{""from"": ""security@netflix-alert.xyz"", ""subject"": ""URGENT: Netflix notice"", ""timestamp"": ""2025-03-02 08:34:00"", ""received_spf"": ""neutral"", ""dkim"": ""fail"", ""dmarc"": ""none"", ""relay_hops"": 10}",1
Payment received: Thank you for your payment to Walmart.,"[""https://www.walmart.co/track/96635""]","{""from"": ""noreply@apple.com"", ""subject"": ""Walmart notification"", ""timestamp"": ""2025-02-19 01:20:00"", ""received_spf"": ""pass"", ""dkim"": ""pass"", ""dmarc"": ""pass"", ""relay_hops"": 2}",0
URGENT: Your dhl account has been suspended. Verify immediately: http://stripe-secure.gq/login/39419,"[""http://stripe-secure.gq/login/39419""]","{""from"": ""security@bankofamerica-alert.ml"", ""subject"": ""URGENT: Dhl notice"", ""timestamp"": ""2025-01-15 06:10:00"", ""received_spf"": ""softfail"", ""dkim"": ""fail"", ""dmarc"": ""none"", ""relay_hops"": 8}",1
Newsletter: Latest updates from Amazon — read more at https://www.fedex.com/track/23185,"[""https://www.fedex.com/track/23185""]","{""from"": ""noreply@google.com"", ""subject"": ""Amazon notification"", ""timestamp"": ""2025-11-14 07:24:00"", ""received_spf"": ""pass"", ""dkim"": ""pass"", ""dmarc"": ""pass"", ""relay_hops"": 1}",0
Newsletter: Latest updates from Walmart — read more at https://www.amazon.in/track/14628,"[""https://www.amazon.in/track/14628""]","{""from"": ""noreply@bankofamerica.com"", ""subject"": ""Walmart notification"", ""timestamp"": ""2025-08-07 16:20:00"", ""received_spf"": ""pass"", ""dkim"": ""pass"", ""dmarc"": ""pass"", ""relay_hops"": 3}",0
Reminder: Your appointment with Google is scheduled at 01:00 PM.,"[""https://www.stripe.com/track/92158""]","{""from"": ""noreply@stripe.com"", ""subject"": ""Google notification"", ""timestamp"": ""2025-07-06 11:00:00"", ""received_spf"": ""pass"", ""dkim"": ""pass"", ""dmarc"": ""pass"", ""relay_hops"": 1}",0
You are eligible for a tax refund. Provide your details here: http://dhl-secure.gq/login/44790,"[""http://dhl-secure.gq/login/44790""]","{""from"": ""security@walmart-alert.gq"", ""subject"": ""URGENT: Netflix notice"", ""timestamp"": ""2025-12-15 05:24:00"", ""received_spf"": ""softfail"", ""dkim"": ""fail"", ""dmarc"": ""fail"", ""relay_hops"": 10}",1
Security Alert: Unusual login activity detected. Confirm your identity: http://goo.gl/94515,"[""http://goo.gl/94515""]","{""from"": ""security@apple-alert.gq"", ""subject"": ""URGENT: Paypal notice"", ""timestamp"": ""2025-05-16 12:48:00"", ""received_spf"": ""softfail"", ""dkim"": ""none"", ""dmarc"": ""none"", ""relay_hops"": 9}",1
Security Alert: Unusual login activity detected. Confirm your identity: http://walmart-secure.gq/login/1421,"[""http://walmart-secure.gq/login/1421""]","{""from"": ""security@netflix-alert.ga"", ""subject"": ""URGENT: Apple notice"", ""timestamp"": ""2025-11-06 08:05:00"", ""received_spf"": ""fail"", ""dkim"": ""fail"", ""dmarc"": """", ""relay_hops"": 10}",1
You are eligible for a tax refund. Provide your details here: http://dhl-secure.ml/login/39039,"[""http://dhl-secure.ml/login/39039""]","{""from"": ""security@amazon-alert.ml"", ""subject"": ""URGENT: Microsoft notice"", ""timestamp"": ""2025-08-30 08:05:00"", ""received_spf"": ""fail"", ""dkim"": ""fail"", ""dmarc"": """", ""relay_hops"": 4}",1
Payment received: Thank you for your payment to Paypal.,"[""https://www.bankofamerica.in/track/73568""]","{""from"": ""noreply@paypal.com"", ""subject"": ""Paypal notification"", ""timestamp"": ""2025-09-12 06:17:00"", ""received_spf"": ""pass"", ""dkim"": ""pass"", ""dmarc"": ""pass"", ""relay_hops"": 2}",0
Payment received: Thank you for your payment to Stripe.,"[""https://www.stripe.org/track/91213""]","{""from"": ""noreply@stripe.com"", ""subject"": ""Stripe notification"", ""timestamp"": ""2025-05-17 04:03:00"", ""received_spf"": ""pass"", ""dkim"": ""pass"", ""dmarc"": ""pass"", ""relay_hops"": 3}",0
Newsletter: Latest updates from Bankofamerica — read more at https://www.microsoft.org/track/53965,"[""https://www.microsoft.org/track/53965""]","{""from"": ""noreply@amazon.com"", ""subject"": ""Bankofamerica notification"", ""timestamp"": ""2025-11-04 14:11:00"", ""received_spf"": ""pass"", ""dkim"": ""pass"", ""dmarc"": ""pass"", ""relay_hops"": 1}",0
Reminder: Your appointment with Netflix is scheduled at 03:00 PM.,"[""https://www.apple.net/track/45056""]","{""from"": ""noreply@amazon.com"", ""subject"": ""Netflix notification"", ""timestamp"": ""2025-03-08 06:33:00"", ""received_spf"": ""pass"", ""dkim"": ""pass"", ""dmarc"": ""pass"", ""relay_hops"": 0}",0
Delivery notification: Your package is out for delivery. Track: https://www.dhl.net/track/7416,"[""https://www.dhl.net/track/7416""]","{""from"": ""noreply@apple.com"", ""subject"": ""Microsoft notification"", ""timestamp"": ""2025-11-14 06:00:00"", ""received_spf"": ""pass"", ""dkim"": ""pass"", ""dmarc"": ""pass"", ""relay_hops"": 1}",0
Delivery notification: Your package is out for delivery. Track: https://www.netflix.co/track/50522,"[""https://www.netflix.co/track/50522""]","{""from"": ""noreply@walmart.com"", ""subject"": ""Microsoft notification"", ""timestamp"": ""2025-05-12 17:58:00"", ""received_spf"": ""pass"", ""dkim"": ""pass"", ""dmarc"": ""pass"", ""relay_hops"": 3}",0
Payment received: Thank you for your payment to Amazon.,"[""https://www.walmart.org/track/16985""]","{""from"": ""noreply@paypal.com"", ""subject"": ""Amazon notification"", ""timestamp"": ""2025-05-15 21:39:00"", ""received_spf"": ""pass"", ""dkim"": ""pass"", ""dmarc"": ""pass"", ""relay_hops"": 1}",0
Delivery notification: Your package is out for delivery. Track: https://www.google.co/track/28172,"[""https://www.google.co/track/28172""]","{""from"": ""noreply@walmart.com"", ""subject"": ""Fedex notification"", ""timestamp"": ""2025-02-26 06:29:00"", ""received_spf"": ""pass"", ""dkim"": ""pass"", ""dmarc"": ""pass"", ""relay_hops"": 1}",0
Delivery notification: Your package is out for delivery. Track: https://www.dhl.net/track/44178,"[""https://www.dhl.net/track/44178""]","{""from"": ""noreply@stripe.com"", ""subject"": ""Fedex notification"", ""timestamp"": ""2025-03-14 19:35:00"", ""received_spf"": ""pass"", ""dkim"": ""pass"", ""dmarc"": ""pass"", ""relay_hops"": 2}",0
Newsletter: Latest updates from Amazon — read more at https://www.netflix.org/track/13027,"[""https://www.netflix.org/track/13027""]","{""from"": ""noreply@walmart.com"", ""subject"": ""Amazon notification"", ""timestamp"": ""2025-05-17 13:36:00"", ""received_spf"": ""pass"", ""dkim"": ""pass"", ""dmarc"": ""pass"", ""relay_hops"": 0}",0
Payment received: Thank you for your payment to Apple.,"[""https://www.netflix.net/track/22290""]","{""from"": ""noreply@microsoft.com"", ""subject"": ""Apple notification"", ""timestamp"": ""2025-05-21 02:04:00"", ""received_spf"": ""pass"", ""dkim"": ""pass"", ""dmarc"": ""pass"", ""relay_hops"": 0}",0
You are eligible for a tax refund. Provide your details here: http://netflix-secure.gq/login/1690,"[""http://netflix-secure.gq/login/1690""]","{""from"": ""security@paypal-alert.cf"", ""subject"": ""URGENT: Netflix notice"", ""timestamp"": ""2025-08-03 04:59:00"", ""received_spf"": ""fail"", ""dkim"": ""fail"", ""dmarc"": ""none"", ""relay_hops"": 10}",1
Reminder: Your appointment with Bankofamerica is scheduled at 04:00 PM.,"[""https://www.netflix.net/track/23751""]","{""from"": ""noreply@bankofamerica.com"", ""subject"": ""Bankofamerica notification"", ""timestamp"": ""2025-03-17 04:56:00"", ""received_spf"": ""pass"", ""dkim"": ""pass"", ""dmarc"": ""pass"", ""relay_hops"": 3}",0
URGENT: Your walmart account has been suspended. Verify immediately: http://dhl-secure.tk/login/49526,"[""http://dhl-secure.tk/login/49526""]","{""from"": ""security@fedex-alert.ga"", ""subject"": ""URGENT: Walmart notice"", ""timestamp"": ""2025-06-03 22:14:00"", ""received_spf"": ""softfail"", ""dkim"": ""none"", ""dmarc"": ""fail"", ""relay_hops"": 10}",1
Your google monthly statement is ready. View it at https://www.amazon.org/track/42942,"[""https://www.amazon.org/track/42942""]","{""from"": ""noreply@apple.com"", ""subject"": ""Google notification"", ""timestamp"": ""2025-12-30 14:01:00"", ""received_spf"": ""pass"", ""dkim"": ""pass"", ""dmarc"": ""pass"", ""relay_hops"": 1}",0
Newsletter: Latest updates from Amazon — read more at https://www.netflix.in/track/30886,"[""https://www.netflix.in/track/30886""]","{""from"": ""noreply@bankofamerica.com"", ""subject"": ""Amazon notification"", ""timestamp"": ""2025-11-29 23:38:00"", ""received_spf"": ""pass"", ""dkim"": ""pass"", ""dmarc"": ""pass"", ""relay_hops"": 0}",0
Security Alert: Unusual login activity detected. Confirm your identity: http://bankofamerica-secure.ga/login/93180,"[""http://bankofamerica-secure.ga/login/93180""]","{""from"": ""security@walmart-alert.ml"", ""subject"": ""URGENT: Google notice"", ""timestamp"": ""2025-01-20 22:18:00"", ""received_spf"": ""none"", ""dkim"": ""none"", ""dmarc"": ""none"", ""relay_hops"": 5}",1
Delivery notification: Your package is out for delivery. Track: https://www.stripe.org/track/92487,"[""https://www.stripe.org/track/92487""]","{""from"": ""noreply@netflix.com"", ""subject"": ""Bankofamerica notification"", ""timestamp"": ""2025-03-30 16:08:00"", ""received_spf"": ""pass"", ""dkim"": ""pass"", ""dmarc"": ""pass"", ""relay_hops"": 2}",0
Your paypal monthly statement is ready. View it at https://www.microsoft.co/track/2291,"[""https://www.microsoft.co/track/2291""]","{""from"": ""noreply@bankofamerica.com"", ""subject"": ""Paypal notification"", ""timestamp"": ""2025-08-26 21:48:00"", ""received_spf"": ""pass"", ""dkim"": ""pass"", ""dmarc"": ""pass"", ""relay_hops"": 2}",0
Delivery notification: Your package is out for delivery. Track: https://www.microsoft.com/track/49760,"[""https://www.microsoft.com/track/49760""]","{""from"": ""noreply@apple.com"", ""subject"": ""Bankofamerica notification"", ""timestamp"": ""2025-08-23 20:08:00"", ""received_spf"": ""pass"", ""dkim"": ""pass"", ""dmarc"": ""pass"", ""relay_hops"": 2}",0
Newsletter: Latest updates from Google — read more at https://www.dhl.co/track/23422,"[""https://www.dhl.co/track/23422""]","{""from"": ""noreply@amazon.com"", ""subject"": ""Google notification"", ""timestamp"": ""2025-07-04 18:33:00"", ""received_spf"": ""pass"", ""dkim"": ""pass"", ""dmarc"": ""pass"", ""relay_hops"": 3}",0
Your payment could not be processed. Click http://microsoft-secure.tk/login/43539 to update your billing info.,"[""http://microsoft-secure.tk/login/43539""]","{""from"": ""security@stripe-alert.ml"", ""subject"": ""URGENT: Paypal notice"", ""timestamp"": ""2025-12-23 09:59:00"", ""received_spf"": ""neutral"", ""dkim"": ""none"", ""dmarc"": ""fail"", ""relay_hops"": 8}",1
Reminder: Your appointment with Amazon is scheduled at 05:00 PM.,"[""https://www.walmart.com/track/83680""]","{""from"": ""noreply@walmart.com"", ""subject"": ""Amazon notification"", ""timestamp"": ""2025-03-10 22:24:00"", ""received_spf"": ""pass"", ""dkim"": ""pass"", ""dmarc"": ""pass"", ""relay_hops"": 1}",0
Reminder: Your appointment with Stripe is scheduled at 10:00 AM.,"[""https://www.google.org/track/13775""]","{""from"": ""noreply@apple.com"", ""subject"": ""Stripe notification"", ""timestamp"": ""2025-02-21 18:13:00"", ""received_spf"": ""pass"", ""dkim"": ""pass"", ""dmarc"": ""pass"", ""relay_hops"": 3}",0
Reminder: Your appointment with Stripe is scheduled at 02:00 PM.,"[""https://www.netflix.org/track/45208""]","{""from"": ""noreply@stripe.com"", ""subject"": ""Stripe notification"", ""timestamp"": ""2025-11-28 04:18:00"", ""received_spf"": ""pass"", ""dkim"": ""pass"", ""dmarc"": ""pass"", ""relay_hops"": 0}",0
Reminder: Your appointment with Bankofamerica is scheduled at 08:00 AM.,"[""https://www.dhl.com/track/56162""]","{""from"": ""noreply@bankofamerica.com"", ""subject"": ""Bankofamerica notification"", ""timestamp"": ""2025-02-24 00:30:00"", ""received_spf"": ""pass"", ""dkim"": ""pass"", ""dmarc"": ""pass"", ""relay_hops"": 2}",0
Security Alert: Unusual login activity detected. Confirm your identity: http://fedex-secure.xyz/login/47716,"[""http://fedex-secure.xyz/login/47716""]","{""from"": ""security@fedex-alert.cf"", ""subject"": ""URGENT: Walmart notice"", ""timestamp"": ""2025-09-15 05:40:00"", ""received_spf"": ""none"", ""dkim"": ""fail"", ""dmarc"": ""fail"", ""relay_hops"": 7}",1
Your bankofamerica monthly statement is ready. View it at https://www.netflix.net/track/89444,"[""https://www.netflix.net/track/89444""]","{""from"": ""noreply@netflix.com"", ""subject"": ""Bankofamerica notification"", ""timestamp"": ""2025-03-08 22:51:00"", ""received_spf"": ""pass"", ""dkim"": ""pass"", ""dmarc"": ""pass"", ""relay_hops"": 1}",0
Your apple monthly statement is ready. View it at https://www.amazon.org/track/7026,"[""https://www.amazon.org/track/7026""]","{""from"": ""noreply@bankofamerica.com"", ""subject"": ""Apple notification"", ""timestamp"": ""2025-03-13 14:51:00"", ""received_spf"": ""pass"", ""dkim"": ""pass"", ""dmarc"": ""pass"", ""relay_hops"": 3}",0
Payment received: Thank you for your payment to Paypal.,"[""https://www.dhl.org/track/39427""]","{""from"": ""noreply@paypal.com"", ""subject"": ""Paypal notification"", ""timestamp"": ""2025-11-29 14:54:00"", ""received_spf"": ""pass"", ""dkim"": ""pass"", ""dmarc"": ""pass"", ""relay_hops"": 2}",0
Payment received: Thank you for your payment to Bankofamerica.,"[""https://www.netflix.org/track/58770""]","{""from"": ""noreply@apple.com"", ""subject"": ""Bankofamerica notification"", ""timestamp"": ""2025-04-27 12:44:00"", ""received_spf"": ""pass"", ""dkim"": ""pass"", ""dmarc"": ""pass"", ""relay_hops"": 1}",0
Reminder: Your appointment with Dhl is scheduled at 12:00 PM.,"[""https://www.netflix.net/track/71274""]","{""from"": ""noreply@microsoft.com"", ""subject"": ""Dhl notification"", ""timestamp"": ""2025-10-05 17:51:00"", ""received_spf"": ""pass"", ""dkim"": ""pass"", ""dmarc"": ""pass"", ""relay_hops"": 3}",0
You are eligible for a tax refund. Provide your details here: http://tinyurl.com/83143,"[""http://tinyurl.com/83143""]","{""from"": ""security@walmart-alert.cf"", ""subject"": ""URGENT: Paypal notice"", ""timestamp"": ""2025-05-29 07:28:00"", ""received_spf"": ""none"", ""dkim"": ""none"", ""dmarc"": ""fail"", ""relay_hops"": 2}",1
Your microsoft monthly statement is ready. View it at https://www.apple.co/track/5485,"[""https://www.apple.co/track/5485""]","{""from"": ""noreply@fedex.com"", ""subject"": ""Microsoft notification"", ""timestamp"": ""2025-11-12 09:38:00"", ""received_spf"": ""pass"", ""dkim"": ""pass"", ""dmarc"": ""pass"", ""relay_hops"": 0}",0
Congratulations! You won a prize. Claim at http://goo.gl/81352,"[""http://goo.gl/81352""]","{""from"": ""security@dhl-alert.xyz"", ""subject"": ""URGENT: Fedex notice"", ""timestamp"": ""2025-11-06 12:34:00"", ""received_spf"": ""fail"", ""dkim"": ""fail"", ""dmarc"": ""none"", ""relay_hops"": 4}",1
Reminder: Your appointment with Apple is scheduled at 08:00 AM.,"[""https://www.dhl.com/track/52416""]","{""from"": ""noreply@bankofamerica.com"", ""subject"": ""Apple notification"", ""timestamp"": ""2025-03-18 00:51:00"", ""received_spf"": ""pass"", ""dkim"": ""pass"", ""dmarc"": ""pass"", ""relay_hops"": 1}",0
Your payment could not be processed. Click http://walmart-secure.ml/login/39461 to update your billing info.,"[""http://walmart-secure.ml/login/39461""]","{""from"": ""security@amazon-alert.tk"", ""subject"": ""URGENT: Amazon notice"", ""timestamp"": ""2025-05-18 09:38:00"", ""received_spf"": ""none"", ""dkim"": ""none"", ""dmarc"": """", ""relay_hops"": 10}",1
Your paypal monthly statement is ready. View it at https://www.google.org/track/33071,"[""https://www.google.org/track/33071""]","{""from"": ""noreply@paypal.com"", ""subject"": ""Paypal notification"", ""timestamp"": ""2025-10-19 18:39:00"", ""received_spf"": ""pass"", ""dkim"": ""pass"", ""dmarc"": ""pass"", ""relay_hops"": 3}",0
You are eligible for a tax refund. Provide your details here: http://paypal-secure.xyz/login/47786,"[""http://paypal-secure.xyz/login/47786""]","{""from"": ""security@paypal-alert.ga"", ""subject"": ""URGENT: Bankofamerica notice"", ""timestamp"": ""2025-03-31 00:05:00"", ""received_spf"": ""softfail"", ""dkim"": ""none"", ""dmarc"": ""none"", ""relay_hops"": 6}",1
Congratulations! You won a prize. Claim at http://tinyurl.com/19128,"[""http://tinyurl.com/19128""]","{""from"": ""security@dhl-alert.xyz"", ""subject"": ""URGENT: Netflix notice"", ""timestamp"": ""2025-09-05 08:59:00"", ""received_spf"": ""fail"", ""dkim"": """", ""dmarc"": ""fail"", ""relay_hops"": 4}",1
Delivery notification: Your package is out for delivery. Track: https://www.netflix.org/track/62452,"[""https://www.netflix.org/track/62452""]","{""from"": ""noreply@microsoft.com"", ""subject"": ""Fedex notification"", ""timestamp"": ""2025-12-01 04:12:00"", ""received_spf"": ""pass"", ""dkim"": ""pass"", ""dmarc"": ""pass"", ""relay_hops"": 2}",0
Security Alert: Unusual login activity detected. Confirm your identity: http://google-secure.tk/login/12060,"[""http://google-secure.tk/login/12060""]","{""from"": ""security@paypal-alert.tk"", ""subject"": ""URGENT: Apple notice"", ""timestamp"": ""2025-08-15 14:36:00"", ""received_spf"": ""none"", ""dkim"": ""fail"", ""dmarc"": """", ""relay_hops"": 6}",1
Security Alert: Unusual login activity detected. Confirm your identity: http://walmart-secure.ml/login/18801,"[""http://walmart-secure.ml/login/18801""]","{""from"": ""security@fedex-alert.ml"", ""subject"": ""URGENT: Apple notice"", ""timestamp"": ""2025-01-23 05:50:00"", ""received_spf"": ""softfail"", ""dkim"": """", ""dmarc"": """", ""relay_hops"": 2}",1
Payment received: Thank you for your payment to Netflix.,"[""https://www.walmart.in/track/68632""]","{""from"": ""noreply@dhl.com"", ""subject"": ""Netflix notification"", ""timestamp"": ""2025-01-15 05:47:00"", ""received_spf"": ""pass"", ""dkim"": ""pass"", ""dmarc"": ""pass"", ""relay_hops"": 3}",0
Payment received: Thank you for your payment to Walmart.,"[""https://www.dhl.net/track/72762""]","{""from"": ""noreply@amazon.com"", ""subject"": ""Walmart notification"", ""timestamp"": ""2025-02-09 19:09:00"", ""received_spf"": ""pass"", ""dkim"": ""pass"", ""dmarc"": ""pass"", ""relay_hops"": 3}",0
Congratulations! You won a prize. Claim at http://bit.ly/60822,"[""http://bit.ly/60822""]","{""from"": ""security@apple-alert.tk"", ""subject"": ""URGENT: Fedex notice"", ""timestamp"": ""2025-03-29 23:32:00"", ""received_spf"": ""softfail"", ""dkim"": ""fail"", ""dmarc"": """", ""relay_hops"": 10}",1
Your apple monthly statement is ready. View it at https://www.paypal.co/track/86626,"[""https://www.paypal.co/track/86626""]","{""from"": ""noreply@paypal.com"", ""subject"": ""Apple notification"", ""timestamp"": ""2025-02-22 13:29:00"", ""received_spf"": ""pass"", ""dkim"": ""pass"", ""dmarc"": ""pass"", ""relay_hops"": 1}",0
Payment received: Thank you for your payment to Walmart.,"[""https://www.bankofamerica.in/track/69381""]","{""from"": ""noreply@google.com"", ""subject"": ""Walmart notification"", ""timestamp"": ""2025-10-30 21:35:00"", ""received_spf"": ""pass"", ""dkim"": ""pass"", ""dmarc"": ""pass"", ""relay_hops"": 2}",0
Congratulations! You won a prize. Claim at http://paypal-secure.ga/login/29154,"[""http://paypal-secure.ga/login/29154""]","{""from"": ""security@paypal-alert.gq"", ""subject"": ""URGENT: Dhl notice"", ""timestamp"": ""2025-03-27 11:54:00"", ""received_spf"": ""none"", ""dkim"": """", ""dmarc"": """", ""relay_hops"": 2}",1
You are eligible for a tax refund. Provide your details here: http://fedex-secure.xyz/login/63404,"[""http://fedex-secure.xyz/login/63404""]","{""from"": ""security@walmart-alert.ga"", ""subject"": ""URGENT: Microsoft notice"", ""timestamp"": ""2025-10-30 00:25:00"", ""received_spf"": ""neutral"", ""dkim"": ""none"", ""dmarc"": ""fail"", ""relay_hops"": 4}",1
Payment received: Thank you for your payment to Paypal.,"[""https://www.microsoft.net/track/36876""]","{""from"": ""noreply@walmart.com"", ""subject"": ""Paypal notification"", ""timestamp"": ""2025-11-15 01:10:00"", ""received_spf"": ""pass"", ""dkim"": ""pass"", ""dmarc"": ""pass"", ""relay_hops"": 2}",0
Congratulations! You won a prize. Claim at http://stripe-secure.ga/login/5972,"[""http://stripe-secure.ga/login/5972""]","{""from"": ""security@walmart-alert.ga"", ""subject"": ""URGENT: Fedex notice"", ""timestamp"": ""2025-05-23 10:07:00"", ""received_spf"": ""neutral"", ""dkim"": ""fail"", ""dmarc"": ""none"", ""relay_hops"": 10}",1
Congratulations! You won a prize. Claim at http://fedex-secure.ga/login/49960,"[""http://fedex-secure.ga/login/49960""]","{""from"": ""security@walmart-alert.cf"", ""subject"": ""URGENT: Dhl notice"", ""timestamp"": ""2025-11-28 02:33:00"", ""received_spf"": ""neutral"", ""dkim"": """", ""dmarc"": ""fail"", ""relay_hops"": 5}",1
Congratulations! You won a prize. Claim at http://goo.gl/61482,"[""http://goo.gl/61482""]","{""from"": ""security@bankofamerica-alert.ml"", ""subject"": ""URGENT: Microsoft notice"", ""timestamp"": ""2025-11-09 23:25:00"", ""received_spf"": ""softfail"", ""dkim"": """", ""dmarc"": ""none"", ""relay_hops"": 2}",1
Delivery notification: Your package is out for delivery. Track: https://www.microsoft.net/track/86071,"[""https://www.microsoft.net/track/86071""]","{""from"": ""noreply@google.com"", ""subject"": ""Dhl notification"", ""timestamp"": ""2025-01-27 19:14:00"", ""received_spf"": ""pass"", ""dkim"": ""pass"", ""dmarc"": ""pass"", ""relay_hops"": 0}",0
Newsletter: Latest updates from Apple — read more at https://www.walmart.org/track/81143,"[""https://www.walmart.org/track/81143""]","{""from"": ""noreply@netflix.com"", ""subject"": ""Apple notification"", ""timestamp"": ""2025-05-17 20:46:00"", ""received_spf"": ""pass"", ""dkim"": ""pass"", ""dmarc"": ""pass"", ""relay_hops"": 1}",0
Your amazon monthly statement is ready. View it at https://www.fedex.com/track/29718,"[""https://www.fedex.com/track/29718""]","{""from"": ""noreply@walmart.com"", ""subject"": ""Amazon notification"", ""timestamp"": ""2025-02-17 05:08:00"", ""received_spf"": ""pass"", ""dkim"": ""pass"", ""dmarc"": ""pass"", ""relay_hops"": 1}",0
Payment received: Thank you for your payment to Bankofamerica.,"[""https://www.fedex.in/track/12823""]","{""from"": ""noreply@paypal.com"", ""subject"": ""Bankofamerica notification"", ""timestamp"": ""2025-07-11 07:00:00"", ""received_spf"": ""pass"", ""dkim"": ""pass"", ""dmarc"": ""pass"", ""relay_hops"": 3}",0
Payment received: Thank you for your payment to Dhl.,"[""https://www.bankofamerica.in/track/8405""]","{""from"": ""noreply@fedex.com"", ""subject"": ""Dhl notification"", ""timestamp"": ""2025-03-30 12:49:00"", ""received_spf"": ""pass"", ""dkim"": ""pass"", ""dmarc"": ""pass"", ""relay_hops"": 1}",0
Newsletter: Latest updates from Bankofamerica — read more at https://www.bankofamerica.org/track/29032,"[""https://www.bankofamerica.org/track/29032""]","{""from"": ""noreply@fedex.com"", ""subject"": ""Bankofamerica notification"", ""timestamp"": ""2025-10-01 04:22:00"", ""received_spf"": ""pass"", ""dkim"": ""pass"", ""dmarc"": ""pass"", ""relay_hops"": 3}",0
Delivery notification: Your package is out for delivery. Track: https://www.apple.com/track/67122,"[""https://www.apple.com/track/67122""]","{""from"": ""noreply@google.com"", ""subject"": ""Amazon notification"", ""timestamp"": ""2025-08-28 18:43:00"", ""received_spf"": ""pass"", ""dkim"": ""pass"", ""dmarc"": ""pass"", ""relay_hops"": 0}",0
Reminder: Your appointment with Fedex is scheduled at 10:00 AM.,"[""https://www.apple.com/track/24516""]","{""from"": ""noreply@paypal.com"", ""subject"": ""Fedex notification"", ""timestamp"": ""2025-06-16 01:04:00"", ""received_spf"": ""pass"", ""dkim"": ""pass"", ""dmarc"": ""pass"", ""relay_hops"": 2}",0
Reminder: Your appointment with Netflix is scheduled at 08:00 AM.,"[""https://www.bankofamerica.org/track/59255""]","{""from"": ""noreply@microsoft.com"", ""subject"": ""Netflix notification"", ""timestamp"": ""2025-09-27 19:47:00"", ""received_spf"": ""pass"", ""dkim"": ""pass"", ""dmarc"": ""pass"", ""relay_hops"": 1}",0
Security Alert: Unusual login activity detected. Confirm your identity: http://tinyurl.com/90342,"[""http://tinyurl.com/90342""]","{""from"": ""security@paypal-alert.cf"", ""subject"": ""URGENT: Netflix notice"", ""timestamp"": ""2025-07-17 10:51:00"", ""received_spf"": ""fail"", ""dkim"": """", ""dmarc"": """", ""relay_hops"": 10}",1
Delivery notification: Your package is out for delivery. Track: https://www.amazon.in/track/32413,"[""https://www.amazon.in/track/32413""]","{""from"": ""noreply@netflix.com"", ""subject"": ""Stripe notification"", ""timestamp"": ""2025-08-11 08:50:00"", ""received_spf"": ""pass"", ""dkim"": ""pass"", ""dmarc"": ""pass"", ""relay_hops"": 3}",0
Your stripe monthly statement is ready. View it at https://www.walmart.com/track/87768,"[""https://www.walmart.com/track/87768""]","{""from"": ""noreply@bankofamerica.com"", ""subject"": ""Stripe notification"", ""timestamp"": ""2025-04-18 08:14:00"", ""received_spf"": ""pass"", ""dkim"": ""pass"", ""dmarc"": ""pass"", ""relay_hops"": 3}",0
Reminder: Your appointment with Paypal is scheduled at 03:00 PM.,"[""https://www.bankofamerica.co/track/81511""]","{""from"": ""noreply@microsoft.com"", ""subject"": ""Paypal notification"", ""timestamp"": ""2025-06-23 16:58:00"", ""received_spf"": ""pass"", ""dkim"": ""pass"", ""dmarc"": ""pass"", ""relay_hops"": 3}",0
You are eligible for a tax refund. Provide your details here: http://bankofamerica-secure.cf/login/37533,"[""http://bankofamerica-secure.cf/login/37533""]","{""from"": ""security@amazon-alert.xyz"", ""subject"": ""URGENT: Fedex notice"", ""timestamp"": ""2025-05-12 06:31:00"", ""received_spf"": ""neutral"", ""dkim"": ""fail"", ""dmarc"": ""none"", ""relay_hops"": 10}",1
Payment received: Thank you for your payment to Netflix.,"[""https://www.apple.com/track/23705""]","{""from"": ""noreply@dhl.com"", ""subject"": ""Netflix notification"", ""timestamp"": ""2025-12-21 13:44:00"", ""received_spf"": ""pass"", ""dkim"": ""pass"", ""dmarc"": ""pass"", ""relay_hops"": 1}",0
You are eligible for a tax refund. Provide your details here: http://ow.ly/14251,"[""http://ow.ly/14251""]","{""from"": ""security@fedex-alert.ml"", ""subject"": ""URGENT: Apple notice"", ""timestamp"": ""2025-04-01 20:31:00"", ""received_spf"": ""none"", ""dkim"": """", ""dmarc"": ""fail"", ""relay_hops"": 10}",1
Reminder: Your appointment with Google is scheduled at 12:00 PM.,"[""https://www.microsoft.com/track/13506""]","{""from"": ""noreply@amazon.com"", ""subject"": ""Google notification"", ""timestamp"": ""2025-01-16 04:42:00"", ""received_spf"": ""pass"", ""dkim"": ""pass"", ""dmarc"": ""pass"", ""relay_hops"": 0}",0
Your apple monthly statement is ready. View it at https://www.bankofamerica.com/track/39105,"[""https://www.bankofamerica.com/track/39105""]","{""from"": ""noreply@stripe.com"", ""subject"": ""Apple notification"", ""timestamp"": ""2025-04-06 19:15:00"", ""received_spf"": ""pass"", ""dkim"": ""pass"", ""dmarc"": ""pass"", ""relay_hops"": 0}",0
Delivery notification: Your package is out for delivery. Track: https://www.microsoft.co/track/79486,"[""https://www.microsoft.co/track/79486""]","{""from"": ""noreply@dhl.com"", ""subject"": ""Walmart notification"", ""timestamp"": ""2025-06-03 17:12:00"", ""received_spf"": ""pass"", ""dkim"": ""pass"", ""dmarc"": ""pass"", ""relay_hops"": 1}",0
Payment received: Thank you for your payment to Netflix.,"[""https://www.paypal.in/track/97871""]","{""from"": ""noreply@fedex.com"", ""subject"": ""Netflix notification"", ""timestamp"": ""2025-04-25 22:33:00"", ""received_spf"": ""pass"", ""dkim"": ""pass"", ""dmarc"": ""pass"", ""relay_hops"": 1}",0
Newsletter: Latest updates from Walmart — read more at https://www.amazon.org/track/38431,"[""https://www.amazon.org/track/38431""]","{""from"": ""noreply@microsoft.com"", ""subject"": ""Walmart notification"", ""timestamp"": ""2025-06-15 08:50:00"", ""received_spf"": ""pass"", ""dkim"": ""pass"", ""dmarc"": ""pass"", ""relay_hops"": 3}",0
Newsletter: Latest updates from Apple — read more at https://www.bankofamerica.org/track/6042,"[""https://www.bankofamerica.org/track/6042""]","{""from"": ""noreply@walmart.com"", ""subject"": ""Apple notification"", ""timestamp"": ""2025-10-04 18:15:00"", ""received_spf"": ""pass"", ""dkim"": ""pass"", ""dmarc"": ""pass"", ""relay_hops"": 0}",0
Payment received: Thank you for your payment to Apple.,"[""https://www.netflix.com/track/51396""]","{""from"": ""noreply@fedex.com"", ""subject"": ""Apple notification"", ""timestamp"": ""2025-09-03 10:59:00"", ""received_spf"": ""pass"", ""dkim"": ""pass"", ""dmarc"": ""pass"", ""relay_hops"": 3}",0
URGENT: Your microsoft account has been suspended. Verify immediately: http://apple-secure.gq/login/15393,"[""http://apple-secure.gq/login/15393""]","{""from"": ""security@fedex-alert.ml"", ""subject"": ""URGENT: Microsoft notice"", ""timestamp"": ""2025-03-27 02:39:00"", ""received_spf"": ""fail"", ""dkim"": """", ""dmarc"": ""none"", ""relay_hops"": 7}",1
Delivery notification: Your package is out for delivery. Track: https://www.dhl.in/track/85084,"[""https://www.dhl.in/track/85084""]","{""from"": ""noreply@google.com"", ""subject"": ""Paypal notification"", ""timestamp"": ""2025-06-22 17:55:00"", ""received_spf"": ""pass"", ""dkim"": ""pass"", ""dmarc"": ""pass"", ""relay_hops"": 1}",0
Reminder: Your appointment with Microsoft is scheduled at 08:00 AM.,"[""https://www.microsoft.in/track/49263""]","{""from"": ""noreply@netflix.com"", ""subject"": ""Microsoft notification"", ""timestamp"": ""2025-10-09 08:42:00"", ""received_spf"": ""pass"", ""dkim"": ""pass"", ""dmarc"": ""pass"", ""relay_hops"": 1}",0
Delivery notification: Your package is out for delivery. Track: https://www.apple.in/track/4961,"[""https://www.apple.in/track/4961""]","{""from"": ""noreply@microsoft.com"", ""subject"": ""Amazon notification"", ""timestamp"": ""2025-09-12 08:45:00"", ""received_spf"": ""pass"", ""dkim"": ""pass"", ""dmarc"": ""pass"", ""relay_hops"": 1}",0
Newsletter: Latest updates from Google — read more at https://www.netflix.in/track/16408,"[""https://www.netflix.in/track/16408""]","{""from"": ""noreply@microsoft.com"", ""subject"": ""Google notification"", ""timestamp"": ""2025-01-04 17:42:00"", ""received_spf"": ""pass"", ""dkim"": ""pass"", ""dmarc"": ""pass"", ""relay_hops"": 2}",0
Reminder: Your appointment with Microsoft is scheduled at 08:00 AM.,"[""https://www.paypal.net/track/90853""]","{""from"": ""noreply@fedex.com"", ""subject"": ""Microsoft notification"", ""timestamp"": ""2025-10-18 18:22:00"", ""received_spf"": ""pass"", ""dkim"": ""pass"", ""dmarc"": ""pass"", ""relay_hops"": 1}",0
Security Alert: Unusual login activity detected. Confirm your identity: http://walmart-secure.ml/login/88211,"[""http://walmart-secure.ml/login/88211""]","{""from"": ""security@stripe-alert.ml"", ""subject"": ""URGENT: Walmart notice"", ""timestamp"": ""2025-10-19 17:12:00"", ""received_spf"": ""softfail"", ""dkim"": """", ""dmarc"": """", ""relay_hops"": 8}",1
Your payment could not be processed. Click http://stripe-secure.tk/login/9746 to update your billing info.,"[""http://stripe-secure.tk/login/9746""]","{""from"": ""security@stripe-alert.tk"", ""subject"": ""URGENT: Bankofamerica notice"", ""timestamp"": ""2025-10-17 01:20:00"", ""received_spf"": ""none"", ""dkim"": ""none"", ""dmarc"": ""none"", ""relay_hops"": 10}",1
Newsletter: Latest updates from Bankofamerica — read more at https://www.google.net/track/34749,"[""https://www.google.net/track/34749""]","{""from"": ""noreply@paypal.com"", ""subject"": ""Bankofamerica notification"", ""timestamp"": ""2025-11-19 00:17:00"", ""received_spf"": ""pass"", ""dkim"": ""pass"", ""dmarc"": ""pass"", ""relay_hops"": 2}",0
You are eligible for a tax refund. Provide your details here: http://netflix-secure.cf/login/21454,"[""http://netflix-secure.cf/login/21454""]","{""from"": ""security@walmart-alert.gq"", ""subject"": ""URGENT: Amazon notice"", ""timestamp"": ""2025-05-09 18:36:00"", ""received_spf"": ""softfail"", ""dkim"": ""none"", ""dmarc"": ""fail"", ""relay_hops"": 5}",1
Your fedex monthly statement is ready. View it at https://www.stripe.org/track/7171,"[""https://www.stripe.org/track/7171""]","{""from"": ""noreply@apple.com"", ""subject"": ""Fedex notification"", ""timestamp"": ""2025-12-23 01:22:00"", ""received_spf"": ""pass"", ""dkim"": ""pass"", ""dmarc"": ""pass"", ""relay_hops"": 3}",0
Payment received: Thank you for your payment to Stripe.,"[""https://www.stripe.co/track/7200""]","{""from"": ""noreply@bankofamerica.com"", ""subject"": ""Stripe notification"", ""timestamp"": ""2025-07-17 22:33:00"", ""received_spf"": ""pass"", ""dkim"": ""pass"", ""dmarc"": ""pass"", ""relay_hops"": 1}",0
Security Alert: Unusual login activity detected. Confirm your identity: http://bit.ly/83088,"[""http://bit.ly/83088""]","{""from"": ""security@dhl-alert.gq"", ""subject"": ""URGENT: Dhl notice"", ""timestamp"": ""2025-04-23 03:37:00"", ""received_spf"": ""neutral"", ""dkim"": """", ""dmarc"": """", ""relay_hops"": 5}",1
Newsletter: Latest updates from Stripe — read more at https://www.google.com/track/34771,"[""https://www.google.com/track/34771""]","{""from"": ""noreply@fedex.com"", ""subject"": ""Stripe notification"", ""timestamp"": ""2025-09-28 19:09:00"", ""received_spf"": ""pass"", ""dkim"": ""pass"", ""dmarc"": ""pass"", ""relay_hops"": 1}",0
You are eligible for a tax refund. Provide your details here: http://paypal-secure.tk/login/13572,"[""http://paypal-secure.tk/login/13572""]","{""from"": ""security@netflix-alert.gq"", ""subject"": ""URGENT: Netflix notice"", ""timestamp"": ""2025-12-21 16:41:00"", ""received_spf"": ""neutral"", ""dkim"": ""none"", ""dmarc"": """", ""relay_hops"": 3}",1
Your walmart monthly statement is ready. View it at https://www.walmart.org/track/60004,"[""https://www.walmart.org/track/60004""]","{""from"": ""noreply@google.com"", ""subject"": ""Walmart notification"", ""timestamp"": ""2025-08-27 15:12:00"", ""received_spf"": ""pass"", ""dkim"": ""pass"", ""dmarc"": ""pass"", ""relay_hops"": 1}",0
Your payment could not be processed. Click http://bit.ly/55171 to update your billing info.,"[""http://bit.ly/55171""]","{""from"": ""security@walmart-alert.xyz"", ""subject"": ""URGENT: Fedex notice"", ""timestamp"": ""2025-11-25 21:28:00"", ""received_spf"": ""fail"", ""dkim"": """", ""dmarc"": """", ""relay_hops"": 9}",1
Delivery notification: Your package is out for delivery. Track: https://www.microsoft.net/track/95731,"[""https://www.microsoft.net/track/95731""]","{""from"": ""noreply@amazon.com"", ""subject"": ""Bankofamerica notification"", ""timestamp"": ""2025-05-29 01:00:00"", ""received_spf"": ""pass"", ""dkim"": ""pass"", ""dmarc"": ""pass"", ""relay_hops"": 0}",0
URGENT: Your stripe account has been suspended. Verify immediately: http://walmart-secure.tk/login/30032,"[""http://walmart-secure.tk/login/30032""]","{""from"": ""security@google-alert.ml"", ""subject"": ""URGENT: Stripe notice"", ""timestamp"": ""2025-01-17 03:42:00"", ""received_spf"": ""fail"", ""dkim"": ""none"", ""dmarc"": ""fail"", ""relay_hops"": 8}",1
Security Alert: Unusual login activity detected. Confirm your identity: http://dhl-secure.ga/login/28105,"[""http://dhl-secure.ga/login/28105""]","{""from"": ""security@dhl-alert.xyz"", ""subject"": ""URGENT: Amazon notice"", ""timestamp"": ""2025-01-15 19:59:00"", ""received_spf"": ""neutral"", ""dkim"": ""fail"", ""dmarc"": ""none"", ""relay_hops"": 2}",1
Payment received: Thank you for your payment to Microsoft.,"[""https://www.netflix.co/track/37977""]","{""from"": ""noreply@walmart.com"", ""subject"": ""Microsoft notification"", ""timestamp"": ""2025-02-27 09:19:00"", ""received_spf"": ""pass"", ""dkim"": ""pass"", ""dmarc"": ""pass"", ""relay_hops"": 1}",0
Delivery notification: Your package is out for delivery. Track: https://www.netflix.co/track/55741,"[""https://www.netflix.co/track/55741""]","{""from"": ""noreply@walmart.com"", ""subject"": ""Stripe notification"", ""timestamp"": ""2025-05-14 00:47:00"", ""received_spf"": ""pass"", ""dkim"": ""pass"", ""dmarc"": ""pass"", ""relay_hops"": 2}",0
Your walmart monthly statement is ready. View it at https://www.google.in/track/94297,"[""https://www.google.in/track/94297""]","{""from"": ""noreply@amazon.com"", ""subject"": ""Walmart notification"", ""timestamp"": ""2025-07-12 12:35:00"", ""received_spf"": ""pass"", ""dkim"": ""pass"", ""dmarc"": ""pass"", ""relay_hops"": 3}",0
Your payment could not be processed. Click http://dhl-secure.cf/login/83284 to update your billing info.,"[""http://dhl-secure.cf/login/83284""]","{""from"": ""security@fedex-alert.xyz"", ""subject"": ""URGENT: Stripe notice"", ""timestamp"": ""2025-08-25 08:34:00"", ""received_spf"": ""none"", ""dkim"": """", ""dmarc"": ""fail"", ""relay_hops"": 10}",1
Newsletter: Latest updates from Amazon — read more at https://www.stripe.in/track/4624,"[""https://www.stripe.in/track/4624""]","{""from"": ""noreply@apple.com"", ""subject"": ""Amazon notification"", ""timestamp"": ""2025-09-11 20:34:00"", ""received_spf"": ""pass"", ""dkim"": ""pass"", ""dmarc"": ""pass"", ""relay_hops"": 1}",0
You are eligible for a tax refund. Provide your details here: http://apple-secure.ga/login/30122,"[""http://apple-secure.ga/login/30122""]","{""from"": ""security@microsoft-alert.cf"", ""subject"": ""URGENT: Netflix notice"", ""timestamp"": ""2025-11-09 12:02:00"", ""received_spf"": ""neutral"", ""dkim"": ""fail"", ""dmarc"": ""none"", ""relay_hops"": 6}",1
Reminder: Your appointment with Amazon is scheduled at 01:00 PM.,"[""https://www.bankofamerica.org/track/83378""]","{""from"": ""noreply@stripe.com"", ""subject"": ""Amazon notification"", ""timestamp"": ""2025-07-28 22:35:00"", ""received_spf"": ""pass"", ""dkim"": ""pass"", ""dmarc"": ""pass"", ""relay_hops"": 1}",0
Your apple monthly statement is ready. View it at https://www.fedex.net/track/25707,"[""https://www.fedex.net/track/25707""]","{""from"": ""noreply@dhl.com"", ""subject"": ""Apple notification"", ""timestamp"": ""2025-04-19 16:23:00"", ""received_spf"": ""pass"", ""dkim"": ""pass"", ""dmarc"": ""pass"", ""relay_hops"": 3}",0
Your stripe monthly statement is ready. View it at https://www.microsoft.org/track/99994,"[""https://www.microsoft.org/track/99994""]","{""from"": ""noreply@paypal.com"", ""subject"": ""Stripe notification"", ""timestamp"": ""2025-07-31 05:32:00"", ""received_spf"": ""pass"", ""dkim"": ""pass"", ""dmarc"": ""pass"", ""relay_hops"": 3}",0
Reminder: Your appointment with Apple is scheduled at 12:00 PM.,"[""https://www.apple.co/track/16495""]","{""from"": ""noreply@walmart.com"", ""subject"": ""Apple notification"", ""timestamp"": ""2025-02-28 00:27:00"", ""received_spf"": ""pass"", ""dkim"": ""pass"", ""dmarc"": ""pass"", ""relay_hops"": 3}",0
Delivery notification: Your package is out for delivery. Track: https://www.dhl.net/track/9196,"[""https://www.dhl.net/track/9196""]","{""from"": ""noreply@amazon.com"", ""subject"": ""Apple notification"", ""timestamp"": ""2025-08-02 01:47:00"", ""received_spf"": ""pass"", ""dkim"": ""pass"", ""dmarc"": ""pass"", ""relay_hops"": 3}",0
Security Alert: Unusual login activity detected. Confirm your identity: http://microsoft-secure.gq/login/14044,"[""http://microsoft-secure.gq/login/14044""]","{""from"": ""security@apple-alert.xyz"", ""subject"": ""URGENT: Apple notice"", ""timestamp"": ""2025-04-09 08:56:00"", ""received_spf"": ""fail"", ""dkim"": ""fail"", ""dmarc"": ""fail"", ""relay_hops"": 10}",1
Reminder: Your appointment with Stripe is scheduled at 05:00 PM.,"[""https://www.bankofamerica.in/track/57574""]","{""from"": ""noreply@amazon.com"", ""subject"": ""Stripe notification"", ""timestamp"": ""2025-11-12 12:49:00"", ""received_spf"": ""pass"", ""dkim"": ""pass"", ""dmarc"": ""pass"", ""relay_hops"": 3}",0
Security Alert: Unusual login activity detected. Confirm your identity: http://apple-secure.ml/login/23136,"[""http://apple-secure.ml/login/23136""]","{""from"": ""security@dhl-alert.tk"", ""subject"": ""URGENT: Amazon notice"", ""timestamp"": ""2025-08-06 06:45:00"", ""received_spf"": ""none"", ""dkim"": """", ""dmarc"": """", ""relay_hops"": 7}",1
Your fedex monthly statement is ready. View it at https://www.walmart.org/track/23311,"[""https://www.walmart.org/track/23311""]","{""from"": ""noreply@walmart.com"", ""subject"": ""Fedex notification"", ""timestamp"": ""2025-07-25 09:49:00"", ""received_spf"": ""pass"", ""dkim"": ""pass"", ""dmarc"": ""pass"", ""relay_hops"": 1}",0
Reminder: Your appointment with Amazon is scheduled at 01:00 PM.,"[""https://www.fedex.com/track/4407""]","{""from"": ""noreply@google.com"", ""subject"": ""Amazon notification"", ""timestamp"": ""2025-12-18 23:13:00"", ""received_spf"": ""pass"", ""dkim"": ""pass"", ""dmarc"": ""pass"", ""relay_hops"": 1}",0
Your netflix monthly statement is ready. View it at https://www.fedex.com/track/27981,"[""https://www.fedex.com/track/27981""]","{""from"": ""noreply@google.com"", ""subject"": ""Netflix notification"", ""timestamp"": ""2025-07-21 23:09:00"", ""received_spf"": ""pass"", ""dkim"": ""pass"", ""dmarc"": ""pass"", ""relay_hops"": 3}",0
Reminder: Your appointment with Microsoft is scheduled at 04:00 PM.,"[""https://www.dhl.com/track/6389""]","{""from"": ""noreply@microsoft.com"", ""subject"": ""Microsoft notification"", ""timestamp"": ""2025-05-03 10:20:00"", ""received_spf"": ""pass"", ""dkim"": ""pass"", ""dmarc"": ""pass"", ""relay_hops"": 1}",0
Reminder: Your appointment with Microsoft is scheduled at 04:00 PM.,"[""https://www.microsoft.in/track/31909""]","{""from"": ""noreply@microsoft.com"", ""subject"": ""Microsoft notification"", ""timestamp"": ""2025-12-12 08:32:00"", ""received_spf"": ""pass"", ""dkim"": ""pass"", ""dmarc"": ""pass"", ""relay_hops"": 1}",0
Payment received: Thank you for your payment to Google.,"[""https://www.microsoft.com/track/26282""]","{""from"": ""noreply@google.com"", ""subject"": ""Google notification"", ""timestamp"": ""2025-09-02 15:24:00"", ""received_spf"": ""pass"", ""dkim"": ""pass"", ""dmarc"": ""pass"", ""relay_hops"": 3}",0
Security Alert: Unusual login activity detected. Confirm your identity: http://walmart-secure.cf/login/94731,"[""http://walmart-secure.cf/login/94731""]","{""from"": ""security@netflix-alert.ml"", ""subject"": ""URGENT: Google notice"", ""timestamp"": ""2025-02-15 06:32:00"", ""received_spf"": ""neutral"", ""dkim"": ""fail"", ""dmarc"": ""none"", ""relay_hops"": 3}",1
Newsletter: Latest updates from Dhl — read more at https://www.walmart.com/track/61505,"[""https://www.walmart.com/track/61505""]","{""from"": ""noreply@stripe.com"", ""subject"": ""Dhl notification"", ""timestamp"": ""2025-10-20 21:23:00"", ""received_spf"": ""pass"", ""dkim"": ""pass"", ""dmarc"": ""pass"", ""relay_hops"": 0}",0
Your paypal monthly statement is ready. View it at https://www.walmart.com/track/85016,"[""https://www.walmart.com/track/85016""]","{""from"": ""noreply@dhl.com"", ""subject"": ""Paypal notification"", ""timestamp"": ""2025-11-07 06:36:00"", ""received_spf"": ""pass"", ""dkim"": ""pass"", ""dmarc"": ""pass"", ""relay_hops"": 2}",0
Security Alert: Unusual login activity detected. Confirm your identity: http://apple-secure.cf/login/30318,"[""http://apple-secure.cf/login/30318""]","{""from"": ""security@stripe-alert.xyz"", ""subject"": ""URGENT: Fedex notice"", ""timestamp"": ""2025-04-25 13:32:00"", ""received_spf"": ""neutral"", ""dkim"": ""none"", ""dmarc"": ""fail"", ""relay_hops"": 4}",1
Newsletter: Latest updates from Walmart — read more at https://www.paypal.in/track/79868,"[""https://www.paypal.in/track/79868""]","{""from"": ""noreply@stripe.com"", ""subject"": ""Walmart notification"", ""timestamp"": ""2025-08-21 20:44:00"", ""received_spf"": ""pass"", ""dkim"": ""pass"", ""dmarc"": ""pass"", ""relay_hops"": 3}",0
Reminder: Your appointment with Fedex is scheduled at 02:00 PM.,"[""https://www.bankofamerica.net/track/88781""]","{""from"": ""noreply@google.com"", ""subject"": ""Fedex notification"", ""timestamp"": ""2025-01-13 11:40:00"", ""received_spf"": ""pass"", ""dkim"": ""pass"", ""dmarc"": ""pass"", ""relay_hops"": 2}",0
Newsletter: Latest updates from Fedex — read more at https://www.dhl.net/track/45226,"[""https://www.dhl.net/track/45226""]","{""from"": ""noreply@bankofamerica.com"", ""subject"": ""Fedex notification"", ""timestamp"": ""2025-01-28 13:28:00"", ""received_spf"": ""pass"", ""dkim"": ""pass"", ""dmarc"": ""pass"", ""relay_hops"": 0}",0
Your walmart monthly statement is ready. View it at https://www.stripe.com/track/94721,"[""https://www.stripe.com/track/94721""]","{""from"": ""noreply@google.com"", ""subject"": ""Walmart notification"", ""timestamp"": ""2025-02-19 04:48:00"", ""received_spf"": ""pass"", ""dkim"": ""pass"", ""dmarc"": ""pass"", ""relay_hops"": 2}",0
Delivery notification: Your package is out for delivery. Track: https://www.apple.in/track/21131,"[""https://www.apple.in/track/21131""]","{""from"": ""noreply@fedex.com"", ""subject"": ""Netflix notification"", ""timestamp"": ""2025-11-30 08:06:00"", ""received_spf"": ""pass"", ""dkim"": ""pass"", ""dmarc"": ""pass"", ""relay_hops"": 0}",0
Congratulations! You won a prize. Claim at http://ow.ly/47523,"[""http://ow.ly/47523""]","{""from"": ""security@dhl-alert.tk"", ""subject"": ""URGENT: Dhl notice"", ""timestamp"": ""2025-08-03 00:42:00"", ""received_spf"": ""softfail"", ""dkim"": """", ""dmarc"": ""none"", ""relay_hops"": 4}",1
Payment received: Thank you for your payment to Bankofamerica.,"[""https://www.google.net/track/69257""]","{""from"": ""noreply@bankofamerica.com"", ""subject"": ""Bankofamerica notification"", ""timestamp"": ""2025-11-03 21:23:00"", ""received_spf"": ""pass"", ""dkim"": ""pass"", ""dmarc"": ""pass"", ""relay_hops"": 0}",0
Reminder: Your appointment with Microsoft is scheduled at 11:00 AM.,"[""https://www.stripe.org/track/77047""]","{""from"": ""noreply@fedex.com"", ""subject"": ""Microsoft notification"", ""timestamp"": ""2025-04-09 00:05:00"", ""received_spf"": ""pass"", ""dkim"": ""pass"", ""dmarc"": ""pass"", ""relay_hops"": 2}",0
You are eligible for a tax refund. Provide your details here: http://google-secure.cf/login/65062,"[""http://google-secure.cf/login/65062""]","{""from"": ""security@fedex-alert.ml"", ""subject"": ""URGENT: Stripe notice"", ""timestamp"": ""2025-07-20 21:22:00"", ""received_spf"": ""softfail"", ""dkim"": ""none"", ""dmarc"": ""fail"", ""relay_hops"": 8}",1
Newsletter: Latest updates from Walmart — read more at https://www.stripe.in/track/84284,"[""https://www.stripe.in/track/84284""]","{""from"": ""noreply@dhl.com"", ""subject"": ""Walmart notification"", ""timestamp"": ""2025-11-18 01:47:00"", ""received_spf"": ""pass"", ""dkim"": ""pass"", ""dmarc"": ""pass"", ""relay_hops"": 1}",0
Your dhl monthly statement is ready. View it at https://www.paypal.co/track/19105,"[""https://www.paypal.co/track/19105""]","{""from"": ""noreply@microsoft.com"", ""subject"": ""Dhl notification"", ""timestamp"": ""2025-05-19 23:39:00"", ""received_spf"": ""pass"", ""dkim"": ""pass"", ""dmarc"": ""pass"", ""relay_hops"": 0}",0
Newsletter: Latest updates from Google — read more at https://www.google.in/track/70928,"[""https://www.google.in/track/70928""]","{""from"": ""noreply@microsoft.com"", ""subject"": ""Google notification"", ""timestamp"": ""2025-03-12 13:32:00"", ""received_spf"": ""pass"", ""dkim"": ""pass"", ""dmarc"": ""pass"", ""relay_hops"": 3}",0
Delivery notification: Your package is out for delivery. Track: https://www.amazon.com/track/53891,"[""https://www.amazon.com/track/53891""]","{""from"": ""noreply@netflix.com"", ""subject"": ""Netflix notification"", ""timestamp"": ""2025-05-04 10:58:00"", ""received_spf"": ""pass"", ""dkim"": ""pass"", ""dmarc"": ""pass"", ""relay_hops"": 0}",0
Newsletter: Latest updates from Bankofamerica — read more at https://www.netflix.com/track/47084,"[""https://www.netflix.com/track/47084""]","{""from"": ""noreply@stripe.com"", ""subject"": ""Bankofamerica notification"", ""timestamp"": ""2025-05-09 02:43:00"", ""received_spf"": ""pass"", ""dkim"": ""pass"", ""dmarc"": ""pass"", ""relay_hops"": 1}",0
Newsletter: Latest updates from Walmart — read more at https://www.dhl.net/track/59459,"[""https://www.dhl.net/track/59459""]","{""from"": ""noreply@paypal.com"", ""subject"": ""Walmart notification"", ""timestamp"": ""2025-12-14 05:52:00"", ""received_spf"": ""pass"", ""dkim"": ""pass"", ""dmarc"": ""pass"", ""relay_hops"": 2}",0
Payment received: Thank you for your payment to Google.,"[""https://www.netflix.in/track/98026""]","{""from"": ""noreply@stripe.com"", ""subject"": ""Google notification"", ""timestamp"": ""2025-10-19 09:17:00"", ""received_spf"": ""pass"", ""dkim"": ""pass"", ""dmarc"": ""pass"", ""relay_hops"": 3}",0
Your payment could not be processed. Click http://stripe-secure.tk/login/29812 to update your billing info.,"[""http://stripe-secure.tk/login/29812""]","{""from"": ""security@dhl-alert.cf"", ""subject"": ""URGENT: Stripe notice"", ""timestamp"": ""2025-04-12 12:12:00"", ""received_spf"": ""none"", ""dkim"": ""fail"", ""dmarc"": ""none"", ""relay_hops"": 5}",1
Congratulations! You won a prize. Claim at http://fedex-secure.tk/login/16821,"[""http://fedex-secure.tk/login/16821""]","{""from"": ""security@paypal-alert.ml"", ""subject"": ""URGENT: Microsoft notice"", ""timestamp"": ""2025-08-01 10:10:00"", ""received_spf"": ""softfail"", ""dkim"": ""none"", ""dmarc"": ""none"", ""relay_hops"": 5}",1
Newsletter: Latest updates from Bankofamerica — read more at https://www.fedex.net/track/7363,"[""https://www.fedex.net/track/7363""]","{""from"": ""noreply@walmart.com"", ""subject"": ""Bankofamerica notification"", ""timestamp"": ""2025-09-06 18:15:00"", ""received_spf"": ""pass"", ""dkim"": ""pass"", ""dmarc"": ""pass"", ""relay_hops"": 3}",0
Your google monthly statement is ready. View it at https://www.stripe.in/track/94137,"[""https://www.stripe.in/track/94137""]","{""from"": ""noreply@paypal.com"", ""subject"": ""Google notification"", ""timestamp"": ""2025-05-13 20:49:00"", ""received_spf"": ""pass"", ""dkim"": ""pass"", ""dmarc"": ""pass"", ""relay_hops"": 1}",0
Delivery notification: Your package is out for delivery. Track: https://www.paypal.org/track/47551,"[""https://www.paypal.org/track/47551""]","{""from"": ""noreply@apple.com"", ""subject"": ""Dhl notification"", ""timestamp"": ""2025-12-21 21:20:00"", ""received_spf"": ""pass"", ""dkim"": ""pass"", ""dmarc"": ""pass"", ""relay_hops"": 0}",0
URGENT: Your walmart account has been suspended. Verify immediately: http://paypal-secure.tk/login/11008,"[""http://paypal-secure.tk/login/11008""]","{""from"": ""security@bankofamerica-alert.cf"", ""subject"": ""URGENT: Walmart notice"", ""timestamp"": ""2025-12-23 19:26:00"", ""received_spf"": ""softfail"", ""dkim"": ""fail"", ""dmarc"": """", ""relay_hops"": 9}",1
Delivery notification: Your package is out for delivery. Track: https://www.netflix.org/track/91716,"[""https://www.netflix.org/track/91716""]","{""from"": ""noreply@netflix.com"", ""subject"": ""Dhl notification"", ""timestamp"": ""2025-05-16 17:06:00"", ""received_spf"": ""pass"", ""dkim"": ""pass"", ""dmarc"": ""pass"", ""relay_hops"": 0}",0
Congratulations! You won a prize. Claim at http://microsoft-secure.ga/login/73868,"[""http://microsoft-secure.ga/login/73868""]","{""from"": ""security@microsoft-alert.tk"", ""subject"": ""URGENT: Walmart notice"", ""timestamp"": ""2025-01-05 05:33:00"", ""received_spf"": ""softfail"", ""dkim"": """", ""dmarc"": ""fail"", ""relay_hops"": 2}",1
Payment received: Thank you for your payment to Fedex.,"[""https://www.netflix.in/track/31563""]","{""from"": ""noreply@bankofamerica.com"", ""subject"": ""Fedex notification"", ""timestamp"": ""2025-05-27 11:16:00"", ""received_spf"": ""pass"", ""dkim"": ""pass"", ""dmarc"": ""pass"", ""relay_hops"": 2}",0
Delivery notification: Your package is out for delivery. Track: https://www.stripe.org/track/39375,"[""https://www.stripe.org/track/39375""]","{""from"": ""noreply@bankofamerica.com"", ""subject"": ""Dhl notification"", ""timestamp"": ""2025-11-14 13:01:00"", ""received_spf"": ""pass"", ""dkim"": ""pass"", ""dmarc"": ""pass"", ""relay_hops"": 2}",0
Newsletter: Latest updates from Paypal — read more at https://www.amazon.org/track/92259,"[""https://www.amazon.org/track/92259""]","{""from"": ""noreply@paypal.com"", ""subject"": ""Paypal notification"", ""timestamp"": ""2025-06-28 02:41:00"", ""received_spf"": ""pass"", ""dkim"": ""pass"", ""dmarc"": ""pass"", ""relay_hops"": 0}",0
Congratulations! You won a prize. Claim at http://dhl-secure.ga/login/99084,"[""http://dhl-secure.ga/login/99084""]","{""from"": ""security@amazon-alert.tk"", ""subject"": ""URGENT: Netflix notice"", ""timestamp"": ""2025-01-15 09:17:00"", ""received_spf"": ""fail"", ""dkim"": """", ""dmarc"": ""fail"", ""relay_hops"": 3}",1
Payment received: Thank you for your payment to Bankofamerica.,"[""https://www.fedex.com/track/77203""]","{""from"": ""noreply@apple.com"", ""subject"": ""Bankofamerica notification"", ""timestamp"": ""2025-12-17 12:03:00"", ""received_spf"": ""pass"", ""dkim"": ""pass"", ""dmarc"": ""pass"", ""relay_hops"": 3}",0
URGENT: Your apple account has been suspended. Verify immediately: http://stripe-secure.cf/login/39922,"[""http://stripe-secure.cf/login/39922""]","{""from"": ""security@bankofamerica-alert.ml"", ""subject"": ""URGENT: Apple notice"", ""timestamp"": ""2025-12-09 14:32:00"", ""received_spf"": ""fail"", ""dkim"": """", ""dmarc"": ""fail"", ""relay_hops"": 3}",1
URGENT: Your walmart account has been suspended. Verify immediately: http://netflix-secure.cf/login/99457,"[""http://netflix-secure.cf/login/99457""]","{""from"": ""security@netflix-alert.xyz"", ""subject"": ""URGENT: Walmart notice"", ""timestamp"": ""2025-10-25 03:14:00"", ""received_spf"": ""softfail"", ""dkim"": ""none"", ""dmarc"": ""fail"", ""relay_hops"": 2}",1
Your payment could not be processed. Click http://paypal-secure.tk/login/32232 to update your billing info.,"[""http://paypal-secure.tk/login/32232""]","{""from"": ""security@microsoft-alert.ml"", ""subject"": ""URGENT: Fedex notice"", ""timestamp"": ""2025-01-27 15:22:00"", ""received_spf"": ""neutral"", ""dkim"": ""none"", ""dmarc"": ""none"", ""relay_hops"": 6}",1
URGENT: Your walmart account has been suspended. Verify immediately: http://microsoft-secure.ga/login/48369,"[""http://microsoft-secure.ga/login/48369""]","{""from"": ""security@stripe-alert.ml"", ""subject"": ""URGENT: Walmart notice"", ""timestamp"": ""2025-04-28 09:57:00"", ""received_spf"": ""softfail"", ""dkim"": ""none"", ""dmarc"": ""fail"", ""relay_hops"": 8}",1
Payment received: Thank you for your payment to Bankofamerica.,"[""https://www.paypal.com/track/77211""]","{""from"": ""noreply@google.com"", ""subject"": ""Bankofamerica notification"", ""timestamp"": ""2025-08-11 02:08:00"", ""received_spf"": ""pass"", ""dkim"": ""pass"", ""dmarc"": ""pass"", ""relay_hops"": 1}",0
Security Alert: Unusual login activity detected. Confirm your identity: http://microsoft-secure.gq/login/40996,"[""http://microsoft-secure.gq/login/40996""]","{""from"": ""security@apple-alert.tk"", ""subject"": ""URGENT: Paypal notice"", ""timestamp"": ""2025-04-29 07:16:00"", ""received_spf"": ""softfail"", ""dkim"": """", ""dmarc"": ""fail"", ""relay_hops"": 10}",1
Security Alert: Unusual login activity detected. Confirm your identity: http://bankofamerica-secure.xyz/login/3787,"[""http://bankofamerica-secure.xyz/login/3787""]","{""from"": ""security@google-alert.ml"", ""subject"": ""URGENT: Netflix notice"", ""timestamp"": ""2025-09-11 01:21:00"", ""received_spf"": ""neutral"", ""dkim"": """", ""dmarc"": ""fail"", ""relay_hops"": 8}",1
Reminder: Your appointment with Amazon is scheduled at 01:00 PM.,"[""https://www.stripe.org/track/47360""]","{""from"": ""noreply@apple.com"", ""subject"": ""Amazon notification"", ""timestamp"": ""2025-08-28 01:49:00"", ""received_spf"": ""pass"", ""dkim"": ""pass"", ""dmarc"": ""pass"", ""relay_hops"": 1}",0
Newsletter: Latest updates from Netflix — read more at https://www.netflix.in/track/72455,"[""https://www.netflix.in/track/72455""]","{""from"": ""noreply@netflix.com"", ""subject"": ""Netflix notification"", ""timestamp"": ""2025-08-20 03:45:00"", ""received_spf"": ""pass"", ""dkim"": ""pass"", ""dmarc"": ""pass"", ""relay_hops"": 2}",0
Reminder: Your appointment with Dhl is scheduled at 06:00 PM.,"[""https://www.fedex.co/track/46114""]","{""from"": ""noreply@walmart.com"", ""subject"": ""Dhl notification"", ""timestamp"": ""2025-10-28 16:26:00"", ""received_spf"": ""pass"", ""dkim"": ""pass"", ""dmarc"": ""pass"", ""relay_hops"": 0}",0
Payment received: Thank you for your payment to Google.,"[""https://www.netflix.net/track/48352""]","{""from"": ""noreply@paypal.com"", ""subject"": ""Google notification"", ""timestamp"": ""2025-05-19 16:24:00"", ""received_spf"": ""pass"", ""dkim"": ""pass"", ""dmarc"": ""pass"", ""relay_hops"": 3}",0
Delivery notification: Your package is out for delivery. Track: https://www.stripe.net/track/44750,"[""https://www.stripe.net/track/44750""]","{""from"": ""noreply@google.com"", ""subject"": ""Netflix notification"", ""timestamp"": ""2025-11-19 12:54:00"", ""received_spf"": ""pass"", ""dkim"": ""pass"", ""dmarc"": ""pass"", ""relay_hops"": 2}",0
Newsletter: Latest updates from Fedex — read more at https://www.apple.org/track/95642,"[""https://www.apple.org/track/95642""]","{""from"": ""noreply@netflix.com"", ""subject"": ""Fedex notification"", ""timestamp"": ""2025-12-13 08:28:00"", ""received_spf"": ""pass"", ""dkim"": ""pass"", ""dmarc"": ""pass"", ""relay_hops"": 1}",0
Congratulations! You won a prize. Claim at http://t.co/43621,"[""http://t.co/43621""]","{""from"": ""security@walmart-alert.xyz"", ""subject"": ""URGENT: Paypal notice"", ""timestamp"": ""2025-07-31 15:47:00"", ""received_spf"": ""neutral"", ""dkim"": ""fail"", ""dmarc"": """", ""relay_hops"": 9}",1
Congratulations! You won a prize. Claim at http://netflix-secure.tk/login/16901,"[""http://netflix-secure.tk/login/16901""]","{""from"": ""security@walmart-alert.cf"", ""subject"": ""URGENT: Google notice"", ""timestamp"": ""2025-07-29 20:35:00"", ""received_spf"": ""softfail"", ""dkim"": ""fail"", ""dmarc"": ""none"", ""relay_hops"": 8}",1
Delivery notification: Your package is out for delivery. Track: https://www.microsoft.org/track/33121,"[""https://www.microsoft.org/track/33121""]","{""from"": ""noreply@fedex.com"", ""subject"": ""Paypal notification"", ""timestamp"": ""2025-03-22 15:29:00"", ""received_spf"": ""pass"", ""dkim"": ""pass"", ""dmarc"": ""pass"", ""relay_hops"": 3}",0
Payment received: Thank you for your payment to Dhl.,"[""https://www.stripe.com/track/69990""]","{""from"": ""noreply@amazon.com"", ""subject"": ""Dhl notification"", ""timestamp"": ""2025-07-04 04:07:00"", ""received_spf"": ""pass"", ""dkim"": ""pass"", ""dmarc"": ""pass"", ""relay_hops"": 3}",0
Payment received: Thank you for your payment to Stripe.,"[""https://www.bankofamerica.org/track/40649""]","{""from"": ""noreply@google.com"", ""subject"": ""Stripe notification"", ""timestamp"": ""2025-02-26 06:05:00"", ""received_spf"": ""pass"", ""dkim"": ""pass"", ""dmarc"": ""pass"", ""relay_hops"": 2}",0
Reminder: Your appointment with Google is scheduled at 08:00 AM.,"[""https://www.microsoft.org/track/9027""]","{""from"": ""noreply@fedex.com"", ""subject"": ""Google notification"", ""timestamp"": ""2025-01-27 12:18:00"", ""received_spf"": ""pass"", ""dkim"": ""pass"", ""dmarc"": ""pass"", ""relay_hops"": 3}",0
URGENT: Your walmart account has been suspended. Verify immediately: http://stripe-secure.ml/login/18031,"[""http://stripe-secure.ml/login/18031""]","{""from"": ""security@google-alert.ml"", ""subject"": ""URGENT: Walmart notice"", ""timestamp"": ""2025-08-13 15:04:00"", ""received_spf"": ""fail"", ""dkim"": """", ""dmarc"": """", ""relay_hops"": 5}",1
Delivery notification: Your package is out for delivery. Track: https://www.apple.org/track/73703,"[""https://www.apple.org/track/73703""]","{""from"": ""noreply@apple.com"", ""subject"": ""Bankofamerica notification"", ""timestamp"": ""2025-12-25 23:03:00"", ""received_spf"": ""pass"", ""dkim"": ""pass"", ""dmarc"": ""pass"", ""relay_hops"": 1}",0
Reminder: Your appointment with Fedex is scheduled at 09:00 AM.,"[""https://www.walmart.com/track/46601""]","{""from"": ""noreply@amazon.com"", ""subject"": ""Fedex notification"", ""timestamp"": ""2025-05-31 18:03:00"", ""received_spf"": ""pass"", ""dkim"": ""pass"", ""dmarc"": ""pass"", ""relay_hops"": 3}",0
Your payment could not be processed. Click http://apple-secure.cf/login/25510 to update your billing info.,"[""http://apple-secure.cf/login/25510""]","{""from"": ""security@dhl-alert.cf"", ""subject"": ""URGENT: Apple notice"", ""timestamp"": ""2025-08-01 21:31:00"", ""received_spf"": ""neutral"", ""dkim"": """", ""dmarc"": ""none"", ""relay_hops"": 2}",1
Congratulations! You won a prize. Claim at http://walmart-secure.ml/login/64789,"[""http://walmart-secure.ml/login/64789""]","{""from"": ""security@netflix-alert.ml"", ""subject"": ""URGENT: Apple notice"", ""timestamp"": ""2025-07-17 01:08:00"", ""received_spf"": ""fail"", ""dkim"": ""fail"", ""dmarc"": ""fail"", ""relay_hops"": 9}",1
You are eligible for a tax refund. Provide your details here: http://amazon-secure.ml/login/40886,"[""http://amazon-secure.ml/login/40886""]","{""from"": ""security@fedex-alert.gq"", ""subject"": ""URGENT: Stripe notice"", ""timestamp"": ""2025-12-25 03:38:00"", ""received_spf"": ""none"", ""dkim"": """", ""dmarc"": ""fail"", ""relay_hops"": 8}",1
Security Alert: Unusual login activity detected. Confirm your identity: http://walmart-secure.tk/login/54510,"[""http://walmart-secure.tk/login/54510""]","{""from"": ""security@netflix-alert.ga"", ""subject"": ""URGENT: Netflix notice"", ""timestamp"": ""2025-08-02 23:22:00"", ""received_spf"": ""fail"", ""dkim"": ""fail"", ""dmarc"": """", ""relay_hops"": 6}",1
You are eligible for a tax refund. Provide your details here: http://apple-secure.xyz/login/22453,"[""http://apple-secure.xyz/login/22453""]","{""from"": ""security@bankofamerica-alert.ga"", ""subject"": ""URGENT: Google notice"", ""timestamp"": ""2025-10-23 06:08:00"", ""received_spf"": ""fail"", ""dkim"": ""fail"", ""dmarc"": ""none"", ""relay_hops"": 5}",1
Your payment could not be processed. Click http://stripe-secure.gq/login/32600 to update your billing info.,"[""http://stripe-secure.gq/login/32600""]","{""from"": ""security@amazon-alert.ml"", ""subject"": ""URGENT: Microsoft notice"", ""timestamp"": ""2025-05-12 02:43:00"", ""received_spf"": ""neutral"", ""dkim"": """", ""dmarc"": ""none"", ""relay_hops"": 10}",1
Reminder: Your appointment with Stripe is scheduled at 11:00 AM.,"[""https://www.stripe.in/track/1421""]","{""from"": ""noreply@microsoft.com"", ""subject"": ""Stripe notification"", ""timestamp"": ""2025-05-06 12:15:00"", ""received_spf"": ""pass"", ""dkim"": ""pass"", ""dmarc"": ""pass"", ""relay_hops"": 0}",0
URGENT: Your amazon account has been suspended. Verify immediately: http://ow.ly/17692,"[""http://ow.ly/17692""]","{""from"": ""security@apple-alert.xyz"", ""subject"": ""URGENT: Amazon notice"", ""timestamp"": ""2025-09-28 22:26:00"", ""received_spf"": ""neutral"", ""dkim"": """", ""dmarc"": ""fail"", ""relay_hops"": 10}",1
Reminder: Your appointment with Microsoft is scheduled at 11:00 AM.,"[""https://www.fedex.co/track/72303""]","{""from"": ""noreply@stripe.com"", ""subject"": ""Microsoft notification"", ""timestamp"": ""2025-07-29 04:50:00"", ""received_spf"": ""pass"", ""dkim"": ""pass"", ""dmarc"": ""pass"", ""relay_hops"": 3}",0
Delivery notification: Your package is out for delivery. Track: https://www.dhl.com/track/46099,"[""https://www.dhl.com/track/46099""]","{""from"": ""noreply@google.com"", ""subject"": ""Fedex notification"", ""timestamp"": ""2025-09-19 20:41:00"", ""received_spf"": ""pass"", ""dkim"": ""pass"", ""dmarc"": ""pass"", ""relay_hops"": 0}",0
Newsletter: Latest updates from Bankofamerica — read more at https://www.walmart.in/track/16071,"[""https://www.walmart.in/track/16071""]","{""from"": ""noreply@stripe.com"", ""subject"": ""Bankofamerica notification"", ""timestamp"": ""2025-03-29 20:18:00"", ""received_spf"": ""pass"", ""dkim"": ""pass"", ""dmarc"": ""pass"", ""relay_hops"": 1}",0
Reminder: Your appointment with Dhl is scheduled at 03:00 PM.,"[""https://www.paypal.net/track/33851""]","{""from"": ""noreply@google.com"", ""subject"": ""Dhl notification"", ""timestamp"": ""2025-05-21 06:24:00"", ""received_spf"": ""pass"", ""dkim"": ""pass"", ""dmarc"": ""pass"", ""relay_hops"": 1}",0
URGENT: Your google account has been suspended. Verify immediately: http://goo.gl/80435,"[""http://goo.gl/80435""]","{""from"": ""security@stripe-alert.cf"", ""subject"": ""URGENT: Google notice"", ""timestamp"": ""2025-02-09 05:44:00"", ""received_spf"": ""softfail"", ""dkim"": """", ""dmarc"": ""none"", ""relay_hops"": 3}",1
Delivery notification: Your package is out for delivery. Track: https://www.stripe.net/track/34159,"[""https://www.stripe.net/track/34159""]","{""from"": ""noreply@amazon.com"", ""subject"": ""Fedex notification"", ""timestamp"": ""2025-10-25 04:43:00"", ""received_spf"": ""pass"", ""dkim"": ""pass"", ""dmarc"": ""pass"", ""relay_hops"": 2}",0
Payment received: Thank you for your payment to Dhl.,"[""https://www.walmart.in/track/77117""]","{""from"": ""noreply@walmart.com"", ""subject"": ""Dhl notification"", ""timestamp"": ""2025-01-04 17:58:00"", ""received_spf"": ""pass"", ""dkim"": ""pass"", ""dmarc"": ""pass"", ""relay_hops"": 2}",0
Reminder: Your appointment with Walmart is scheduled at 05:00 PM.,"[""https://www.walmart.co/track/33642""]","{""from"": ""noreply@stripe.com"", ""subject"": ""Walmart notification"", ""timestamp"": ""2025-11-18 11:44:00"", ""received_spf"": ""pass"", ""dkim"": ""pass"", ""dmarc"": ""pass"", ""relay_hops"": 1}",0
Your paypal monthly statement is ready. View it at https://www.dhl.org/track/99287,"[""https://www.dhl.org/track/99287""]","{""from"": ""noreply@walmart.com"", ""subject"": ""Paypal notification"", ""timestamp"": ""2025-01-03 06:32:00"", ""received_spf"": ""pass"", ""dkim"": ""pass"", ""dmarc"": ""pass"", ""relay_hops"": 1}",0
Delivery notification: Your package is out for delivery. Track: https://www.netflix.org/track/74347,"[""https://www.netflix.org/track/74347""]","{""from"": ""noreply@bankofamerica.com"", ""subject"": ""Paypal notification"", ""timestamp"": ""2025-04-18 19:45:00"", ""received_spf"": ""pass"", ""dkim"": ""pass"", ""dmarc"": ""pass"", ""relay_hops"": 0}",0
Payment received: Thank you for your payment to Apple.,"[""https://www.bankofamerica.org/track/7503""]","{""from"": ""noreply@bankofamerica.com"", ""subject"": ""Apple notification"", ""timestamp"": ""2025-02-04 06:02:00"", ""received_spf"": ""pass"", ""dkim"": ""pass"", ""dmarc"": ""pass"", ""relay_hops"": 1}",0
Reminder: Your appointment with Apple is scheduled at 11:00 AM.,"[""https://www.microsoft.co/track/23003""]","{""from"": ""noreply@stripe.com"", ""subject"": ""Apple notification"", ""timestamp"": ""2025-02-28 02:09:00"", ""received_spf"": ""pass"", ""dkim"": ""pass"", ""dmarc"": ""pass"", ""relay_hops"": 2}",0
You are eligible for a tax refund. Provide your details here: http://amazon-secure.cf/login/92327,"[""http://amazon-secure.cf/login/92327""]","{""from"": ""security@netflix-alert.xyz"", ""subject"": ""URGENT: Apple notice"", ""timestamp"": ""2025-11-03 01:44:00"", ""received_spf"": ""neutral"", ""dkim"": """", ""dmarc"": ""fail"", ""relay_hops"": 6}",1
Your dhl monthly statement is ready. View it at https://www.walmart.co/track/73688,"[""https://www.walmart.co/track/73688""]","{""from"": ""noreply@fedex.com"", ""subject"": ""Dhl notification"", ""timestamp"": ""2025-04-28 21:19:00"", ""received_spf"": ""pass"", ""dkim"": ""pass"", ""dmarc"": ""pass"", ""relay_hops"": 0}",0
Your fedex monthly statement is ready. View it at https://www.amazon.net/track/74195,"[""https://www.amazon.net/track/74195""]","{""from"": ""noreply@netflix.com"", ""subject"": ""Fedex notification"", ""timestamp"": ""2025-11-10 01:46:00"", ""received_spf"": ""pass"", ""dkim"": ""pass"", ""dmarc"": ""pass"", ""relay_hops"": 0}",0
Newsletter: Latest updates from Microsoft — read more at https://www.walmart.in/track/17700,"[""https://www.walmart.in/track/17700""]","{""from"": ""noreply@stripe.com"", ""subject"": ""Microsoft notification"", ""timestamp"": ""2025-01-17 16:25:00"", ""received_spf"": ""pass"", ""dkim"": ""pass"", ""dmarc"": ""pass"", ""relay_hops"": 2}",0
Payment received: Thank you for your payment to Microsoft.,"[""https://www.fedex.org/track/99515""]","{""from"": ""noreply@fedex.com"", ""subject"": ""Microsoft notification"", ""timestamp"": ""2025-08-13 09:26:00"", ""received_spf"": ""pass"", ""dkim"": ""pass"", ""dmarc"": ""pass"", ""relay_hops"": 2}",0
URGENT: Your microsoft account has been suspended. Verify immediately: http://dhl-secure.tk/login/83741,"[""http://dhl-secure.tk/login/83741""]","{""from"": ""security@amazon-alert.gq"", ""subject"": ""URGENT: Microsoft notice"", ""timestamp"": ""2025-10-19 10:00:00"", ""received_spf"": ""neutral"", ""dkim"": ""fail"", ""dmarc"": """", ""relay_hops"": 5}",1
Security Alert: Unusual login activity detected. Confirm your identity: http://google-secure.cf/login/82965,"[""http://google-secure.cf/login/82965""]","{""from"": ""security@microsoft-alert.gq"", ""subject"": ""URGENT: Bankofamerica notice"", ""timestamp"": ""2025-04-09 17:48:00"", ""received_spf"": ""none"", ""dkim"": """", ""dmarc"": ""none"", ""relay_hops"": 6}",1
Security Alert: Unusual login activity detected. Confirm your identity: http://netflix-secure.tk/login/80612,"[""http://netflix-secure.tk/login/80612""]","{""from"": ""security@netflix-alert.ml"", ""subject"": ""URGENT: Fedex notice"", ""timestamp"": ""2025-06-14 12:30:00"", ""received_spf"": ""none"", ""dkim"": """", ""dmarc"": ""none"", ""relay_hops"": 2}",1
URGENT: Your paypal account has been suspended. Verify immediately: http://walmart-secure.ml/login/11140,"[""http://walmart-secure.ml/login/11140""]","{""from"": ""security@dhl-alert.gq"", ""subject"": ""URGENT: Paypal notice"", ""timestamp"": ""2025-04-29 22:33:00"", ""received_spf"": ""none"", ""dkim"": ""none"", ""dmarc"": ""none"", ""relay_hops"": 9}",1
Delivery notification: Your package is out for delivery. Track: https://www.fedex.in/track/45950,"[""https://www.fedex.in/track/45950""]","{""from"": ""noreply@paypal.com"", ""subject"": ""Walmart notification"", ""timestamp"": ""2025-02-10 13:22:00"", ""received_spf"": ""pass"", ""dkim"": ""pass"", ""dmarc"": ""pass"", ""relay_hops"": 2}",0
Newsletter: Latest updates from Bankofamerica — read more at https://www.google.org/track/50431,"[""https://www.google.org/track/50431""]","{""from"": ""noreply@amazon.com"", ""subject"": ""Bankofamerica notification"", ""timestamp"": ""2025-11-03 17:36:00"", ""received_spf"": ""pass"", ""dkim"": ""pass"", ""dmarc"": ""pass"", ""relay_hops"": 2}",0
Delivery notification: Your package is out for delivery. Track: https://www.walmart.in/track/42193,"[""https://www.walmart.in/track/42193""]","{""from"": ""noreply@microsoft.com"", ""subject"": ""Walmart notification"", ""timestamp"": ""2025-10-25 11:49:00"", ""received_spf"": ""pass"", ""dkim"": ""pass"", ""dmarc"": ""pass"", ""relay_hops"": 2}",0
You are eligible for a tax refund. Provide your details here: http://netflix-secure.cf/login/53912,"[""http://netflix-secure.cf/login/53912""]","{""from"": ""security@paypal-alert.ml"", ""subject"": ""URGENT: Microsoft notice"", ""timestamp"": ""2025-11-18 23:39:00"", ""received_spf"": ""fail"", ""dkim"": ""none"", ""dmarc"": ""none"", ""relay_hops"": 10}",1
Payment received: Thank you for your payment to Stripe.,"[""https://www.fedex.org/track/58612""]","{""from"": ""noreply@apple.com"", ""subject"": ""Stripe notification"", ""timestamp"": ""2025-06-22 16:26:00"", ""received_spf"": ""pass"", ""dkim"": ""pass"", ""dmarc"": ""pass"", ""relay_hops"": 0}",0
Reminder: Your appointment with Microsoft is scheduled at 05:00 PM.,"[""https://www.fedex.com/track/97391""]","{""from"": ""noreply@apple.com"", ""subject"": ""Microsoft notification"", ""timestamp"": ""2025-10-16 20:21:00"", ""received_spf"": ""pass"", ""dkim"": ""pass"", ""dmarc"": ""pass"", ""relay_hops"": 0}",0
Your dhl monthly statement is ready. View it at https://www.dhl.org/track/72616,"[""https://www.dhl.org/track/72616""]","{""from"": ""noreply@dhl.com"", ""subject"": ""Dhl notification"", ""timestamp"": ""2025-10-13 21:01:00"", ""received_spf"": ""pass"", ""dkim"": ""pass"", ""dmarc"": ""pass"", ""relay_hops"": 0}",0
Payment received: Thank you for your payment to Amazon.,"[""https://www.fedex.com/track/70676""]","{""from"": ""noreply@google.com"", ""subject"": ""Amazon notification"", ""timestamp"": ""2025-08-24 05:06:00"", ""received_spf"": ""pass"", ""dkim"": ""pass"", ""dmarc"": ""pass"", ""relay_hops"": 3}",0
Congratulations! You won a prize. Claim at http://paypal-secure.xyz/login/83322,"[""http://paypal-secure.xyz/login/83322""]","{""from"": ""security@netflix-alert.ga"", ""subject"": ""URGENT: Paypal notice"", ""timestamp"": ""2025-06-21 23:07:00"", ""received_spf"": ""softfail"", ""dkim"": ""fail"", ""dmarc"": ""none"", ""relay_hops"": 2}",1
Delivery notification: Your package is out for delivery. Track: https://www.stripe.co/track/42803,"[""https://www.stripe.co/track/42803""]","{""from"": ""noreply@amazon.com"", ""subject"": ""Paypal notification"", ""timestamp"": ""2025-02-05 12:47:00"", ""received_spf"": ""pass"", ""dkim"": ""pass"", ""dmarc"": ""pass"", ""relay_hops"": 1}",0
Your google monthly statement is ready. View it at https://www.microsoft.net/track/17031,"[""https://www.microsoft.net/track/17031""]","{""from"": ""noreply@amazon.com"", ""subject"": ""Google notification"", ""timestamp"": ""2025-08-02 20:42:00"", ""received_spf"": ""pass"", ""dkim"": ""pass"", ""dmarc"": ""pass"", ""relay_hops"": 1}",0
Congratulations! You won a prize. Claim at http://fedex-secure.tk/login/35524,"[""http://fedex-secure.tk/login/35524""]","{""from"": ""security@stripe-alert.cf"", ""subject"": ""URGENT: Paypal notice"", ""timestamp"": ""2025-06-14 01:37:00"", ""received_spf"": ""softfail"", ""dkim"": """", ""dmarc"": ""none"", ""relay_hops"": 8}",1
Reminder: Your appointment with Amazon is scheduled at 01:00 PM.,"[""https://www.stripe.net/track/86578""]","{""from"": ""noreply@dhl.com"", ""subject"": ""Amazon notification"", ""timestamp"": ""2025-04-07 00:55:00"", ""received_spf"": ""pass"", ""dkim"": ""pass"", ""dmarc"": ""pass"", ""relay_hops"": 3}",0
Payment received: Thank you for your payment to Google.,"[""https://www.netflix.co/track/51845""]","{""from"": ""noreply@paypal.com"", ""subject"": ""Google notification"", ""timestamp"": ""2025-10-30 11:46:00"", ""received_spf"": ""pass"", ""dkim"": ""pass"", ""dmarc"": ""pass"", ""relay_hops"": 2}",0
Delivery notification: Your package is out for delivery. Track: https://www.microsoft.co/track/26353,"[""https://www.microsoft.co/track/26353""]","{""from"": ""noreply@apple.com"", ""subject"": ""Bankofamerica notification"", ""timestamp"": ""2025-03-27 15:30:00"", ""received_spf"": ""pass"", ""dkim"": ""pass"", ""dmarc"": ""pass"", ""relay_hops"": 1}",0
Congratulations! You won a prize. Claim at http://stripe-secure.ga/login/71649,"[""http://stripe-secure.ga/login/71649""]","{""from"": ""security@apple-alert.cf"", ""subject"": ""URGENT: Google notice"", ""timestamp"": ""2025-03-05 15:31:00"", ""received_spf"": ""fail"", ""dkim"": """", ""dmarc"": ""none"", ""relay_hops"": 2}",1
Congratulations! You won a prize. Claim at http://google-secure.gq/login/39689,"[""http://google-secure.gq/login/39689""]","{""from"": ""security@dhl-alert.ml"", ""subject"": ""URGENT: Paypal notice"", ""timestamp"": ""2025-08-06 14:38:00"", ""received_spf"": ""softfail"", ""dkim"": """", ""dmarc"": """", ""relay_hops"": 6}",1
Newsletter: Latest updates from Microsoft — read more at https://www.fedex.co/track/73167,"[""https://www.fedex.co/track/73167""]","{""from"": ""noreply@google.com"", ""subject"": ""Microsoft notification"", ""timestamp"": ""2025-12-15 13:09:00"", ""received_spf"": ""pass"", ""dkim"": ""pass"", ""dmarc"": ""pass"", ""relay_hops"": 1}",0
URGENT: Your fedex account has been suspended. Verify immediately: http://microsoft-secure.cf/login/64668,"[""http://microsoft-secure.cf/login/64668""]","{""from"": ""security@amazon-alert.gq"", ""subject"": ""URGENT: Fedex notice"", ""timestamp"": ""2025-08-02 16:59:00"", ""received_spf"": ""fail"", ""dkim"": ""fail"", ""dmarc"": ""fail"", ""relay_hops"": 4}",1
Payment received: Thank you for your payment to Walmart.,"[""https://www.stripe.net/track/22935""]","{""from"": ""noreply@apple.com"", ""subject"": ""Walmart notification"", ""timestamp"": ""2025-01-02 17:18:00"", ""received_spf"": ""pass"", ""dkim"": ""pass"", ""dmarc"": ""pass"", ""relay_hops"": 2}",0
Newsletter: Latest updates from Google — read more at https://www.google.org/track/43943,"[""https://www.google.org/track/43943""]","{""from"": ""noreply@netflix.com"", ""subject"": ""Google notification"", ""timestamp"": ""2025-01-07 23:50:00"", ""received_spf"": ""pass"", ""dkim"": ""pass"", ""dmarc"": ""pass"", ""relay_hops"": 3}",0
Delivery notification: Your package is out for delivery. Track: https://www.netflix.org/track/40974,"[""https://www.netflix.org/track/40974""]","{""from"": ""noreply@bankofamerica.com"", ""subject"": ""Paypal notification"", ""timestamp"": ""2025-07-02 02:02:00"", ""received_spf"": ""pass"", ""dkim"": ""pass"", ""dmarc"": ""pass"", ""relay_hops"": 0}",0
Congratulations! You won a prize. Claim at http://ow.ly/54798,"[""http://ow.ly/54798""]","{""from"": ""security@paypal-alert.gq"", ""subject"": ""URGENT: Netflix notice"", ""timestamp"": ""2025-08-20 12:08:00"", ""received_spf"": ""softfail"", ""dkim"": ""fail"", ""dmarc"": """", ""relay_hops"": 6}",1
Newsletter: Latest updates from Walmart — read more at https://www.dhl.com/track/56753,"[""https://www.dhl.com/track/56753""]","{""from"": ""noreply@amazon.com"", ""subject"": ""Walmart notification"", ""timestamp"": ""2025-05-12 16:01:00"", ""received_spf"": ""pass"", ""dkim"": ""pass"", ""dmarc"": ""pass"", ""relay_hops"": 2}",0
Your google monthly statement is ready. View it at https://www.stripe.co/track/99791,"[""https://www.stripe.co/track/99791""]","{""from"": ""noreply@microsoft.com"", ""subject"": ""Google notification"", ""timestamp"": ""2025-12-10 06:01:00"", ""received_spf"": ""pass"", ""dkim"": ""pass"", ""dmarc"": ""pass"", ""relay_hops"": 1}",0
Delivery notification: Your package is out for delivery. Track: https://www.netflix.in/track/22132,"[""https://www.netflix.in/track/22132""]","{""from"": ""noreply@dhl.com"", ""subject"": ""Microsoft notification"", ""timestamp"": ""2025-09-05 10:40:00"", ""received_spf"": ""pass"", ""dkim"": ""pass"", ""dmarc"": ""pass"", ""relay_hops"": 1}",0
Reminder: Your appointment with Fedex is scheduled at 09:00 AM.,"[""https://www.stripe.com/track/63486""]","{""from"": ""noreply@fedex.com"", ""subject"": ""Fedex notification"", ""timestamp"": ""2025-04-12 10:54:00"", ""received_spf"": ""pass"", ""dkim"": ""pass"", ""dmarc"": ""pass"", ""relay_hops"": 3}",0
Reminder: Your appointment with Microsoft is scheduled at 06:00 PM.,"[""https://www.amazon.in/track/13643""]","{""from"": ""noreply@microsoft.com"", ""subject"": ""Microsoft notification"", ""timestamp"": ""2025-10-18 06:11:00"", ""received_spf"": ""pass"", ""dkim"": ""pass"", ""dmarc"": ""pass"", ""relay_hops"": 3}",0
Your fedex monthly statement is ready. View it at https://www.fedex.com/track/31073,"[""https://www.fedex.com/track/31073""]","{""from"": ""noreply@amazon.com"", ""subject"": ""Fedex notification"", ""timestamp"": ""2025-03-19 15:01:00"", ""received_spf"": ""pass"", ""dkim"": ""pass"", ""dmarc"": ""pass"", ""relay_hops"": 3}",0
URGENT: Your dhl account has been suspended. Verify immediately: http://bankofamerica-secure.ml/login/26268,"[""http://bankofamerica-secure.ml/login/26268""]","{""from"": ""security@netflix-alert.ml"", ""subject"": ""URGENT: Dhl notice"", ""timestamp"": ""2025-04-08 15:32:00"", ""received_spf"": ""neutral"", ""dkim"": ""fail"", ""dmarc"": ""none"", ""relay_hops"": 3}",1
Reminder: Your appointment with Microsoft is scheduled at 01:00 PM.,"[""https://www.walmart.org/track/36036""]","{""from"": ""noreply@paypal.com"", ""subject"": ""Microsoft notification"", ""timestamp"": ""2025-05-24 01:55:00"", ""received_spf"": ""pass"", ""dkim"": ""pass"", ""dmarc"": ""pass"", ""relay_hops"": 3}",0
Payment received: Thank you for your payment to Stripe.,"[""https://www.microsoft.com/track/59302""]","{""from"": ""noreply@stripe.com"", ""subject"": ""Stripe notification"", ""timestamp"": ""2025-06-16 03:10:00"", ""received_spf"": ""pass"", ""dkim"": ""pass"", ""dmarc"": ""pass"", ""relay_hops"": 3}",0
Delivery notification: Your package is out for delivery. Track: https://www.paypal.co/track/28610,"[""https://www.paypal.co/track/28610""]","{""from"": ""noreply@stripe.com"", ""subject"": ""Microsoft notification"", ""timestamp"": ""2025-02-22 04:10:00"", ""received_spf"": ""pass"", ""dkim"": ""pass"", ""dmarc"": ""pass"", ""relay_hops"": 0}",0
Your netflix monthly statement is ready. View it at https://www.microsoft.co/track/38876,"[""https://www.microsoft.co/track/38876""]","{""from"": ""noreply@bankofamerica.com"", ""subject"": ""Netflix notification"", ""timestamp"": ""2025-05-17 11:53:00"", ""received_spf"": ""pass"", ""dkim"": ""pass"", ""dmarc"": ""pass"", ""relay_hops"": 3}",0
Security Alert: Unusual login activity detected. Confirm your identity: http://ow.ly/90723,"[""http://ow.ly/90723""]","{""from"": ""security@walmart-alert.ml"", ""subject"": ""URGENT: Stripe notice"", ""timestamp"": ""2025-04-08 11:16:00"", ""received_spf"": ""neutral"", ""dkim"": """", ""dmarc"": """", ""relay_hops"": 10}",1
Reminder: Your appointment with Apple is scheduled at 06:00 PM.,"[""https://www.walmart.org/track/42563""]","{""from"": ""noreply@google.com"", ""subject"": ""Apple notification"", ""timestamp"": ""2025-01-22 21:00:00"", ""received_spf"": ""pass"", ""dkim"": ""pass"", ""dmarc"": ""pass"", ""relay_hops"": 0}",0
Security Alert: Unusual login activity detected. Confirm your identity: http://dhl-secure.gq/login/29122,"[""http://dhl-secure.gq/login/29122""]","{""from"": ""security@paypal-alert.xyz"", ""subject"": ""URGENT: Dhl notice"", ""timestamp"": ""2025-11-08 16:36:00"", ""received_spf"": ""fail"", ""dkim"": """", ""dmarc"": ""fail"", ""relay_hops"": 9}",1
Your payment could not be processed. Click http://fedex-secure.cf/login/14931 to update your billing info.,"[""http://fedex-secure.cf/login/14931""]","{""from"": ""security@fedex-alert.tk"", ""subject"": ""URGENT: Stripe notice"", ""timestamp"": ""2025-10-02 07:53:00"", ""received_spf"": ""neutral"", ""dkim"": ""none"", ""dmarc"": ""none"", ""relay_hops"": 2}",1
Your microsoft monthly statement is ready. View it at https://www.stripe.com/track/77347,"[""https://www.stripe.com/track/77347""]","{""from"": ""noreply@fedex.com"", ""subject"": ""Microsoft notification"", ""timestamp"": ""2025-03-06 11:30:00"", ""received_spf"": ""pass"", ""dkim"": ""pass"", ""dmarc"": ""pass"", ""relay_hops"": 1}",0
Newsletter: Latest updates from Amazon — read more at https://www.amazon.org/track/57841,"[""https://www.amazon.org/track/57841""]","{""from"": ""noreply@fedex.com"", ""subject"": ""Amazon notification"", ""timestamp"": ""2025-10-23 00:53:00"", ""received_spf"": ""pass"", ""dkim"": ""pass"", ""dmarc"": ""pass"", ""relay_hops"": 2}",0
Congratulations! You won a prize. Claim at http://microsoft-secure.ga/login/16245,"[""http://microsoft-secure.ga/login/16245""]","{""from"": ""security@netflix-alert.tk"", ""subject"": ""URGENT: Microsoft notice"", ""timestamp"": ""2025-10-02 10:05:00"", ""received_spf"": ""none"", ""dkim"": ""fail"", ""dmarc"": ""fail"", ""relay_hops"": 9}",1
Your payment could not be processed. Click http://google-secure.tk/login/56736 to update your billing info.,"[""http://google-secure.tk/login/56736""]","{""from"": ""security@apple-alert.ga"", ""subject"": ""URGENT: Bankofamerica notice"", ""timestamp"": ""2025-03-30 07:58:00"", ""received_spf"": ""neutral"", ""dkim"": ""fail"", ""dmarc"": """", ""relay_hops"": 10}",1
Newsletter: Latest updates from Bankofamerica — read more at https://www.microsoft.net/track/79252,"[""https://www.microsoft.net/track/79252""]","{""from"": ""noreply@amazon.com"", ""subject"": ""Bankofamerica notification"", ""timestamp"": ""2025-01-04 12:57:00"", ""received_spf"": ""pass"", ""dkim"": ""pass"", ""dmarc"": ""pass"", ""relay_hops"": 3}",0
Reminder: Your appointment with Bankofamerica is scheduled at 09:00 AM.,"[""https://www.stripe.org/track/36731""]","{""from"": ""noreply@fedex.com"", ""subject"": ""Bankofamerica notification"", ""timestamp"": ""2025-02-11 08:20:00"", ""received_spf"": ""pass"", ""dkim"": ""pass"", ""dmarc"": ""pass"", ""relay_hops"": 0}",0
Your apple monthly statement is ready. View it at https://www.google.co/track/57109,"[""https://www.google.co/track/57109""]","{""from"": ""noreply@bankofamerica.com"", ""subject"": ""Apple notification"", ""timestamp"": ""2025-11-06 06:29:00"", ""received_spf"": ""pass"", ""dkim"": ""pass"", ""dmarc"": ""pass"", ""relay_hops"": 2}",0
Reminder: Your appointment with Paypal is scheduled at 02:00 PM.,"[""https://www.microsoft.co/track/96351""]","{""from"": ""noreply@google.com"", ""subject"": ""Paypal notification"", ""timestamp"": ""2025-09-19 04:53:00"", ""received_spf"": ""pass"", ""dkim"": ""pass"", ""dmarc"": ""pass"", ""relay_hops"": 3}",0
Your google monthly statement is ready. View it at https://www.amazon.com/track/17524,"[""https://www.amazon.com/track/17524""]","{""from"": ""noreply@google.com"", ""subject"": ""Google notification"", ""timestamp"": ""2025-01-04 07:44:00"", ""received_spf"": ""pass"", ""dkim"": ""pass"", ""dmarc"": ""pass"", ""relay_hops"": 3}",0
Reminder: Your appointment with Dhl is scheduled at 04:00 PM.,"[""https://www.bankofamerica.org/track/43020""]","{""from"": ""noreply@walmart.com"", ""subject"": ""Dhl notification"", ""timestamp"": ""2025-04-04 04:40:00"", ""received_spf"": ""pass"", ""dkim"": ""pass"", ""dmarc"": ""pass"", ""relay_hops"": 2}",0
Reminder: Your appointment with Stripe is scheduled at 04:00 PM.,"[""https://www.stripe.com/track/92613""]","{""from"": ""noreply@bankofamerica.com"", ""subject"": ""Stripe notification"", ""timestamp"": ""2025-03-26 07:46:00"", ""received_spf"": ""pass"", ""dkim"": ""pass"", ""dmarc"": ""pass"", ""relay_hops"": 1}",0
Newsletter: Latest updates from Stripe — read more at https://www.paypal.co/track/21923,"[""https://www.paypal.co/track/21923""]","{""from"": ""noreply@fedex.com"", ""subject"": ""Stripe notification"", ""timestamp"": ""2025-09-25 01:43:00"", ""received_spf"": ""pass"", ""dkim"": ""pass"", ""dmarc"": ""pass"", ""relay_hops"": 3}",0
Delivery notification: Your package is out for delivery. Track: https://www.amazon.com/track/29877,"[""https://www.amazon.com/track/29877""]","{""from"": ""noreply@stripe.com"", ""subject"": ""Netflix notification"", ""timestamp"": ""2025-09-14 03:44:00"", ""received_spf"": ""pass"", ""dkim"": ""pass"", ""dmarc"": ""pass"", ""relay_hops"": 0}",0
Congratulations! You won a prize. Claim at http://apple-secure.ml/login/88379,"[""http://apple-secure.ml/login/88379""]","{""from"": ""security@bankofamerica-alert.tk"", ""subject"": ""URGENT: Microsoft notice"", ""timestamp"": ""2025-11-03 14:17:00"", ""received_spf"": ""softfail"", ""dkim"": ""fail"", ""dmarc"": ""fail"", ""relay_hops"": 8}",1
URGENT: Your paypal account has been suspended. Verify immediately: http://stripe-secure.ml/login/87121,"[""http://stripe-secure.ml/login/87121""]","{""from"": ""security@walmart-alert.cf"", ""subject"": ""URGENT: Paypal notice"", ""timestamp"": ""2025-03-17 09:46:00"", ""received_spf"": ""neutral"", ""dkim"": ""none"", ""dmarc"": ""none"", ""relay_hops"": 3}",1
Your amazon monthly statement is ready. View it at https://www.microsoft.net/track/96792,"[""https://www.microsoft.net/track/96792""]","{""from"": ""noreply@fedex.com"", ""subject"": ""Amazon notification"", ""timestamp"": ""2025-10-28 21:11:00"", ""received_spf"": ""pass"", ""dkim"": ""pass"", ""dmarc"": ""pass"", ""relay_hops"": 2}",0
Congratulations! You won a prize. Claim at http://walmart-secure.tk/login/11959,"[""http://walmart-secure.tk/login/11959""]","{""from"": ""security@walmart-alert.gq"", ""subject"": ""URGENT: Fedex notice"", ""timestamp"": ""2025-02-17 14:50:00"", ""received_spf"": ""softfail"", ""dkim"": ""none"", ""dmarc"": ""none"", ""relay_hops"": 6}",1
Your paypal monthly statement is ready. View it at https://www.microsoft.net/track/64476,"[""https://www.microsoft.net/track/64476""]","{""from"": ""noreply@bankofamerica.com"", ""subject"": ""Paypal notification"", ""timestamp"": ""2025-03-29 13:22:00"", ""received_spf"": ""pass"", ""dkim"": ""pass"", ""dmarc"": ""pass"", ""relay_hops"": 0}",0
Your paypal monthly statement is ready. View it at https://www.stripe.net/track/99039,"[""https://www.stripe.net/track/99039""]","{""from"": ""noreply@paypal.com"", ""subject"": ""Paypal notification"", ""timestamp"": ""2025-01-24 05:33:00"", ""received_spf"": ""pass"", ""dkim"": ""pass"", ""dmarc"": ""pass"", ""relay_hops"": 1}",0
Your netflix monthly statement is ready. View it at https://www.microsoft.in/track/92081,"[""https://www.microsoft.in/track/92081""]","{""from"": ""noreply@google.com"", ""subject"": ""Netflix notification"", ""timestamp"": ""2025-11-04 01:24:00"", ""received_spf"": ""pass"", ""dkim"": ""pass"", ""dmarc"": ""pass"", ""relay_hops"": 3}",0
Security Alert: Unusual login activity detected. Confirm your identity: http://ow.ly/37702,"[""http://ow.ly/37702""]","{""from"": ""security@paypal-alert.cf"", ""subject"": ""URGENT: Netflix notice"", ""timestamp"": ""2025-05-10 22:25:00"", ""received_spf"": ""fail"", ""dkim"": ""none"", ""dmarc"": ""fail"", ""relay_hops"": 2}",1
Your netflix monthly statement is ready. View it at https://www.google.org/track/45669,"[""https://www.google.org/track/45669""]","{""from"": ""noreply@paypal.com"", ""subject"": ""Netflix notification"", ""timestamp"": ""2025-06-03 16:27:00"", ""received_spf"": ""pass"", ""dkim"": ""pass"", ""dmarc"": ""pass"", ""relay_hops"": 2}",0
Security Alert: Unusual login activity detected. Confirm your identity: http://paypal-secure.tk/login/54934,"[""http://paypal-secure.tk/login/54934""]","{""from"": ""security@fedex-alert.cf"", ""subject"": ""URGENT: Amazon notice"", ""timestamp"": ""2025-02-03 17:41:00"", ""received_spf"": ""fail"", ""dkim"": ""fail"", ""dmarc"": ""fail"", ""relay_hops"": 3}",1
Newsletter: Latest updates from Stripe — read more at https://www.dhl.co/track/70769,"[""https://www.dhl.co/track/70769""]","{""from"": ""noreply@microsoft.com"", ""subject"": ""Stripe notification"", ""timestamp"": ""2025-02-23 21:24:00"", ""received_spf"": ""pass"", ""dkim"": ""pass"", ""dmarc"": ""pass"", ""relay_hops"": 3}",0
Payment received: Thank you for your payment to Dhl.,"[""https://www.microsoft.com/track/94784""]","{""from"": ""noreply@dhl.com"", ""subject"": ""Dhl notification"", ""timestamp"": ""2025-08-11 11:13:00"", ""received_spf"": ""pass"", ""dkim"": ""pass"", ""dmarc"": ""pass"", ""relay_hops"": 2}",0
Security Alert: Unusual login activity detected. Confirm your identity: http://apple-secure.ml/login/23223,"[""http://apple-secure.ml/login/23223""]","{""from"": ""security@stripe-alert.ml"", ""subject"": ""URGENT: Walmart notice"", ""timestamp"": ""2025-08-23 22:59:00"", ""received_spf"": ""softfail"", ""dkim"": """", ""dmarc"": ""fail"", ""relay_hops"": 6}",1
You are eligible for a tax refund. Provide your details here: http://google-secure.cf/login/93800,"[""http://google-secure.cf/login/93800""]","{""from"": ""security@amazon-alert.gq"", ""subject"": ""URGENT: Netflix notice"", ""timestamp"": ""2025-08-16 01:17:00"", ""received_spf"": ""neutral"", ""dkim"": """", ""dmarc"": ""fail"", ""relay_hops"": 6}",1
Reminder: Your appointment with Google is scheduled at 01:00 PM.,"[""https://www.bankofamerica.com/track/74114""]","{""from"": ""noreply@walmart.com"", ""subject"": ""Google notification"", ""timestamp"": ""2025-05-14 22:29:00"", ""received_spf"": ""pass"", ""dkim"": ""pass"", ""dmarc"": ""pass"", ""relay_hops"": 0}",0
Your google monthly statement is ready. View it at https://www.apple.in/track/47944,"[""https://www.apple.in/track/47944""]","{""from"": ""noreply@dhl.com"", ""subject"": ""Google notification"", ""timestamp"": ""2025-12-23 01:18:00"", ""received_spf"": ""pass"", ""dkim"": ""pass"", ""dmarc"": ""pass"", ""relay_hops"": 0}",0
Congratulations! You won a prize. Claim at http://bit.ly/89565,"[""http://bit.ly/89565""]","{""from"": ""security@microsoft-alert.ml"", ""subject"": ""URGENT: Dhl notice"", ""timestamp"": ""2025-12-30 00:47:00"", ""received_spf"": ""none"", ""dkim"": """", ""dmarc"": """", ""relay_hops"": 3}",1
Newsletter: Latest updates from Google — read more at https://www.paypal.net/track/48099,"[""https://www.paypal.net/track/48099""]","{""from"": ""noreply@netflix.com"", ""subject"": ""Google notification"", ""timestamp"": ""2025-11-20 06:54:00"", ""received_spf"": ""pass"", ""dkim"": ""pass"", ""dmarc"": ""pass"", ""relay_hops"": 2}",0
Newsletter: Latest updates from Apple — read more at https://www.amazon.in/track/79298,"[""https://www.amazon.in/track/79298""]","{""from"": ""noreply@netflix.com"", ""subject"": ""Apple notification"", ""timestamp"": ""2025-04-17 21:54:00"", ""received_spf"": ""pass"", ""dkim"": ""pass"", ""dmarc"": ""pass"", ""relay_hops"": 0}",0
Your payment could not be processed. Click http://fedex-secure.ml/login/1844 to update your billing info.,"[""http://fedex-secure.ml/login/1844""]","{""from"": ""security@dhl-alert.gq"", ""subject"": ""URGENT: Walmart notice"", ""timestamp"": ""2025-01-17 23:43:00"", ""received_spf"": ""neutral"", ""dkim"": """", ""dmarc"": ""none"", ""relay_hops"": 9}",1
Payment received: Thank you for your payment to Paypal.,"[""https://www.amazon.in/track/37584""]","{""from"": ""noreply@netflix.com"", ""subject"": ""Paypal notification"", ""timestamp"": ""2025-09-28 02:08:00"", ""received_spf"": ""pass"", ""dkim"": ""pass"", ""dmarc"": ""pass"", ""relay_hops"": 1}",0
URGENT: Your netflix account has been suspended. Verify immediately: http://paypal-secure.ml/login/20215,"[""http://paypal-secure.ml/login/20215""]","{""from"": ""security@stripe-alert.cf"", ""subject"": ""URGENT: Netflix notice"", ""timestamp"": ""2025-11-30 03:08:00"", ""received_spf"": ""neutral"", ""dkim"": """", ""dmarc"": """", ""relay_hops"": 6}",1
Your payment could not be processed. Click http://amazon-secure.gq/login/11259 to update your billing info.,"[""http://amazon-secure.gq/login/11259""]","{""from"": ""security@netflix-alert.ml"", ""subject"": ""URGENT: Bankofamerica notice"", ""timestamp"": ""2025-03-21 23:06:00"", ""received_spf"": ""fail"", ""dkim"": """", ""dmarc"": ""none"", ""relay_hops"": 5}",1
Security Alert: Unusual login activity detected. Confirm your identity: http://walmart-secure.ml/login/53485,"[""http://walmart-secure.ml/login/53485""]","{""from"": ""security@amazon-alert.ml"", ""subject"": ""URGENT: Microsoft notice"", ""timestamp"": ""2025-06-19 12:08:00"", ""received_spf"": ""fail"", ""dkim"": ""none"", ""dmarc"": """", ""relay_hops"": 8}",1
Newsletter: Latest updates from Apple — read more at https://www.dhl.in/track/32352,"[""https://www.dhl.in/track/32352""]","{""from"": ""noreply@netflix.com"", ""subject"": ""Apple notification"", ""timestamp"": ""2025-07-17 07:40:00"", ""received_spf"": ""pass"", ""dkim"": ""pass"", ""dmarc"": ""pass"", ""relay_hops"": 1}",0
Payment received: Thank you for your payment to Walmart.,"[""https://www.bankofamerica.org/track/53951""]","{""from"": ""noreply@netflix.com"", ""subject"": ""Walmart notification"", ""timestamp"": ""2025-10-14 18:26:00"", ""received_spf"": ""pass"", ""dkim"": ""pass"", ""dmarc"": ""pass"", ""relay_hops"": 1}",0
Security Alert: Unusual login activity detected. Confirm your identity: http://paypal-secure.xyz/login/25459,"[""http://paypal-secure.xyz/login/25459""]","{""from"": ""security@stripe-alert.gq"", ""subject"": ""URGENT: Paypal notice"", ""timestamp"": ""2025-03-29 13:51:00"", ""received_spf"": ""none"", ""dkim"": ""none"", ""dmarc"": """", ""relay_hops"": 3}",1
Payment received: Thank you for your payment to Google.,"[""https://www.fedex.in/track/61550""]","{""from"": ""noreply@paypal.com"", ""subject"": ""Google notification"", ""timestamp"": ""2025-11-21 04:18:00"", ""received_spf"": ""pass"", ""dkim"": ""pass"", ""dmarc"": ""pass"", ""relay_hops"": 1}",0
Your payment could not be processed. Click http://netflix-secure.cf/login/45340 to update your billing info.,"[""http://netflix-secure.cf/login/45340""]","{""from"": ""security@google-alert.ga"", ""subject"": ""URGENT: Microsoft notice"", ""timestamp"": ""2025-03-17 13:36:00"", ""received_spf"": ""neutral"", ""dkim"": ""fail"", ""dmarc"": ""none"", ""relay_hops"": 9}",1
Delivery notification: Your package is out for delivery. Track: https://www.microsoft.in/track/72910,"[""https://www.microsoft.in/track/72910""]","{""from"": ""noreply@apple.com"", ""subject"": ""Bankofamerica notification"", ""timestamp"": ""2025-01-27 18:12:00"", ""received_spf"": ""pass"", ""dkim"": ""pass"", ""dmarc"": ""pass"", ""relay_hops"": 3}",0
Congratulations! You won a prize. Claim at http://bankofamerica-secure.tk/login/22569,"[""http://bankofamerica-secure.tk/login/22569""]","{""from"": ""security@bankofamerica-alert.cf"", ""subject"": ""URGENT: Stripe notice"", ""timestamp"": ""2025-02-02 21:03:00"", ""received_spf"": ""none"", ""dkim"": ""fail"", ""dmarc"": ""fail"", ""relay_hops"": 5}",1
Payment received: Thank you for your payment to Fedex.,"[""https://www.dhl.net/track/43426""]","{""from"": ""noreply@fedex.com"", ""subject"": ""Fedex notification"", ""timestamp"": ""2025-10-02 04:40:00"", ""received_spf"": ""pass"", ""dkim"": ""pass"", ""dmarc"": ""pass"", ""relay_hops"": 3}",0
Newsletter: Latest updates from Bankofamerica — read more at https://www.netflix.com/track/44422,"[""https://www.netflix.com/track/44422""]","{""from"": ""noreply@fedex.com"", ""subject"": ""Bankofamerica notification"", ""timestamp"": ""2025-04-05 17:49:00"", ""received_spf"": ""pass"", ""dkim"": ""pass"", ""dmarc"": ""pass"", ""relay_hops"": 1}",0
Newsletter: Latest updates from Amazon — read more at https://www.netflix.co/track/59035,"[""https://www.netflix.co/track/59035""]","{""from"": ""noreply@bankofamerica.com"", ""subject"": ""Amazon notification"", ""timestamp"": ""2025-02-22 16:05:00"", ""received_spf"": ""pass"", ""dkim"": ""pass"", ""dmarc"": ""pass"", ""relay_hops"": 3}",0
Reminder: Your appointment with Microsoft is scheduled at 11:00 AM.,"[""https://www.netflix.org/track/40836""]","{""from"": ""noreply@google.com"", ""subject"": ""Microsoft notification"", ""timestamp"": ""2025-01-31 16:08:00"", ""received_spf"": ""pass"", ""dkim"": ""pass"", ""dmarc"": ""pass"", ""relay_hops"": 1}",0
Newsletter: Latest updates from Amazon — read more at https://www.google.net/track/35666,"[""https://www.google.net/track/35666""]","{""from"": ""noreply@amazon.com"", ""subject"": ""Amazon notification"", ""timestamp"": ""2025-09-08 02:57:00"", ""received_spf"": ""pass"", ""dkim"": ""pass"", ""dmarc"": ""pass"", ""relay_hops"": 3}",0
Payment received: Thank you for your payment to Amazon.,"[""https://www.netflix.co/track/32325""]","{""from"": ""noreply@stripe.com"", ""subject"": ""Amazon notification"", ""timestamp"": ""2025-01-24 21:30:00"", ""received_spf"": ""pass"", ""dkim"": ""pass"", ""dmarc"": ""pass"", ""relay_hops"": 0}",0
Reminder: Your appointment with Amazon is scheduled at 12:00 PM.,"[""https://www.bankofamerica.com/track/6545""]","{""from"": ""noreply@stripe.com"", ""subject"": ""Amazon notification"", ""timestamp"": ""2025-04-22 22:58:00"", ""received_spf"": ""pass"", ""dkim"": ""pass"", ""dmarc"": ""pass"", ""relay_hops"": 2}",0
Reminder: Your appointment with Bankofamerica is scheduled at 09:00 AM.,"[""https://www.dhl.com/track/24769""]","{""from"": ""noreply@amazon.com"", ""subject"": ""Bankofamerica notification"", ""timestamp"": ""2025-08-02 13:49:00"", ""received_spf"": ""pass"", ""dkim"": ""pass"", ""dmarc"": ""pass"", ""relay_hops"": 2}",0
Delivery notification: Your package is out for delivery. Track: https://www.apple.in/track/35578,"[""https://www.apple.in/track/35578""]","{""from"": ""noreply@fedex.com"", ""subject"": ""Walmart notification"", ""timestamp"": ""2025-11-04 14:36:00"", ""received_spf"": ""pass"", ""dkim"": ""pass"", ""dmarc"": ""pass"", ""relay_hops"": 2}",0
Delivery notification: Your package is out for delivery. Track: https://www.fedex.co/track/99539,"[""https://www.fedex.co/track/99539""]","{""from"": ""noreply@bankofamerica.com"", ""subject"": ""Bankofamerica notification"", ""timestamp"": ""2025-01-14 22:42:00"", ""received_spf"": ""pass"", ""dkim"": ""pass"", ""dmarc"": ""pass"", ""relay_hops"": 2}",0
You are eligible for a tax refund. Provide your details here: http://google-secure.ml/login/61075,"[""http://google-secure.ml/login/61075""]","{""from"": ""security@netflix-alert.ml"", ""subject"": ""URGENT: Amazon notice"", ""timestamp"": ""2025-06-16 10:53:00"", ""received_spf"": ""none"", ""dkim"": ""fail"", ""dmarc"": """", ""relay_hops"": 8}",1
Reminder: Your appointment with Amazon is scheduled at 10:00 AM.,"[""https://www.netflix.com/track/94374""]","{""from"": ""noreply@amazon.com"", ""subject"": ""Amazon notification"", ""timestamp"": ""2025-05-05 09:45:00"", ""received_spf"": ""pass"", ""dkim"": ""pass"", ""dmarc"": ""pass"", ""relay_hops"": 2}",0
Your netflix monthly statement is ready. View it at https://www.paypal.in/track/75301,"[""https://www.paypal.in/track/75301""]","{""from"": ""noreply@fedex.com"", ""subject"": ""Netflix notification"", ""timestamp"": ""2025-03-15 16:40:00"", ""received_spf"": ""pass"", ""dkim"": ""pass"", ""dmarc"": ""pass"", ""relay_hops"": 2}",0
Reminder: Your appointment with Dhl is scheduled at 08:00 AM.,"[""https://www.amazon.in/track/84087""]","{""from"": ""noreply@fedex.com"", ""subject"": ""Dhl notification"", ""timestamp"": ""2025-11-07 13:42:00"", ""received_spf"": ""pass"", ""dkim"": ""pass"", ""dmarc"": ""pass"", ""relay_hops"": 2}",0
Newsletter: Latest updates from Fedex — read more at https://www.google.in/track/64543,"[""https://www.google.in/track/64543""]","{""from"": ""noreply@walmart.com"", ""subject"": ""Fedex notification"", ""timestamp"": ""2025-05-08 01:49:00"", ""received_spf"": ""pass"", ""dkim"": ""pass"", ""dmarc"": ""pass"", ""relay_hops"": 2}",0
You are eligible for a tax refund. Provide your details here: http://bit.ly/54319,"[""http://bit.ly/54319""]","{""from"": ""security@microsoft-alert.cf"", ""subject"": ""URGENT: Amazon notice"", ""timestamp"": ""2025-07-01 07:45:00"", ""received_spf"": ""neutral"", ""dkim"": ""none"", ""dmarc"": """", ""relay_hops"": 4}",1
Newsletter: Latest updates from Dhl — read more at https://www.paypal.co/track/26010,"[""https://www.paypal.co/track/26010""]","{""from"": ""noreply@fedex.com"", ""subject"": ""Dhl notification"", ""timestamp"": ""2025-11-23 23:05:00"", ""received_spf"": ""pass"", ""dkim"": ""pass"", ""dmarc"": ""pass"", ""relay_hops"": 0}",0
Congratulations! You won a prize. Claim at http://walmart-secure.xyz/login/48202,"[""http://walmart-secure.xyz/login/48202""]","{""from"": ""security@microsoft-alert.xyz"", ""subject"": ""URGENT: Walmart notice"", ""timestamp"": ""2025-04-24 02:47:00"", ""received_spf"": ""neutral"", ""dkim"": ""none"", ""dmarc"": """", ""relay_hops"": 2}",1
Delivery notification: Your package is out for delivery. Track: https://www.fedex.in/track/57112,"[""https://www.fedex.in/track/57112""]","{""from"": ""noreply@google.com"", ""subject"": ""Dhl notification"", ""timestamp"": ""2025-06-17 06:16:00"", ""received_spf"": ""pass"", ""dkim"": ""pass"", ""dmarc"": ""pass"", ""relay_hops"": 2}",0
Newsletter: Latest updates from Fedex — read more at https://www.amazon.org/track/24191,"[""https://www.amazon.org/track/24191""]","{""from"": ""noreply@dhl.com"", ""subject"": ""Fedex notification"", ""timestamp"": ""2025-03-19 17:23:00"", ""received_spf"": ""pass"", ""dkim"": ""pass"", ""dmarc"": ""pass"", ""relay_hops"": 1}",0
Your fedex monthly statement is ready. View it at https://www.walmart.net/track/13534,"[""https://www.walmart.net/track/13534""]","{""from"": ""noreply@dhl.com"", ""subject"": ""Fedex notification"", ""timestamp"": ""2025-02-20 13:47:00"", ""received_spf"": ""pass"", ""dkim"": ""pass"", ""dmarc"": ""pass"", ""relay_hops"": 3}",0
You are eligible for a tax refund. Provide your details here: http://netflix-secure.xyz/login/51131,"[""http://netflix-secure.xyz/login/51131""]","{""from"": ""security@apple-alert.gq"", ""subject"": ""URGENT: Apple notice"", ""timestamp"": ""2025-04-18 09:28:00"", ""received_spf"": ""neutral"", ""dkim"": """", ""dmarc"": """", ""relay_hops"": 7}",1
Payment received: Thank you for your payment to Stripe.,"[""https://www.amazon.com/track/79765""]","{""from"": ""noreply@fedex.com"", ""subject"": ""Stripe notification"", ""timestamp"": ""2025-06-29 06:06:00"", ""received_spf"": ""pass"", ""dkim"": ""pass"", ""dmarc"": ""pass"", ""relay_hops"": 1}",0
Congratulations! You won a prize. Claim at http://tinyurl.com/71841,"[""http://tinyurl.com/71841""]","{""from"": ""security@stripe-alert.xyz"", ""subject"": ""URGENT: Fedex notice"", ""timestamp"": ""2025-11-28 16:12:00"", ""received_spf"": ""fail"", ""dkim"": ""fail"", ""dmarc"": ""none"", ""relay_hops"": 9}",1
Reminder: Your appointment with Paypal is scheduled at 04:00 PM.,"[""https://www.google.co/track/70950""]","{""from"": ""noreply@apple.com"", ""subject"": ""Paypal notification"", ""timestamp"": ""2025-06-04 18:55:00"", ""received_spf"": ""pass"", ""dkim"": ""pass"", ""dmarc"": ""pass"", ""relay_hops"": 1}",0
Congratulations! You won a prize. Claim at http://amazon-secure.tk/login/83107,"[""http://amazon-secure.tk/login/83107""]","{""from"": ""security@apple-alert.ml"", ""subject"": ""URGENT: Stripe notice"", ""timestamp"": ""2025-11-17 16:38:00"", ""received_spf"": ""neutral"", ""dkim"": """", ""dmarc"": ""fail"", ""relay_hops"": 7}",1
Delivery notification: Your package is out for delivery. Track: https://www.paypal.com/track/49038,"[""https://www.paypal.com/track/49038""]","{""from"": ""noreply@walmart.com"", ""subject"": ""Dhl notification"", ""timestamp"": ""2025-08-02 17:00:00"", ""received_spf"": ""pass"", ""dkim"": ""pass"", ""dmarc"": ""pass"", ""relay_hops"": 3}",0
Reminder: Your appointment with Google is scheduled at 06:00 PM.,"[""https://www.bankofamerica.in/track/38001""]","{""from"": ""noreply@paypal.com"", ""subject"": ""Google notification"", ""timestamp"": ""2025-05-15 00:05:00"", ""received_spf"": ""pass"", ""dkim"": ""pass"", ""dmarc"": ""pass"", ""relay_hops"": 0}",0
Congratulations! You won a prize. Claim at http://stripe-secure.xyz/login/21424,"[""http://stripe-secure.xyz/login/21424""]","{""from"": ""security@bankofamerica-alert.ga"", ""subject"": ""URGENT: Google notice"", ""timestamp"": ""2025-02-05 05:04:00"", ""received_spf"": ""none"", ""dkim"": """", ""dmarc"": ""none"", ""relay_hops"": 6}",1
Newsletter: Latest updates from Paypal — read more at https://www.google.in/track/91176,"[""https://www.google.in/track/91176""]","{""from"": ""noreply@apple.com"", ""subject"": ""Paypal notification"", ""timestamp"": ""2025-03-02 04:07:00"", ""received_spf"": ""pass"", ""dkim"": ""pass"", ""dmarc"": ""pass"", ""relay_hops"": 3}",0
Payment received: Thank you for your payment to Fedex.,"[""https://www.stripe.org/track/35311""]","{""from"": ""noreply@walmart.com"", ""subject"": ""Fedex notification"", ""timestamp"": ""2025-06-20 11:47:00"", ""received_spf"": ""pass"", ""dkim"": ""pass"", ""dmarc"": ""pass"", ""relay_hops"": 1}",0
Payment received: Thank you for your payment to Walmart.,"[""https://www.stripe.in/track/16644""]","{""from"": ""noreply@fedex.com"", ""subject"": ""Walmart notification"", ""timestamp"": ""2025-12-25 04:40:00"", ""received_spf"": ""pass"", ""dkim"": ""pass"", ""dmarc"": ""pass"", ""relay_hops"": 1}",0
Delivery notification: Your package is out for delivery. Track: https://www.google.org/track/38194,"[""https://www.google.org/track/38194""]","{""from"": ""noreply@microsoft.com"", ""subject"": ""Walmart notification"", ""timestamp"": ""2025-05-13 07:30:00"", ""received_spf"": ""pass"", ""dkim"": ""pass"", ""dmarc"": ""pass"", ""relay_hops"": 0}",0
Reminder: Your appointment with Dhl is scheduled at 03:00 PM.,"[""https://www.walmart.co/track/84885""]","{""from"": ""noreply@apple.com"", ""subject"": ""Dhl notification"", ""timestamp"": ""2025-06-07 15:29:00"", ""received_spf"": ""pass"", ""dkim"": ""pass"", ""dmarc"": ""pass"", ""relay_hops"": 1}",0
Your google monthly statement is ready. View it at https://www.dhl.in/track/69807,"[""https://www.dhl.in/track/69807""]","{""from"": ""noreply@amazon.com"", ""subject"": ""Google notification"", ""timestamp"": ""2025-06-02 01:37:00"", ""received_spf"": ""pass"", ""dkim"": ""pass"", ""dmarc"": ""pass"", ""relay_hops"": 1}",0
Delivery notification: Your package is out for delivery. Track: https://www.apple.net/track/38995,"[""https://www.apple.net/track/38995""]","{""from"": ""noreply@paypal.com"", ""subject"": ""Apple notification"", ""timestamp"": ""2025-06-23 17:01:00"", ""received_spf"": ""pass"", ""dkim"": ""pass"", ""dmarc"": ""pass"", ""relay_hops"": 1}",0
Reminder: Your appointment with Amazon is scheduled at 03:00 PM.,"[""https://www.netflix.net/track/3733""]","{""from"": ""noreply@bankofamerica.com"", ""subject"": ""Amazon notification"", ""timestamp"": ""2025-04-15 01:00:00"", ""received_spf"": ""pass"", ""dkim"": ""pass"", ""dmarc"": ""pass"", ""relay_hops"": 2}",0
Delivery notification: Your package is out for delivery. Track: https://www.netflix.org/track/10849,"[""https://www.netflix.org/track/10849""]","{""from"": ""noreply@netflix.com"", ""subject"": ""Amazon notification"", ""timestamp"": ""2025-03-11 20:14:00"", ""received_spf"": ""pass"", ""dkim"": ""pass"", ""dmarc"": ""pass"", ""relay_hops"": 1}",0
URGENT: Your netflix account has been suspended. Verify immediately: http://google-secure.cf/login/76817,"[""http://google-secure.cf/login/76817""]","{""from"": ""security@walmart-alert.gq"", ""subject"": ""URGENT: Netflix notice"", ""timestamp"": ""2025-11-11 16:19:00"", ""received_spf"": ""none"", ""dkim"": """", ""dmarc"": """", ""relay_hops"": 7}",1
Reminder: Your appointment with Bankofamerica is scheduled at 08:00 AM.,"[""https://www.walmart.net/track/59009""]","{""from"": ""noreply@amazon.com"", ""subject"": ""Bankofamerica notification"", ""timestamp"": ""2025-08-09 07:01:00"", ""received_spf"": ""pass"", ""dkim"": ""pass"", ""dmarc"": ""pass"", ""relay_hops"": 1}",0
Reminder: Your appointment with Fedex is scheduled at 12:00 PM.,"[""https://www.google.com/track/25881""]","{""from"": ""noreply@stripe.com"", ""subject"": ""Fedex notification"", ""timestamp"": ""2025-05-10 10:10:00"", ""received_spf"": ""pass"", ""dkim"": ""pass"", ""dmarc"": ""pass"", ""relay_hops"": 3}",0
Your payment could not be processed. Click http://microsoft-secure.ga/login/5847 to update your billing info.,"[""http://microsoft-secure.ga/login/5847""]","{""from"": ""security@google-alert.gq"", ""subject"": ""URGENT: Paypal notice"", ""timestamp"": ""2025-11-17 06:44:00"", ""received_spf"": ""none"", ""dkim"": ""fail"", ""dmarc"": """", ""relay_hops"": 2}",1
Newsletter: Latest updates from Fedex — read more at https://www.stripe.in/track/21360,"[""https://www.stripe.in/track/21360""]","{""from"": ""noreply@stripe.com"", ""subject"": ""Fedex notification"", ""timestamp"": ""2025-06-22 08:45:00"", ""received_spf"": ""pass"", ""dkim"": ""pass"", ""dmarc"": ""pass"", ""relay_hops"": 2}",0
Reminder: Your appointment with Netflix is scheduled at 08:00 AM.,"[""https://www.paypal.org/track/29648""]","{""from"": ""noreply@amazon.com"", ""subject"": ""Netflix notification"", ""timestamp"": ""2025-03-09 12:06:00"", ""received_spf"": ""pass"", ""dkim"": ""pass"", ""dmarc"": ""pass"", ""relay_hops"": 3}",0
Reminder: Your appointment with Stripe is scheduled at 05:00 PM.,"[""https://www.bankofamerica.org/track/86384""]","{""from"": ""noreply@paypal.com"", ""subject"": ""Stripe notification"", ""timestamp"": ""2025-03-10 11:08:00"", ""received_spf"": ""pass"", ""dkim"": ""pass"", ""dmarc"": ""pass"", ""relay_hops"": 3}",0
Newsletter: Latest updates from Microsoft — read more at https://www.google.co/track/85690,"[""https://www.google.co/track/85690""]","{""from"": ""noreply@microsoft.com"", ""subject"": ""Microsoft notification"", ""timestamp"": ""2025-04-08 21:13:00"", ""received_spf"": ""pass"", ""dkim"": ""pass"", ""dmarc"": ""pass"", ""relay_hops"": 0}",0
Newsletter: Latest updates from Dhl — read more at https://www.fedex.in/track/38525,"[""https://www.fedex.in/track/38525""]","{""from"": ""noreply@walmart.com"", ""subject"": ""Dhl notification"", ""timestamp"": ""2025-01-16 17:07:00"", ""received_spf"": ""pass"", ""dkim"": ""pass"", ""dmarc"": ""pass"", ""relay_hops"": 0}",0
Reminder: Your appointment with Dhl is scheduled at 10:00 AM.,"[""https://www.bankofamerica.org/track/16518""]","{""from"": ""noreply@dhl.com"", ""subject"": ""Dhl notification"", ""timestamp"": ""2025-05-24 03:53:00"", ""received_spf"": ""pass"", ""dkim"": ""pass"", ""dmarc"": ""pass"", ""relay_hops"": 1}",0
Delivery notification: Your package is out for delivery. Track: https://www.bankofamerica.com/track/44789,"[""https://www.bankofamerica.com/track/44789""]","{""from"": ""noreply@walmart.com"", ""subject"": ""Stripe notification"", ""timestamp"": ""2025-10-26 16:23:00"", ""received_spf"": ""pass"", ""dkim"": ""pass"", ""dmarc"": ""pass"", ""relay_hops"": 1}",0
Newsletter: Latest updates from Google — read more at https://www.dhl.co/track/58089,"[""https://www.dhl.co/track/58089""]","{""from"": ""noreply@stripe.com"", ""subject"": ""Google notification"", ""timestamp"": ""2025-02-26 06:54:00"", ""received_spf"": ""pass"", ""dkim"": ""pass"", ""dmarc"": ""pass"", ""relay_hops"": 1}",0
Newsletter: Latest updates from Amazon — read more at https://www.amazon.net/track/10555,"[""https://www.amazon.net/track/10555""]","{""from"": ""noreply@apple.com"", ""subject"": ""Amazon notification"", ""timestamp"": ""2025-05-28 18:57:00"", ""received_spf"": ""pass"", ""dkim"": ""pass"", ""dmarc"": ""pass"", ""relay_hops"": 1}",0
Delivery notification: Your package is out for delivery. Track: https://www.microsoft.co/track/48020,"[""https://www.microsoft.co/track/48020""]","{""from"": ""noreply@amazon.com"", ""subject"": ""Walmart notification"", ""timestamp"": ""2025-12-03 03:49:00"", ""received_spf"": ""pass"", ""dkim"": ""pass"", ""dmarc"": ""pass"", ""relay_hops"": 0}",0
Delivery notification: Your package is out for delivery. Track: https://www.amazon.net/track/70278,"[""https://www.amazon.net/track/70278""]","{""from"": ""noreply@walmart.com"", ""subject"": ""Fedex notification"", ""timestamp"": ""2025-04-06 08:23:00"", ""received_spf"": ""pass"", ""dkim"": ""pass"", ""dmarc"": ""pass"", ""relay_hops"": 2}",0
Newsletter: Latest updates from Stripe — read more at https://www.apple.in/track/76206,"[""https://www.apple.in/track/76206""]","{""from"": ""noreply@apple.com"", ""subject"": ""Stripe notification"", ""timestamp"": ""2025-11-14 04:13:00"", ""received_spf"": ""pass"", ""dkim"": ""pass"", ""dmarc"": ""pass"", ""relay_hops"": 3}",0
Newsletter: Latest updates from Microsoft — read more at https://www.netflix.co/track/43573,"[""https://www.netflix.co/track/43573""]","{""from"": ""noreply@paypal.com"", ""subject"": ""Microsoft notification"", ""timestamp"": ""2025-10-03 10:44:00"", ""received_spf"": ""pass"", ""dkim"": ""pass"", ""dmarc"": ""pass"", ""relay_hops"": 0}",0
Delivery notification: Your package is out for delivery. Track: https://www.apple.org/track/70315,"[""https://www.apple.org/track/70315""]","{""from"": ""noreply@fedex.com"", ""subject"": ""Google notification"", ""timestamp"": ""2025-03-26 21:41:00"", ""received_spf"": ""pass"", ""dkim"": ""pass"", ""dmarc"": ""pass"", ""relay_hops"": 0}",0
Your payment could not be processed. Click http://google-secure.cf/login/79668 to update your billing info.,"[""http://google-secure.cf/login/79668""]","{""from"": ""security@apple-alert.tk"", ""subject"": ""URGENT: Microsoft notice"", ""timestamp"": ""2025-12-10 11:44:00"", ""received_spf"": ""none"", ""dkim"": ""none"", ""dmarc"": ""fail"", ""relay_hops"": 5}",1
Security Alert: Unusual login activity detected. Confirm your identity: http://paypal-secure.ml/login/78176,"[""http://paypal-secure.ml/login/78176""]","{""from"": ""security@microsoft-alert.ml"", ""subject"": ""URGENT: Stripe notice"", ""timestamp"": ""2025-03-05 00:27:00"", ""received_spf"": ""fail"", ""dkim"": ""fail"", ""dmarc"": ""fail"", ""relay_hops"": 5}",1
Your payment could not be processed. Click http://bankofamerica-secure.ml/login/41916 to update your billing info.,"[""http://bankofamerica-secure.ml/login/41916""]","{""from"": ""security@fedex-alert.cf"", ""subject"": ""URGENT: Paypal notice"", ""timestamp"": ""2025-07-29 11:47:00"", ""received_spf"": ""fail"", ""dkim"": ""fail"", ""dmarc"": """", ""relay_hops"": 4}",1
Payment received: Thank you for your payment to Microsoft.,"[""https://www.netflix.co/track/15704""]","{""from"": ""noreply@netflix.com"", ""subject"": ""Microsoft notification"", ""timestamp"": ""2025-04-22 18:52:00"", ""received_spf"": ""pass"", ""dkim"": ""pass"", ""dmarc"": ""pass"", ""relay_hops"": 2}",0
Payment received: Thank you for your payment to Google.,"[""https://www.apple.in/track/89817""]","{""from"": ""noreply@bankofamerica.com"", ""subject"": ""Google notification"", ""timestamp"": ""2025-06-04 20:06:00"", ""received_spf"": ""pass"", ""dkim"": ""pass"", ""dmarc"": ""pass"", ""relay_hops"": 1}",0
Your payment could not be processed. Click http://microsoft-secure.tk/login/86918 to update your billing info.,"[""http://microsoft-secure.tk/login/86918""]","{""from"": ""security@bankofamerica-alert.gq"", ""subject"": ""URGENT: Stripe notice"", ""timestamp"": ""2025-10-31 22:02:00"", ""received_spf"": ""softfail"", ""dkim"": ""none"", ""dmarc"": """", ""relay_hops"": 8}",1
Newsletter: Latest updates from Dhl — read more at https://www.netflix.co/track/94844,"[""https://www.netflix.co/track/94844""]","{""from"": ""noreply@fedex.com"", ""subject"": ""Dhl notification"", ""timestamp"": ""2025-08-20 18:35:00"", ""received_spf"": ""pass"", ""dkim"": ""pass"", ""dmarc"": ""pass"", ""relay_hops"": 2}",0
Your stripe monthly statement is ready. View it at https://www.bankofamerica.co/track/19527,"[""https://www.bankofamerica.co/track/19527""]","{""from"": ""noreply@apple.com"", ""subject"": ""Stripe notification"", ""timestamp"": ""2025-11-24 01:15:00"", ""received_spf"": ""pass"", ""dkim"": ""pass"", ""dmarc"": ""pass"", ""relay_hops"": 0}",0
Newsletter: Latest updates from Paypal — read more at https://www.netflix.net/track/30693,"[""https://www.netflix.net/track/30693""]","{""from"": ""noreply@walmart.com"", ""subject"": ""Paypal notification"", ""timestamp"": ""2025-08-26 05:42:00"", ""received_spf"": ""pass"", ""dkim"": ""pass"", ""dmarc"": ""pass"", ""relay_hops"": 2}",0
Newsletter: Latest updates from Google — read more at https://www.amazon.co/track/8043,"[""https://www.amazon.co/track/8043""]","{""from"": ""noreply@walmart.com"", ""subject"": ""Google notification"", ""timestamp"": ""2025-04-04 10:14:00"", ""received_spf"": ""pass"", ""dkim"": ""pass"", ""dmarc"": ""pass"", ""relay_hops"": 3}",0
Your walmart monthly statement is ready. View it at https://www.dhl.net/track/38822,"[""https://www.dhl.net/track/38822""]","{""from"": ""noreply@bankofamerica.com"", ""subject"": ""Walmart notification"", ""timestamp"": ""2025-04-02 18:18:00"", ""received_spf"": ""pass"", ""dkim"": ""pass"", ""dmarc"": ""pass"", ""relay_hops"": 1}",0
URGENT: Your walmart account has been suspended. Verify immediately: http://netflix-secure.gq/login/2753,"[""http://netflix-secure.gq/login/2753""]","{""from"": ""security@fedex-alert.xyz"", ""subject"": ""URGENT: Walmart notice"", ""timestamp"": ""2025-02-05 14:56:00"", ""received_spf"": ""neutral"", ""dkim"": ""none"", ""dmarc"": """", ""relay_hops"": 9}",1
Your amazon monthly statement is ready. View it at https://www.walmart.com/track/57842,"[""https://www.walmart.com/track/57842""]","{""from"": ""noreply@paypal.com"", ""subject"": ""Amazon notification"", ""timestamp"": ""2025-03-21 00:38:00"", ""received_spf"": ""pass"", ""dkim"": ""pass"", ""dmarc"": ""pass"", ""relay_hops"": 3}",0
Your dhl monthly statement is ready. View it at https://www.apple.in/track/6805,"[""https://www.apple.in/track/6805""]","{""from"": ""noreply@google.com"", ""subject"": ""Dhl notification"", ""timestamp"": ""2025-01-25 13:04:00"", ""received_spf"": ""pass"", ""dkim"": ""pass"", ""dmarc"": ""pass"", ""relay_hops"": 3}",0
Delivery notification: Your package is out for delivery. Track: https://www.walmart.net/track/50928,"[""https://www.walmart.net/track/50928""]","{""from"": ""noreply@google.com"", ""subject"": ""Paypal notification"", ""timestamp"": ""2025-04-05 10:58:00"", ""received_spf"": ""pass"", ""dkim"": ""pass"", ""dmarc"": ""pass"", ""relay_hops"": 2}",0
Your stripe monthly statement is ready. View it at https://www.netflix.net/track/12653,"[""https://www.netflix.net/track/12653""]","{""from"": ""noreply@dhl.com"", ""subject"": ""Stripe notification"", ""timestamp"": ""2025-04-16 13:57:00"", ""received_spf"": ""pass"", ""dkim"": ""pass"", ""dmarc"": ""pass"", ""relay_hops"": 3}",0
Security Alert: Unusual login activity detected. Confirm your identity: http://fedex-secure.ga/login/73893,"[""http://fedex-secure.ga/login/73893""]","{""from"": ""security@apple-alert.ga"", ""subject"": ""URGENT: Google notice"", ""timestamp"": ""2025-04-26 22:44:00"", ""received_spf"": ""softfail"", ""dkim"": """", ""dmarc"": ""none"", ""relay_hops"": 5}",1
Reminder: Your appointment with Netflix is scheduled at 06:00 PM.,"[""https://www.google.org/track/11442""]","{""from"": ""noreply@paypal.com"", ""subject"": ""Netflix notification"", ""timestamp"": ""2025-01-25 04:06:00"", ""received_spf"": ""pass"", ""dkim"": ""pass"", ""dmarc"": ""pass"", ""relay_hops"": 1}",0
Reminder: Your appointment with Fedex is scheduled at 05:00 PM.,"[""https://www.netflix.com/track/71614""]","{""from"": ""noreply@dhl.com"", ""subject"": ""Fedex notification"", ""timestamp"": ""2025-01-23 08:23:00"", ""received_spf"": ""pass"", ""dkim"": ""pass"", ""dmarc"": ""pass"", ""relay_hops"": 3}",0
Congratulations! You won a prize. Claim at http://tinyurl.com/48088,"[""http://tinyurl.com/48088""]","{""from"": ""security@netflix-alert.cf"", ""subject"": ""URGENT: Bankofamerica notice"", ""timestamp"": ""2025-10-08 20:06:00"", ""received_spf"": ""neutral"", ""dkim"": ""none"", ""dmarc"": ""none"", ""relay_hops"": 10}",1
Your fedex monthly statement is ready. View it at https://www.fedex.org/track/6724,"[""https://www.fedex.org/track/6724""]","{""from"": ""noreply@fedex.com"", ""subject"": ""Fedex notification"", ""timestamp"": ""2025-07-08 10:24:00"", ""received_spf"": ""pass"", ""dkim"": ""pass"", ""dmarc"": ""pass"", ""relay_hops"": 2}",0
Your netflix monthly statement is ready. View it at https://www.fedex.org/track/82156,"[""https://www.fedex.org/track/82156""]","{""from"": ""noreply@stripe.com"", ""subject"": ""Netflix notification"", ""timestamp"": ""2025-05-27 20:39:00"", ""received_spf"": ""pass"", ""dkim"": ""pass"", ""dmarc"": ""pass"", ""relay_hops"": 0}",0
Congratulations! You won a prize. Claim at http://dhl-secure.gq/login/31520,"[""http://dhl-secure.gq/login/31520""]","{""from"": ""security@amazon-alert.ga"", ""subject"": ""URGENT: Stripe notice"", ""timestamp"": ""2025-09-08 04:26:00"", ""received_spf"": ""fail"", ""dkim"": ""none"", ""dmarc"": ""none"", ""relay_hops"": 9}",1
Congratulations! You won a prize. Claim at http://netflix-secure.gq/login/55767,"[""http://netflix-secure.gq/login/55767""]","{""from"": ""security@fedex-alert.xyz"", ""subject"": ""URGENT: Paypal notice"", ""timestamp"": ""2025-08-16 08:49:00"", ""received_spf"": ""none"", ""dkim"": ""none"", ""dmarc"": ""none"", ""relay_hops"": 2}",1
Delivery notification: Your package is out for delivery. Track: https://www.dhl.net/track/12750,"[""https://www.dhl.net/track/12750""]","{""from"": ""noreply@netflix.com"", ""subject"": ""Apple notification"", ""timestamp"": ""2025-10-16 09:14:00"", ""received_spf"": ""pass"", ""dkim"": ""pass"", ""dmarc"": ""pass"", ""relay_hops"": 2}",0
Delivery notification: Your package is out for delivery. Track: https://www.walmart.in/track/79617,"[""https://www.walmart.in/track/79617""]","{""from"": ""noreply@amazon.com"", ""subject"": ""Microsoft notification"", ""timestamp"": ""2025-09-14 21:36:00"", ""received_spf"": ""pass"", ""dkim"": ""pass"", ""dmarc"": ""pass"", ""relay_hops"": 2}",0
Delivery notification: Your package is out for delivery. Track: https://www.fedex.org/track/17741,"[""https://www.fedex.org/track/17741""]","{""from"": ""noreply@walmart.com"", ""subject"": ""Google notification"", ""timestamp"": ""2025-06-30 18:41:00"", ""received_spf"": ""pass"", ""dkim"": ""pass"", ""dmarc"": ""pass"", ""relay_hops"": 0}",0
Your walmart monthly statement is ready. View it at https://www.dhl.in/track/99924,"[""https://www.dhl.in/track/99924""]","{""from"": ""noreply@apple.com"", ""subject"": ""Walmart notification"", ""timestamp"": ""2025-07-08 12:39:00"", ""received_spf"": ""pass"", ""dkim"": ""pass"", ""dmarc"": ""pass"", ""relay_hops"": 1}",0
URGENT: Your bankofamerica account has been suspended. Verify immediately: http://t.co/12083,"[""http://t.co/12083""]","{""from"": ""security@bankofamerica-alert.tk"", ""subject"": ""URGENT: Bankofamerica notice"", ""timestamp"": ""2025-03-19 12:18:00"", ""received_spf"": ""neutral"", ""dkim"": ""none"", ""dmarc"": ""fail"", ""relay_hops"": 5}",1
Newsletter: Latest updates from Bankofamerica — read more at https://www.fedex.com/track/45539,"[""https://www.fedex.com/track/45539""]","{""from"": ""noreply@dhl.com"", ""subject"": ""Bankofamerica notification"", ""timestamp"": ""2025-02-01 03:40:00"", ""received_spf"": ""pass"", ""dkim"": ""pass"", ""dmarc"": ""pass"", ""relay_hops"": 3}",0
Payment received: Thank you for your payment to Stripe.,"[""https://www.google.net/track/62666""]","{""from"": ""noreply@bankofamerica.com"", ""subject"": ""Stripe notification"", ""timestamp"": ""2025-05-27 22:47:00"", ""received_spf"": ""pass"", ""dkim"": ""pass"", ""dmarc"": ""pass"", ""relay_hops"": 1}",0
Reminder: Your appointment with Apple is scheduled at 08:00 AM.,"[""https://www.dhl.net/track/14517""]","{""from"": ""noreply@google.com"", ""subject"": ""Apple notification"", ""timestamp"": ""2025-09-26 09:42:00"", ""received_spf"": ""pass"", ""dkim"": ""pass"", ""dmarc"": ""pass"", ""relay_hops"": 0}",0
Delivery notification: Your package is out for delivery. Track: https://www.dhl.co/track/23848,"[""https://www.dhl.co/track/23848""]","{""from"": ""noreply@stripe.com"", ""subject"": ""Walmart notification"", ""timestamp"": ""2025-04-09 08:29:00"", ""received_spf"": ""pass"", ""dkim"": ""pass"", ""dmarc"": ""pass"", ""relay_hops"": 1}",0
Payment received: Thank you for your payment to Paypal.,"[""https://www.walmart.in/track/65334""]","{""from"": ""noreply@walmart.com"", ""subject"": ""Paypal notification"", ""timestamp"": ""2025-02-03 10:33:00"", ""received_spf"": ""pass"", ""dkim"": ""pass"", ""dmarc"": ""pass"", ""relay_hops"": 2}",0
Delivery notification: Your package is out for delivery. Track: https://www.stripe.in/track/69223,"[""https://www.stripe.in/track/69223""]","{""from"": ""noreply@paypal.com"", ""subject"": ""Fedex notification"", ""timestamp"": ""2025-02-15 13:41:00"", ""received_spf"": ""pass"", ""dkim"": ""pass"", ""dmarc"": ""pass"", ""relay_hops"": 3}",0
Reminder: Your appointment with Stripe is scheduled at 10:00 AM.,"[""https://www.fedex.net/track/39669""]","{""from"": ""noreply@stripe.com"", ""subject"": ""Stripe notification"", ""timestamp"": ""2025-07-17 06:18:00"", ""received_spf"": ""pass"", ""dkim"": ""pass"", ""dmarc"": ""pass"", ""relay_hops"": 3}",0
Your payment could not be processed. Click http://ow.ly/28117 to update your billing info.,"[""http://ow.ly/28117""]","{""from"": ""security@stripe-alert.tk"", ""subject"": ""URGENT: Stripe notice"", ""timestamp"": ""2025-01-19 05:58:00"", ""received_spf"": ""softfail"", ""dkim"": """", ""dmarc"": ""none"", ""relay_hops"": 10}",1
Reminder: Your appointment with Bankofamerica is scheduled at 03:00 PM.,"[""https://www.paypal.co/track/95996""]","{""from"": ""noreply@amazon.com"", ""subject"": ""Bankofamerica notification"", ""timestamp"": ""2025-08-16 23:54:00"", ""received_spf"": ""pass"", ""dkim"": ""pass"", ""dmarc"": ""pass"", ""relay_hops"": 1}",0
Reminder: Your appointment with Stripe is scheduled at 10:00 AM.,"[""https://www.amazon.com/track/61379""]","{""from"": ""noreply@amazon.com"", ""subject"": ""Stripe notification"", ""timestamp"": ""2025-04-09 09:27:00"", ""received_spf"": ""pass"", ""dkim"": ""pass"", ""dmarc"": ""pass"", ""relay_hops"": 2}",0
URGENT: Your stripe account has been suspended. Verify immediately: http://amazon-secure.ml/login/26792,"[""http://amazon-secure.ml/login/26792""]","{""from"": ""security@paypal-alert.cf"", ""subject"": ""URGENT: Stripe notice"", ""timestamp"": ""2025-03-20 19:28:00"", ""received_spf"": ""neutral"", ""dkim"": ""none"", ""dmarc"": ""none"", ""relay_hops"": 10}",1
Congratulations! You won a prize. Claim at http://goo.gl/59799,"[""http://goo.gl/59799""]","{""from"": ""security@fedex-alert.xyz"", ""subject"": ""URGENT: Paypal notice"", ""timestamp"": ""2025-02-05 23:53:00"", ""received_spf"": ""none"", ""dkim"": ""fail"", ""dmarc"": """", ""relay_hops"": 3}",1
Your stripe monthly statement is ready. View it at https://www.fedex.co/track/29337,"[""https://www.fedex.co/track/29337""]","{""from"": ""noreply@google.com"", ""subject"": ""Stripe notification"", ""timestamp"": ""2025-07-26 15:09:00"", ""received_spf"": ""pass"", ""dkim"": ""pass"", ""dmarc"": ""pass"", ""relay_hops"": 2}",0
Congratulations! You won a prize. Claim at http://bankofamerica-secure.gq/login/32095,"[""http://bankofamerica-secure.gq/login/32095""]","{""from"": ""security@dhl-alert.cf"", ""subject"": ""URGENT: Walmart notice"", ""timestamp"": ""2025-05-17 02:10:00"", ""received_spf"": ""none"", ""dkim"": ""none"", ""dmarc"": ""none"", ""relay_hops"": 9}",1
Newsletter: Latest updates from Apple — read more at https://www.google.org/track/78861,"[""https://www.google.org/track/78861""]","{""from"": ""noreply@amazon.com"", ""subject"": ""Apple notification"", ""timestamp"": ""2025-09-19 22:04:00"", ""received_spf"": ""pass"", ""dkim"": ""pass"", ""dmarc"": ""pass"", ""relay_hops"": 2}",0
Payment received: Thank you for your payment to Netflix.,"[""https://www.apple.org/track/68239""]","{""from"": ""noreply@walmart.com"", ""subject"": ""Netflix notification"", ""timestamp"": ""2025-08-24 01:00:00"", ""received_spf"": ""pass"", ""dkim"": ""pass"", ""dmarc"": ""pass"", ""relay_hops"": 1}",0
Reminder: Your appointment with Walmart is scheduled at 11:00 AM.,"[""https://www.stripe.org/track/12149""]","{""from"": ""noreply@microsoft.com"", ""subject"": ""Walmart notification"", ""timestamp"": ""2025-05-06 19:25:00"", ""received_spf"": ""pass"", ""dkim"": ""pass"", ""dmarc"": ""pass"", ""relay_hops"": 1}",0
Your netflix monthly statement is ready. View it at https://www.bankofamerica.co/track/89535,"[""https://www.bankofamerica.co/track/89535""]","{""from"": ""noreply@apple.com"", ""subject"": ""Netflix notification"", ""timestamp"": ""2025-01-21 05:55:00"", ""received_spf"": ""pass"", ""dkim"": ""pass"", ""dmarc"": ""pass"", ""relay_hops"": 0}",0
Reminder: Your appointment with Fedex is scheduled at 08:00 AM.,"[""https://www.microsoft.in/track/3048""]","{""from"": ""noreply@fedex.com"", ""subject"": ""Fedex notification"", ""timestamp"": ""2025-10-20 17:20:00"", ""received_spf"": ""pass"", ""dkim"": ""pass"", ""dmarc"": ""pass"", ""relay_hops"": 3}",0
Delivery notification: Your package is out for delivery. Track: https://www.dhl.co/track/92581,"[""https://www.dhl.co/track/92581""]","{""from"": ""noreply@paypal.com"", ""subject"": ""Stripe notification"", ""timestamp"": ""2025-09-16 06:23:00"", ""received_spf"": ""pass"", ""dkim"": ""pass"", ""dmarc"": ""pass"", ""relay_hops"": 2}",0
Security Alert: Unusual login activity detected. Confirm your identity: http://dhl-secure.gq/login/95791,"[""http://dhl-secure.gq/login/95791""]","{""from"": ""security@paypal-alert.ga"", ""subject"": ""URGENT: Netflix notice"", ""timestamp"": ""2025-12-20 02:33:00"", ""received_spf"": ""fail"", ""dkim"": """", ""dmarc"": """", ""relay_hops"": 10}",1
Newsletter: Latest updates from Stripe — read more at https://www.walmart.in/track/41269,"[""https://www.walmart.in/track/41269""]","{""from"": ""noreply@walmart.com"", ""subject"": ""Stripe notification"", ""timestamp"": ""2025-08-08 12:00:00"", ""received_spf"": ""pass"", ""dkim"": ""pass"", ""dmarc"": ""pass"", ""relay_hops"": 1}",0
Delivery notification: Your package is out for delivery. Track: https://www.bankofamerica.net/track/82182,"[""https://www.bankofamerica.net/track/82182""]","{""from"": ""noreply@google.com"", ""subject"": ""Paypal notification"", ""timestamp"": ""2025-02-11 02:49:00"", ""received_spf"": ""pass"", ""dkim"": ""pass"", ""dmarc"": ""pass"", ""relay_hops"": 1}",0
Your fedex monthly statement is ready. View it at https://www.apple.org/track/99453,"[""https://www.apple.org/track/99453""]","{""from"": ""noreply@netflix.com"", ""subject"": ""Fedex notification"", ""timestamp"": ""2025-01-26 09:55:00"", ""received_spf"": ""pass"", ""dkim"": ""pass"", ""dmarc"": ""pass"", ""relay_hops"": 2}",0
Payment received: Thank you for your payment to Stripe.,"[""https://www.netflix.net/track/61612""]","{""from"": ""noreply@netflix.com"", ""subject"": ""Stripe notification"", ""timestamp"": ""2025-09-03 20:16:00"", ""received_spf"": ""pass"", ""dkim"": ""pass"", ""dmarc"": ""pass"", ""relay_hops"": 1}",0
URGENT: Your walmart account has been suspended. Verify immediately: http://fedex-secure.cf/login/87743,"[""http://fedex-secure.cf/login/87743""]","{""from"": ""security@paypal-alert.ml"", ""subject"": ""URGENT: Walmart notice"", ""timestamp"": ""2025-04-03 21:11:00"", ""received_spf"": ""fail"", ""dkim"": ""fail"", ""dmarc"": ""none"", ""relay_hops"": 7}",1
URGENT: Your netflix account has been suspended. Verify immediately: http://ow.ly/61023,"[""http://ow.ly/61023""]","{""from"": ""security@paypal-alert.cf"", ""subject"": ""URGENT: Netflix notice"", ""timestamp"": ""2025-09-07 19:35:00"", ""received_spf"": ""neutral"", ""dkim"": """", ""dmarc"": """", ""relay_hops"": 2}",1
Congratulations! You won a prize. Claim at http://apple-secure.gq/login/47983,"[""http://apple-secure.gq/login/47983""]","{""from"": ""security@microsoft-alert.xyz"", ""subject"": ""URGENT: Amazon notice"", ""timestamp"": ""2025-05-08 22:34:00"", ""received_spf"": ""none"", ""dkim"": """", ""dmarc"": """", ""relay_hops"": 9}",1
Your bankofamerica monthly statement is ready. View it at https://www.fedex.net/track/54684,"[""https://www.fedex.net/track/54684""]","{""from"": ""noreply@walmart.com"", ""subject"": ""Bankofamerica notification"", ""timestamp"": ""2025-11-14 17:34:00"", ""received_spf"": ""pass"", ""dkim"": ""pass"", ""dmarc"": ""pass"", ""relay_hops"": 3}",0
Reminder: Your appointment with Apple is scheduled at 12:00 PM.,"[""https://www.netflix.in/track/99802""]","{""from"": ""noreply@fedex.com"", ""subject"": ""Apple notification"", ""timestamp"": ""2025-02-28 06:28:00"", ""received_spf"": ""pass"", ""dkim"": ""pass"", ""dmarc"": ""pass"", ""relay_hops"": 2}",0
Payment received: Thank you for your payment to Walmart.,"[""https://www.fedex.in/track/3370""]","{""from"": ""noreply@amazon.com"", ""subject"": ""Walmart notification"", ""timestamp"": ""2025-12-07 07:51:00"", ""received_spf"": ""pass"", ""dkim"": ""pass"", ""dmarc"": ""pass"", ""relay_hops"": 1}",0
Security Alert: Unusual login activity detected. Confirm your identity: http://google-secure.tk/login/7373,"[""http://google-secure.tk/login/7373""]","{""from"": ""security@netflix-alert.ga"", ""subject"": ""URGENT: Stripe notice"", ""timestamp"": ""2025-08-04 18:42:00"", ""received_spf"": ""fail"", ""dkim"": ""none"", ""dmarc"": ""fail"", ""relay_hops"": 8}",1
Your paypal monthly statement is ready. View it at https://www.amazon.in/track/47984,"[""https://www.amazon.in/track/47984""]","{""from"": ""noreply@paypal.com"", ""subject"": ""Paypal notification"", ""timestamp"": ""2025-12-22 20:33:00"", ""received_spf"": ""pass"", ""dkim"": ""pass"", ""dmarc"": ""pass"", ""relay_hops"": 3}",0
Your dhl monthly statement is ready. View it at https://www.bankofamerica.co/track/19873,"[""https://www.bankofamerica.co/track/19873""]","{""from"": ""noreply@fedex.com"", ""subject"": ""Dhl notification"", ""timestamp"": ""2025-01-27 07:03:00"", ""received_spf"": ""pass"", ""dkim"": ""pass"", ""dmarc"": ""pass"", ""relay_hops"": 1}",0
Your fedex monthly statement is ready. View it at https://www.amazon.net/track/15908,"[""https://www.amazon.net/track/15908""]","{""from"": ""noreply@bankofamerica.com"", ""subject"": ""Fedex notification"", ""timestamp"": ""2025-10-22 08:25:00"", ""received_spf"": ""pass"", ""dkim"": ""pass"", ""dmarc"": ""pass"", ""relay_hops"": 3}",0
Payment received: Thank you for your payment to Stripe.,"[""https://www.bankofamerica.net/track/31483""]","{""from"": ""noreply@dhl.com"", ""subject"": ""Stripe notification"", ""timestamp"": ""2025-08-15 01:54:00"", ""received_spf"": ""pass"", ""dkim"": ""pass"", ""dmarc"": ""pass"", ""relay_hops"": 1}",0
Congratulations! You won a prize. Claim at http://bit.ly/38030,"[""http://bit.ly/38030""]","{""from"": ""security@fedex-alert.cf"", ""subject"": ""URGENT: Amazon notice"", ""timestamp"": ""2025-08-11 12:39:00"", ""received_spf"": ""fail"", ""dkim"": ""none"", ""dmarc"": ""none"", ""relay_hops"": 3}",1
Your payment could not be processed. Click http://dhl-secure.gq/login/40553 to update your billing info.,"[""http://dhl-secure.gq/login/40553""]","{""from"": ""security@google-alert.xyz"", ""subject"": ""URGENT: Google notice"", ""timestamp"": ""2025-12-03 14:40:00"", ""received_spf"": ""fail"", ""dkim"": ""fail"", ""dmarc"": """", ""relay_hops"": 8}",1
Reminder: Your appointment with Amazon is scheduled at 11:00 AM.,"[""https://www.stripe.in/track/98789""]","{""from"": ""noreply@paypal.com"", ""subject"": ""Amazon notification"", ""timestamp"": ""2025-11-16 21:57:00"", ""received_spf"": ""pass"", ""dkim"": ""pass"", ""dmarc"": ""pass"", ""relay_hops"": 0}",0
Newsletter: Latest updates from Apple — read more at https://www.paypal.com/track/36642,"[""https://www.paypal.com/track/36642""]","{""from"": ""noreply@microsoft.com"", ""subject"": ""Apple notification"", ""timestamp"": ""2025-09-07 13:28:00"", ""received_spf"": ""pass"", ""dkim"": ""pass"", ""dmarc"": ""pass"", ""relay_hops"": 0}",0
Delivery notification: Your package is out for delivery. Track: https://www.apple.co/track/73662,"[""https://www.apple.co/track/73662""]","{""from"": ""noreply@walmart.com"", ""subject"": ""Microsoft notification"", ""timestamp"": ""2025-08-06 23:09:00"", ""received_spf"": ""pass"", ""dkim"": ""pass"", ""dmarc"": ""pass"", ""relay_hops"": 2}",0
Reminder: Your appointment with Fedex is scheduled at 08:00 AM.,"[""https://www.microsoft.net/track/46928""]","{""from"": ""noreply@apple.com"", ""subject"": ""Fedex notification"", ""timestamp"": ""2025-01-12 08:17:00"", ""received_spf"": ""pass"", ""dkim"": ""pass"", ""dmarc"": ""pass"", ""relay_hops"": 0}",0
Newsletter: Latest updates from Microsoft — read more at https://www.dhl.org/track/80889,"[""https://www.dhl.org/track/80889""]","{""from"": ""noreply@dhl.com"", ""subject"": ""Microsoft notification"", ""timestamp"": ""2025-06-23 16:00:00"", ""received_spf"": ""pass"", ""dkim"": ""pass"", ""dmarc"": ""pass"", ""relay_hops"": 2}",0
Newsletter: Latest updates from Bankofamerica — read more at https://www.fedex.net/track/39711,"[""https://www.fedex.net/track/39711""]","{""from"": ""noreply@dhl.com"", ""subject"": ""Bankofamerica notification"", ""timestamp"": ""2025-01-04 16:59:00"", ""received_spf"": ""pass"", ""dkim"": ""pass"", ""dmarc"": ""pass"", ""relay_hops"": 0}",0
Your payment could not be processed. Click http://fedex-secure.cf/login/49332 to update your billing info.,"[""http://fedex-secure.cf/login/49332""]","{""from"": ""security@amazon-alert.ga"", ""subject"": ""URGENT: Microsoft notice"", ""timestamp"": ""2025-06-25 02:31:00"", ""received_spf"": ""softfail"", ""dkim"": ""none"", ""dmarc"": ""none"", ""relay_hops"": 7}",1
Reminder: Your appointment with Walmart is scheduled at 09:00 AM.,"[""https://www.fedex.org/track/25962""]","{""from"": ""noreply@microsoft.com"", ""subject"": ""Walmart notification"", ""timestamp"": ""2025-09-22 14:42:00"", ""received_spf"": ""pass"", ""dkim"": ""pass"", ""dmarc"": ""pass"", ""relay_hops"": 0}",0
URGENT: Your google account has been suspended. Verify immediately: http://microsoft-secure.ml/login/2309,"[""http://microsoft-secure.ml/login/2309""]","{""from"": ""security@stripe-alert.tk"", ""subject"": ""URGENT: Google notice"", ""timestamp"": ""2025-06-14 04:05:00"", ""received_spf"": ""none"", ""dkim"": """", ""dmarc"": """", ""relay_hops"": 8}",1
Delivery notification: Your package is out for delivery. Track: https://www.microsoft.org/track/52306,"[""https://www.microsoft.org/track/52306""]","{""from"": ""noreply@fedex.com"", ""subject"": ""Google notification"", ""timestamp"": ""2025-09-19 00:24:00"", ""received_spf"": ""pass"", ""dkim"": ""pass"", ""dmarc"": ""pass"", ""relay_hops"": 1}",0
Your payment could not be processed. Click http://walmart-secure.gq/login/61436 to update your billing info.,"[""http://walmart-secure.gq/login/61436""]","{""from"": ""security@dhl-alert.ml"", ""subject"": ""URGENT: Bankofamerica notice"", ""timestamp"": ""2025-02-24 15:18:00"", ""received_spf"": ""softfail"", ""dkim"": ""fail"", ""dmarc"": ""none"", ""relay_hops"": 5}",1
Payment received: Thank you for your payment to Paypal.,"[""https://www.microsoft.co/track/13022""]","{""from"": ""noreply@google.com"", ""subject"": ""Paypal notification"", ""timestamp"": ""2025-06-21 12:58:00"", ""received_spf"": ""pass"", ""dkim"": ""pass"", ""dmarc"": ""pass"", ""relay_hops"": 2}",0
Delivery notification: Your package is out for delivery. Track: https://www.paypal.com/track/75158,"[""https://www.paypal.com/track/75158""]","{""from"": ""noreply@netflix.com"", ""subject"": ""Stripe notification"", ""timestamp"": ""2025-05-23 05:32:00"", ""received_spf"": ""pass"", ""dkim"": ""pass"", ""dmarc"": ""pass"", ""relay_hops"": 2}",0
You are eligible for a tax refund. Provide your details here: http://fedex-secure.xyz/login/65882,"[""http://fedex-secure.xyz/login/65882""]","{""from"": ""security@google-alert.cf"", ""subject"": ""URGENT: Dhl notice"", ""timestamp"": ""2025-10-09 14:02:00"", ""received_spf"": ""fail"", ""dkim"": ""none"", ""dmarc"": ""none"", ""relay_hops"": 2}",1
Your microsoft monthly statement is ready. View it at https://www.stripe.net/track/84703,"[""https://www.stripe.net/track/84703""]","{""from"": ""noreply@fedex.com"", ""subject"": ""Microsoft notification"", ""timestamp"": ""2025-05-15 00:10:00"", ""received_spf"": ""pass"", ""dkim"": ""pass"", ""dmarc"": ""pass"", ""relay_hops"": 3}",0
Payment received: Thank you for your payment to Netflix.,"[""https://www.netflix.in/track/77487""]","{""from"": ""noreply@fedex.com"", ""subject"": ""Netflix notification"", ""timestamp"": ""2025-01-02 14:30:00"", ""received_spf"": ""pass"", ""dkim"": ""pass"", ""dmarc"": ""pass"", ""relay_hops"": 0}",0
Delivery notification: Your package is out for delivery. Track: https://www.amazon.co/track/18025,"[""https://www.amazon.co/track/18025""]","{""from"": ""noreply@paypal.com"", ""subject"": ""Amazon notification"", ""timestamp"": ""2025-01-18 15:39:00"", ""received_spf"": ""pass"", ""dkim"": ""pass"", ""dmarc"": ""pass"", ""relay_hops"": 0}",0
Your microsoft monthly statement is ready. View it at https://www.amazon.net/track/5452,"[""https://www.amazon.net/track/5452""]","{""from"": ""noreply@stripe.com"", ""subject"": ""Microsoft notification"", ""timestamp"": ""2025-05-03 23:22:00"", ""received_spf"": ""pass"", ""dkim"": ""pass"", ""dmarc"": ""pass"", ""relay_hops"": 2}",0
Reminder: Your appointment with Amazon is scheduled at 03:00 PM.,"[""https://www.google.co/track/87230""]","{""from"": ""noreply@bankofamerica.com"", ""subject"": ""Amazon notification"", ""timestamp"": ""2025-12-13 18:19:00"", ""received_spf"": ""pass"", ""dkim"": ""pass"", ""dmarc"": ""pass"", ""relay_hops"": 3}",0
Delivery notification: Your package is out for delivery. Track: https://www.netflix.com/track/93093,"[""https://www.netflix.com/track/93093""]","{""from"": ""noreply@microsoft.com"", ""subject"": ""Google notification"", ""timestamp"": ""2025-10-17 05:43:00"", ""received_spf"": ""pass"", ""dkim"": ""pass"", ""dmarc"": ""pass"", ""relay_hops"": 0}",0
Newsletter: Latest updates from Walmart — read more at https://www.amazon.com/track/3168,"[""https://www.amazon.com/track/3168""]","{""from"": ""noreply@microsoft.com"", ""subject"": ""Walmart notification"", ""timestamp"": ""2025-09-09 05:10:00"", ""received_spf"": ""pass"", ""dkim"": ""pass"", ""dmarc"": ""pass"", ""relay_hops"": 3}",0
Delivery notification: Your package is out for delivery. Track: https://www.fedex.com/track/1795,"[""https://www.fedex.com/track/1795""]","{""from"": ""noreply@dhl.com"", ""subject"": ""Stripe notification"", ""timestamp"": ""2025-03-04 16:56:00"", ""received_spf"": ""pass"", ""dkim"": ""pass"", ""dmarc"": ""pass"", ""relay_hops"": 2}",0
Your paypal monthly statement is ready. View it at https://www.stripe.com/track/42874,"[""https://www.stripe.com/track/42874""]","{""from"": ""noreply@walmart.com"", ""subject"": ""Paypal notification"", ""timestamp"": ""2025-10-15 04:54:00"", ""received_spf"": ""pass"", ""dkim"": ""pass"", ""dmarc"": ""pass"", ""relay_hops"": 3}",0
Reminder: Your appointment with Paypal is scheduled at 06:00 PM.,"[""https://www.fedex.org/track/76703""]","{""from"": ""noreply@walmart.com"", ""subject"": ""Paypal notification"", ""timestamp"": ""2025-07-14 05:46:00"", ""received_spf"": ""pass"", ""dkim"": ""pass"", ""dmarc"": ""pass"", ""relay_hops"": 2}",0
Your payment could not be processed. Click http://netflix-secure.gq/login/41126 to update your billing info.,"[""http://netflix-secure.gq/login/41126""]","{""from"": ""security@walmart-alert.ml"", ""subject"": ""URGENT: Bankofamerica notice"", ""timestamp"": ""2025-12-28 18:19:00"", ""received_spf"": ""softfail"", ""dkim"": ""none"", ""dmarc"": """", ""relay_hops"": 10}",1
You are eligible for a tax refund. Provide your details here: http://stripe-secure.tk/login/25652,"[""http://stripe-secure.tk/login/25652""]","{""from"": ""security@apple-alert.ml"", ""subject"": ""URGENT: Fedex notice"", ""timestamp"": ""2025-08-22 06:27:00"", ""received_spf"": ""neutral"", ""dkim"": """", ""dmarc"": ""none"", ""relay_hops"": 3}",1
Your walmart monthly statement is ready. View it at https://www.fedex.org/track/34979,"[""https://www.fedex.org/track/34979""]","{""from"": ""noreply@dhl.com"", ""subject"": ""Walmart notification"", ""timestamp"": ""2025-07-24 14:32:00"", ""received_spf"": ""pass"", ""dkim"": ""pass"", ""dmarc"": ""pass"", ""relay_hops"": 0}",0
Payment received: Thank you for your payment to Apple.,"[""https://www.walmart.com/track/89640""]","{""from"": ""noreply@apple.com"", ""subject"": ""Apple notification"", ""timestamp"": ""2025-10-23 11:31:00"", ""received_spf"": ""pass"", ""dkim"": ""pass"", ""dmarc"": ""pass"", ""relay_hops"": 2}",0
Security Alert: Unusual login activity detected. Confirm your identity: http://t.co/52479,"[""http://t.co/52479""]","{""from"": ""security@google-alert.tk"", ""subject"": ""URGENT: Amazon notice"", ""timestamp"": ""2025-04-19 23:45:00"", ""received_spf"": ""none"", ""dkim"": """", ""dmarc"": ""fail"", ""relay_hops"": 6}",1
Payment received: Thank you for your payment to Stripe.,"[""https://www.google.co/track/73079""]","{""from"": ""noreply@bankofamerica.com"", ""subject"": ""Stripe notification"", ""timestamp"": ""2025-02-20 12:59:00"", ""received_spf"": ""pass"", ""dkim"": ""pass"", ""dmarc"": ""pass"", ""relay_hops"": 1}",0
You are eligible for a tax refund. Provide your details here: http://google-secure.tk/login/57196,"[""http://google-secure.tk/login/57196""]","{""from"": ""security@google-alert.gq"", ""subject"": ""URGENT: Netflix notice"", ""timestamp"": ""2025-10-18 10:22:00"", ""received_spf"": ""neutral"", ""dkim"": ""fail"", ""dmarc"": """", ""relay_hops"": 3}",1
Security Alert: Unusual login activity detected. Confirm your identity: http://paypal-secure.tk/login/89599,"[""http://paypal-secure.tk/login/89599""]","{""from"": ""security@bankofamerica-alert.xyz"", ""subject"": ""URGENT: Amazon notice"", ""timestamp"": ""2025-12-31 19:42:00"", ""received_spf"": ""softfail"", ""dkim"": ""fail"", ""dmarc"": ""fail"", ""relay_hops"": 2}",1
Your payment could not be processed. Click http://bankofamerica-secure.gq/login/80543 to update your billing info.,"[""http://bankofamerica-secure.gq/login/80543""]","{""from"": ""security@microsoft-alert.gq"", ""subject"": ""URGENT: Bankofamerica notice"", ""timestamp"": ""2025-08-03 19:58:00"", ""received_spf"": ""fail"", ""dkim"": ""none"", ""dmarc"": ""none"", ""relay_hops"": 10}",1
Payment received: Thank you for your payment to Microsoft.,"[""https://www.stripe.in/track/38336""]","{""from"": ""noreply@amazon.com"", ""subject"": ""Microsoft notification"", ""timestamp"": ""2025-09-28 15:29:00"", ""received_spf"": ""pass"", ""dkim"": ""pass"", ""dmarc"": ""pass"", ""relay_hops"": 3}",0
Payment received: Thank you for your payment to Microsoft.,"[""https://www.microsoft.co/track/69654""]","{""from"": ""noreply@microsoft.com"", ""subject"": ""Microsoft notification"", ""timestamp"": ""2025-06-28 16:44:00"", ""received_spf"": ""pass"", ""dkim"": ""pass"", ""dmarc"": ""pass"", ""relay_hops"": 0}",0
Congratulations! You won a prize. Claim at http://google-secure.ml/login/1624,"[""http://google-secure.ml/login/1624""]","{""from"": ""security@stripe-alert.gq"", ""subject"": ""URGENT: Apple notice"", ""timestamp"": ""2025-05-18 14:41:00"", ""received_spf"": ""fail"", ""dkim"": ""none"", ""dmarc"": """", ""relay_hops"": 4}",1
Delivery notification: Your package is out for delivery. Track: https://www.paypal.co/track/57199,"[""https://www.paypal.co/track/57199""]","{""from"": ""noreply@netflix.com"", ""subject"": ""Netflix notification"", ""timestamp"": ""2025-09-09 19:13:00"", ""received_spf"": ""pass"", ""dkim"": ""pass"", ""dmarc"": ""pass"", ""relay_hops"": 1}",0
Your dhl monthly statement is ready. View it at https://www.amazon.net/track/62922,"[""https://www.amazon.net/track/62922""]","{""from"": ""noreply@netflix.com"", ""subject"": ""Dhl notification"", ""timestamp"": ""2025-06-14 19:40:00"", ""received_spf"": ""pass"", ""dkim"": ""pass"", ""dmarc"": ""pass"", ""relay_hops"": 2}",0
Newsletter: Latest updates from Dhl — read more at https://www.bankofamerica.in/track/73522,"[""https://www.bankofamerica.in/track/73522""]","{""from"": ""noreply@amazon.com"", ""subject"": ""Dhl notification"", ""timestamp"": ""2025-12-29 16:58:00"", ""received_spf"": ""pass"", ""dkim"": ""pass"", ""dmarc"": ""pass"", ""relay_hops"": 0}",0
Your bankofamerica monthly statement is ready. View it at https://www.netflix.in/track/75381,"[""https://www.netflix.in/track/75381""]","{""from"": ""noreply@amazon.com"", ""subject"": ""Bankofamerica notification"", ""timestamp"": ""2025-05-11 17:54:00"", ""received_spf"": ""pass"", ""dkim"": ""pass"", ""dmarc"": ""pass"", ""relay_hops"": 0}",0
Reminder: Your appointment with Dhl is scheduled at 11:00 AM.,"[""https://www.netflix.org/track/3292""]","{""from"": ""noreply@microsoft.com"", ""subject"": ""Dhl notification"", ""timestamp"": ""2025-07-27 04:17:00"", ""received_spf"": ""pass"", ""dkim"": ""pass"", ""dmarc"": ""pass"", ""relay_hops"": 0}",0
Reminder: Your appointment with Bankofamerica is scheduled at 04:00 PM.,"[""https://www.netflix.in/track/25232""]","{""from"": ""noreply@apple.com"", ""subject"": ""Bankofamerica notification"", ""timestamp"": ""2025-06-13 09:55:00"", ""received_spf"": ""pass"", ""dkim"": ""pass"", ""dmarc"": ""pass"", ""relay_hops"": 1}",0
Congratulations! You won a prize. Claim at http://paypal-secure.ga/login/48453,"[""http://paypal-secure.ga/login/48453""]","{""from"": ""security@stripe-alert.tk"", ""subject"": ""URGENT: Microsoft notice"", ""timestamp"": ""2025-06-09 06:15:00"", ""received_spf"": ""fail"", ""dkim"": ""none"", ""dmarc"": ""none"", ""relay_hops"": 6}",1
Security Alert: Unusual login activity detected. Confirm your identity: http://t.co/38733,"[""http://t.co/38733""]","{""from"": ""security@amazon-alert.tk"", ""subject"": ""URGENT: Amazon notice"", ""timestamp"": ""2025-12-31 23:21:00"", ""received_spf"": ""none"", ""dkim"": """", ""dmarc"": ""none"", ""relay_hops"": 2}",1
You are eligible for a tax refund. Provide your details here: http://google-secure.cf/login/99682,"[""http://google-secure.cf/login/99682""]","{""from"": ""security@microsoft-alert.cf"", ""subject"": ""URGENT: Google notice"", ""timestamp"": ""2025-06-06 22:10:00"", ""received_spf"": ""none"", ""dkim"": ""none"", ""dmarc"": ""fail"", ""relay_hops"": 4}",1
Delivery notification: Your package is out for delivery. Track: https://www.apple.co/track/88552,"[""https://www.apple.co/track/88552""]","{""from"": ""noreply@dhl.com"", ""subject"": ""Paypal notification"", ""timestamp"": ""2025-06-04 05:29:00"", ""received_spf"": ""pass"", ""dkim"": ""pass"", ""dmarc"": ""pass"", ""relay_hops"": 3}",0
Security Alert: Unusual login activity detected. Confirm your identity: http://stripe-secure.tk/login/92832,"[""http://stripe-secure.tk/login/92832""]","{""from"": ""security@paypal-alert.gq"", ""subject"": ""URGENT: Google notice"", ""timestamp"": ""2025-10-12 17:24:00"", ""received_spf"": ""none"", ""dkim"": ""none"", ""dmarc"": ""none"", ""relay_hops"": 3}",1
